"Date","LE_raw","VPD","Reco","GPP","Tair","NEE","SW_IN","P","RH","Rn_raw","G_raw","H_raw","ET_raw","Pa","WS","WVP","Tsoil","siteCode","H_qaqc","rh","es","sw_in","lw_out","vp","G_qaqc","t_avg","vpd","ws","theta_mean","wd","Rn_qaqc","sw_out","theta_1","LE_qc_flag","H_qc_flag","LE_qaqc","t_dew","lw_in","theta_2","t_min","t_max","ppt","Rn_subday_gaps","H_subday_gaps","LE_subday_gaps","G_subday_gaps","rso","flux","energy","H_corr","ebr_5day_clim","DOY_y","DOY_x","LE_corr","flux_corr","ebr","ebc_cf","ebr_corr","ET_qaqc","ET_corr","gridMET_ETr","gridMET_ETo","gridMET_prcp","ETrF","ETrF_filtered","ET_fill","ET_gap","ET_fill_val"
2019-01-01,28.7076627660417,4.92807649166667,1.48566010032823,1.43985792483535,7.75502675,0.0458021754928718,76.0559329839583,0,69.5484179166667,75.4598809104167,3.77401844791667,14.44737273225,NA,101.624489583333,3.6759823375,0.74040238125,10.3996993958333,"TFPR",14.44737273225,69.5484179166667,1.06075388917292,76.0559329839583,8397.75947916667,0.567946240006255,3.77401844791667,7.75502675,0.492807649166667,3.6759823375,47.9809979166667,136.504163958333,75.4598809104167,0.616665008333333,52.4447897916667,4.6875,4.4375,28.7076627660417,-1.24357599845615,8397.78014583333,43.5172060416667,5.062205,11.27042,0,0,0,0,0,171.007414489799,43.1550354982917,71.6858624625,18.5741519427635,0.777821392695061,1,1,36.9077824750653,55.4819344178288,0.602002040791052,1.28564219162849,0.777821392695061,0.999054123351658,1.2844261327013,1.7,1.3000001,2.1000001,0.755544783941942,0.668808307316621,1.13697412243826,"False",NA
2019-01-02,27.6732725839552,4.91109275734623,1.46526850100044,1.43985792483535,7.13490595382771,0.0254105761650857,0.137996775875,0,62.62168,93.3260930589552,-0.548575916666667,15.0228926098041,NA,101.7290375,4.847131125,0.6184198625,10.49820375,"TFPR",15.0228926098041,62.62168,0.982464653544841,0.137996775875,8396.6635,0.456226753544841,-0.548575916666667,6.713204125,0.5262379,4.847131125,47.307376875,139.4744875,93.3260930589552,0.6365444875,51.7015375,2.875,3.625,27.6732725839552,-4.13667688453083,8396.67625,42.91321625,6.233913,7.045654,0,0,0,0,0,171.464333704562,42.6961651937593,93.8746689756218,19.3600425517975,0.775974152412662,2,2,35.6626216194359,55.0226641712333,0.454820940086053,1.2887027188867,0.775974152412662,0.962103145054532,1.23986493888122,0.7,0.5,59.2,1.77123562697317,0.668808307316621,0.468165815121635,"False",NA
2019-01-03,33.784846512771,4.8844191711553,1.43663455285373,1.43985792483535,6.30003261104798,-0.00322337198162069,122.370489333333,0,64.59798,193.627499663813,0,24.9112646079638,NA,98.113665,4.86935775,0.613521383333333,8.6877745,"TFPR",24.9112646079638,64.59798,0.937013511754855,122.370489333333,8405.26116666667,0.450243661754855,0,6.00944666666667,0.48676985,4.86935775,51.9154254166667,102.804141666667,193.627499663813,0.645585083333333,57.5721875,3.16666666666667,3.25,33.784846512771,-4.33156939744522,8405.28366666667,46.2586633333333,3.510151,6.864258,0,0,0,0,0,171.957177530541,58.6961111207347,193.627499663813,32.1665436195899,0.774446421803069,3,3,43.624511085109,75.7910547046989,0.303139333114596,1.29124490971473,0.774446421803069,1.17379644904582,1.51565868987164,0.7,0.6,2.2,2.16522669981663,0.668808307316621,0.468165815121635,"False",NA
2019-01-04,40.0498766657738,6.15003251944444,1.49380358231388,1.43985792483535,8.10424294027778,0.0539456574785297,231.080344548387,0,57.584875483871,178.454205231399,-1.09203463541667,16.0755030261905,NA,100.336683870968,2.53197166129032,0.713319364516129,8.63215383870968,"TFPR",16.0755030261905,57.584875483871,1.27613752932342,231.080344548387,8387.70874193548,0.532257226097615,-1.09203463541667,10.1668841290323,0.743880303225806,2.53197166129032,47.992644516129,143.505978064516,178.454205231399,0.561520483870968,52.089134516129,4.80645161290323,5.03225806451613,40.0498766657738,-2.18882850347739,8387.74141935484,43.896154516129,2.847307,16.43554,0,0,0,0,0,172.485760001948,56.1253796919643,179.546239866815,20.7641060800975,0.774196729884697,4,4,51.7308781086411,72.4949841887386,0.312595684173599,1.29166135866905,0.774196729884697,1.39697817948934,1.80442273335021,3.1000001,2.1000001,0,0.5820718306913,0.668808307316621,2.07330581956236,"False",NA
2019-01-05,35.8763185114583,9.77557745833333,1.59058724371534,1.43985792483535,11.2795054791667,0.150729318879986,151.501023014583,0,54.526906875,150.960811125,-3.34008188541667,15.1203370041667,NA,101.572489583333,1.641305875,0.676793747916667,8.62205610416667,"TFPR",15.1203370041667,54.526906875,1.45707872162193,151.501023014583,8390.169,0.479520975788593,-3.34008188541667,11.2795054791667,0.977557745833333,1.641305875,47.2603083333333,266.511733527083,150.960811125,0.57132535,51.1659220833333,6.54166666666667,6.58333333333333,35.8763185114583,-3.77553902144028,8390.20014583333,43.3546945833333,3.208028,22.14384,0,0,0,0,0,173.049880002584,50.996655515625,154.300893010417,NA,NA,5,5,78.7112188306834,NA,0.330501363411956,NA,NA,1.25272900270591,2.74843770929385,4.1,2.7,0,NA,0.670350660803377,2.74843770929385,"True",2.74843770929385
2019-01-06,19.77351134125,7.79120958333333,1.6620251155664,1.43985792483535,13.4780901041667,0.222167190731041,107.896780366667,0.00208333333333333,72.21252,107.408845360417,6.37192123125,3.4670742375,NA,101.444697916667,3.0692101875,1.15340368541667,9.9491953125,"TFPR",3.4670742375,72.21252,1.64003057396527,107.896780366667,8382.55495833333,0.860909615631939,6.37192123125,13.4780901041667,0.779120958333333,3.0692101875,47.1095509375,299.992204166667,107.408845360417,0.51459069375,51.18294625,4.10416666666667,3.91666666666667,19.77351134125,3.84717568790338,8382.58160416667,43.036155625,5.853411,21.61556,0.1,0,0,0,0,173.649321211638,23.24058557875,101.036924129167,NA,NA,6,6,74.8864820924912,NA,0.230020715486538,NA,NA,0.691902819989304,2.62038275573152,3.9,2.6000001,0,NA,0.671893014290134,2.62038275573152,"True",2.62038275573152
2019-01-07,13.4609398145833,8.09741147916667,1.81304906717905,1.43985792483535,18.3719072916667,0.373191142343699,76.3669137958333,0,78.0684041666667,75.9677152958333,0.1238563,2.24462073333333,NA,101.38424375,2.6971917625,1.66261283333333,13.0381579166667,"TFPR",2.24462073333333,78.0684041666667,2.13242113425378,76.3669137958333,8369.453,1.32267998633711,0.123856299999999,18.3719072916667,0.809741147916667,2.6971917625,47.7608822916667,300.988086729167,75.9677152958333,0.4268734875,51.9907295833333,3.1875,2.85416666666667,13.4609398145833,10.8547373758092,8369.48079166667,43.531035,15.33377,22.41876,0,0,0,0,0,174.283852051534,15.7055605479167,75.8438589958333,NA,NA,7,7,63.2137486237684,NA,0.207077550586917,NA,NA,0.47323155803354,2.22233671366374,3.3,2.3,0,NA,0.67343536777689,2.22233671366374,"True",2.22233671366374
2019-01-08,22.32780768125,9.35182802083333,1.7623380114333,1.43985792483535,16.6377772916667,0.322480086597948,94.2400949375,0.00208333333333333,72.597854375,93.8254568426875,2.7672425,6.88625570833333,NA,101.8038,1.91688171666667,1.37640156666667,13.91881375,"TFPR",6.88625570833333,72.597854375,1.92314026561009,94.2400949375,8374.778875,0.987957463526754,2.7672425,16.6377772916667,0.935182802083333,1.91688171666667,47.5490865625,184.5430425,93.8254568426875,0.442170095833333,52.016118125,4.625,4.47916666666667,22.32780768125,5.97457244527132,8374.80620833333,43.082055,12.88006,23.5009,0.1,0,0,0,0,174.953225638739,29.2140633895833,91.0582143426875,NA,NA,8,8,53.8483084450297,NA,0.320828423887596,NA,NA,0.783648826066393,1.88993761953821,2.8,2.1000001,0,NA,0.674977721263647,1.88993761953821,"True",1.88993761953821
2019-01-09,32.9744296395833,10.4757720208333,1.60712082114048,1.43985792483535,11.5089379375,0.167262896305126,142.003724739583,0,40.24031875,141.487476220833,-2.37294229166667,11.3542159685417,NA,102.546122916667,2.48388605,0.536419445833333,12.73428375,"TFPR",11.3542159685417,40.24031875,1.37096544224212,142.003724739583,8385.72304166667,0.323388240158789,-2.37294229166667,11.5089379375,1.04757720208333,2.48388605,46.20016125,157.736496666667,141.487476220833,0.5416061125,51.2587447916667,5.77083333333333,5.77083333333333,32.9744296395833,-9.11365899845142,8385.74829166667,41.1415777083333,7.225835,14.87797,0,0,0,0,0,175.657179738415,44.328645608125,143.8604185125,NA,NA,9,9,65.8590190514746,NA,0.308136498325794,NA,NA,1.15165299070787,2.30016825415137,3.4,2.2,0,NA,0.676520074750403,2.30016825415137,"True",2.30016825415137
2019-01-10,27.0691915845833,8.83638291666667,1.5476493947314,1.43985792483535,9.71866566666667,0.10779146989604,83.4321601486875,0,47.6072345833333,82.8689853270833,0.88023480952381,9.02143370166667,NA,102.123158333333,1.51788797083333,0.54584833125,11.0525416666667,"TFPR",9.02143370166667,47.6072345833333,1.23777440929791,83.4321601486875,8391.36616666667,0.354136117631247,0.88023480952381,9.71866566666667,0.883638291666667,1.51788797083333,44.7332,216.364088541667,82.8689853270833,0.590311639583333,50.2542752083333,6.16666666666667,6.16666666666667,27.0691915845833,-8.33420576468975,8391.39333333333,39.2121247916667,4.322777,14.64733,0,0,0,0,0,176.395436723842,36.09062528625,81.9887505175595,NA,NA,10,10,44.7295553021583,NA,0.440189965799277,NA,NA,0.943796194713337,1.55954358494547,2.3,1.5,0,NA,0.678062428237159,1.55954358494547,"True",1.55954358494547
2019-01-11,34.1724464568182,7.13820485416667,1.63926302029737,1.43985792483535,12.6347009583333,0.199405095462014,90.6982886958333,0.0833333333333333,54.3222914583333,90.1981178791667,-0.59721843452381,6.62495596875,NA,101.37405,3.497242,1.025070875,11.581635,"TFPR",6.62495596875,54.3222914583333,1.51235907039253,90.6982886958333,8385.3658125,0.798538584975867,-0.59721843452381,12.6347009583333,0.713820485416667,3.497242,44.287981875,284.801864583333,90.1981178791667,0.525083658333333,50.1909541666667,3.33333333333333,3.58333333333333,34.1724464568182,0.76944369365329,8385.39064583333,38.3850095833333,6.403207,17.8024,4,0,0,0,0,177.167703541571,40.7974024255682,90.7953363136905,NA,NA,11,11,60.2569189090284,NA,0.449333678159597,NA,NA,1.19477818436696,2.10677489130462,3.1000001,2,11.2,NA,0.679604781723916,2.10677489130462,"True",2.10677489130462
2019-01-12,60.4031348556818,5.59444925,1.61842901847663,1.43985792483535,11.876833375,0.178571093641276,153.983261379792,0.0166666666666667,46.1545527083333,153.484969072917,-2.753749625,12.6635444604167,NA,101.391020833333,4.13676039583333,0.771045529166667,12.5600658333333,"TFPR",12.6635444604167,46.1545527083333,1.40681534086555,153.983261379792,8385.40770833333,0.847370415865549,-2.753749625,11.876833375,0.559444925,4.13676039583333,50.6353222916667,130.449756875,153.484969072917,0.522152822916667,55.8714383333333,3.02083333333333,3.875,60.4031348556818,2.02744503773978,8385.431375,45.39920625,5.791124,14.41207,0.8,0,0,0,0,177.973671683237,73.0666793160985,156.238718697917,NA,NA,12,12,50.6894334209338,NA,0.467660512867946,NA,NA,2.11035899956149,1.77098261966246,2.6000001,1.8000001,0,NA,0.681147135210672,1.77098261966246,"True",1.77098261966246
2019-01-13,35.8101881666667,6.4680595,1.45867828093978,1.43985792483535,6.966079,0.0188203561044262,153.67250695625,0,52.4828975,153.056307833333,-4.71262035416667,18.7521427291667,NA,102.272858333333,3.855711125,0.523369627083333,10.7084308333333,"TFPR",18.7521427291667,52.4828975,1.00912410937302,153.67250695625,8397.80729166667,0.362318159373023,-4.71262035416667,6.966079,0.64680595,3.855711125,47.1764014583333,149.035489583333,153.056307833333,0.639114354166667,51.84091875,5.10416666666667,5.08333333333333,35.8101881666667,-7.16205331391285,8397.83033333333,42.5118841666667,3.785226,10.90011,0,0,0,0,0,178.813017164993,54.5623308958333,157.7689281875,NA,NA,13,13,53.0055711541882,NA,0.34583698781923,NA,NA,1.24529448502825,1.84326161948306,2.7,1.9,0,NA,0.682689488697429,1.84326161948306,"True",1.84326161948306
2019-01-14,24.0533334816667,5.1443505,1.39736948054365,1.43985792483535,5.17570770833333,-0.0424884442917067,114.755555841667,0,58.63033125,114.08888030625,2.728060778125,28.0864541145833,NA,102.538783333333,2.438636375,0.519498060416667,9.87009966666667,"TFPR",28.0864541145833,58.63033125,0.891659783331749,114.755555841667,8402.35522916667,0.377224733331749,2.728060778125,5.17570770833333,0.51443505,2.438636375,45.9608073958333,135.749640416667,114.08888030625,0.688887122916667,50.848836875,4.29166666666667,4.29166666666667,24.0533334816667,-6.66481618099643,8402.37735416667,41.0727779166667,2.505785,9.174024,0,0,0,0,0,179.685400515534,52.13978759625,111.360819528125,NA,NA,14,14,37.4480902349566,NA,0.468205853882763,NA,NA,0.835030771758547,1.30004050014995,1.9,1.4,0,NA,0.684231842184185,1.30004050014995,"True",1.30004050014995
2019-01-15,16.3421114354167,5.93706269583333,1.51274627729989,1.43985792483535,8.579884,0.0728883524645348,53.4688310664583,0,61.845916875,52.8990152604167,0.84275153125,11.54307832125,NA,102.20215625,1.31765893541667,0.70966830625,10.3231984375,"TFPR",11.54307832125,61.845916875,1.1247411496041,53.4688310664583,8392.4078125,0.531034880020771,0.84275153125,8.579884,0.593706269583333,1.31765893541667,45.4733586458333,218.220917745833,52.8990152604167,0.590203047916667,50.537991875,4.04166666666667,4.02083333333333,16.3421114354167,-2.40982769568651,8392.42822916667,40.4087254166667,5.80667,11.12803,0,0,0,0,0,180.590466773636,27.8851897566667,52.0562637291667,NA,NA,15,15,31.5042493095226,NA,0.535674052631688,NA,NA,0.569167579399535,1.09723871307351,1.6,1.2,0,NA,0.685774195670942,1.09723871307351,"True",1.09723871307351
2019-01-16,28.6111796625,-1.0628493125,1.60424744317068,1.43985792483535,11.4150009791667,0.164389518335329,32.3133292000208,0.0125,38.5350175,31.8043776229167,0.599074895833333,2.32318000625,NA,101.864552083333,2.10862622916667,1.18162426458333,11.289775625,"TFPR",2.32318000625,38.5350175,1.36150447621578,32.3133292000208,8386.4131875,1.46778940746578,0.599074895833333,11.4150009791667,-0.10628493125,2.10862622916667,45.4158491666667,285.366410416667,31.8043776229167,0.528190825,50.6163204166667,2.41666666666667,3.6875,28.6111796625,9.59274767240911,8386.43239583333,40.2153779166667,7.805692,14.40676,0.6,0,0,0,0,181.527845496168,30.93435966875,31.2053027270833,NA,NA,16,16,43.2986213277971,NA,0.991317403304722,NA,NA,0.999174123189432,1.51209640814694,2.2,1.5,3.1000001,NA,0.687316549157698,1.51209640814694,"True",1.51209640814694
2019-01-17,35.1553871814375,8.49149727791667,1.75542191192434,1.43985792483535,16.3999679166667,0.315563987088986,137.2096910725,0.00208333333333333,54.74477625,136.799684608333,-1.44772675,21.1230072335417,NA,101.574716666667,2.32615642708333,1.169433625,13.1742354166667,"TFPR",21.1230072335417,54.74477625,1.89349655016212,137.2096910725,8376.06733333333,1.04434682237045,-1.44772675,16.3999679166667,0.849149727791667,2.32615642708333,46.8681238541667,127.555354166667,136.799684608333,0.4378232875,51.9213372916667,4.625,5.04166666666667,35.1553871814375,6.77250332466896,8376.09516666667,41.8149104166667,11.12475,22.40417,0.1,0,0,0,0,182.497150777489,56.2783944149792,138.247411358333,NA,NA,17,17,66.7471659316677,NA,0.407084616355725,NA,NA,1.23358263579565,2.34212026899115,3.4,2.4,0,NA,0.688858902644454,2.34212026899115,"True",2.34212026899115
2019-01-18,-0.687228672916667,2.86152727083333,1.68412105298139,1.43985792483535,14.0725196875,0.244263128146037,30.68312058375,0.01875,64.9442364583333,30.216020649375,-0.0627067083333334,-9.31378108083333,NA,100.92436875,2.22694290208333,1.39864036041667,12.6370366666667,"TFPR",-9.31378108083333,64.9442364583333,1.65326773148479,30.68312058375,8381.78941666667,1.36711500440146,-0.0627067083333334,14.0725196875,0.286152727083333,2.22694290208333,48.0539110416667,276.820490881542,30.216020649375,0.48754581875,52.5554260416667,4.83333333333333,5.41666666666667,-0.687228672916668,9.86659799870628,8381.80991666667,43.5523960416667,8.785791,19.5736,0.9,0,0,0,0,183.497981281133,-10.00100975375,30.2787273577083,NA,NA,18,18,51.2704013067234,NA,-0.330298220120006,NA,NA,-0.0240607683475519,1.79504333498127,2.6000001,1.8000001,5.2000003,NA,0.690401256131211,1.79504333498127,"True",1.79504333498127
2019-01-19,94.040050725,7.26098447916667,1.53305037420672,1.43985792483535,9.313143375,0.093192449371364,139.002442848542,0.03125,48.0944272916667,138.433551385417,-3.89307560833333,9.008445625,NA,101.267379166667,8.51912020833333,0.684870229166667,12.235216875,"TFPR",9.008445625,48.0944272916667,1.22293379414739,139.002442848542,8391.53010416667,0.496835346230728,-3.89307560833333,9.313143375,0.726098447916667,8.51912020833333,50.4256736458333,132.1221475,138.433551385417,0.590298295833333,55.47394125,4.45833333333333,4.33333333333333,94.040050725,-7.11962919492226,8391.55158333333,45.3774060416667,3.051568,19.63017,1.5,0,0,0,0,184.529920284655,103.04849635,142.32662699375,NA,NA,19,19,25.8094599348279,NA,0.724028233694635,NA,NA,3.27754019309791,0.899526761697719,1.3000001,0.90000004,0,NA,0.691943609617967,0.899526761697719,"True",0.899526761697719
2019-01-20,35.6043175854167,6.28652321799242,1.36837793433069,1.43985792483535,4.38517911410038,-0.0714799905046604,188.074456292683,0,41.5956880487805,169.771797177083,-5.5583746875,32.28677684375,NA,101.904679268293,2.84052677073171,0.347162234146341,9.2869486097561,"TFPR",32.28677684375,41.5956880487805,0.863320696869373,188.074456292683,8401.92958536585,0.216516162723031,-5.5583746875,4.5100712802439,0.646804534146341,2.84052677073171,46.6612234146341,192.432680731707,169.771797177083,0.718420707317073,51.2027275609756,4.8780487804878,5,35.6043175854167,-14.0031935762835,8401.95575609756,42.1197192682927,-0.3737033,10.24295,0,0,0,0,0,185.592535738485,67.8910944291667,175.330171864583,NA,NA,20,20,55.9683691452966,NA,0.387218547196785,NA,NA,1.23525243947108,1.94176069669323,2.8,1.9,0,NA,0.693485963104724,1.94176069669323,"True",1.94176069669323
2019-01-21,33.3287399208333,7.52801427083333,1.52390332183814,1.43985792483535,9.1675456375,0.0840453970027843,149.759120158333,0,56.2004560416667,149.169933020833,3.1735235,14.9158417708333,NA,101.60545,3.911464125,0.69023960625,9.367027625,"TFPR",14.9158417708333,56.2004560416667,1.24826189375655,149.759120158333,8394.54435416667,0.495460466673215,3.1735235,9.1675456375,0.752801427083333,3.911464125,45.8689173958333,324.381541666667,149.169933020833,0.6159305375,50.5533939583333,3.22916666666667,3.08333333333333,33.3287399208333,-3.89698357693286,8394.57091666667,41.1844408333333,0.6931113,17.65824,0,0,0,0,0,186.685380339605,48.2445816916667,145.996409520833,NA,NA,21,21,77.7843366397433,NA,0.330450466898518,NA,NA,1.1614321611233,2.71061043470677,3.9,2.6000001,0,NA,0.69502831659148,2.71061043470677,"True",2.71061043470677
2019-01-22,62.6952257016667,8.00256627083333,1.75279933194318,1.43985792483535,16.3549007916667,0.312941407107821,30.9186567604167,0.0479166666666667,69.5826022916667,30.48589231125,0.7518609375,-20.5780820208333,NA,100.773672916667,4.57426104166667,1.40074607708333,12.0083895833333,"TFPR",-20.5780820208333,69.5826022916667,1.90387623234676,30.9186567604167,8378.151875,1.10361960526343,0.7518609375,16.3549007916667,0.800256627083333,4.57426104166667,46.3756689583333,300.988665833333,30.48589231125,0.451225277083333,51.00916,3.85416666666667,3.58333333333333,62.6952257016667,7.55908357220485,8378.17035416667,41.7421779166667,6.206732,21.0138,2.3,0,0,0,0,187.807991620803,42.1171436808333,29.73403137375,NA,NA,22,22,33.7486581717823,NA,1.4164626098436,NA,NA,2.19984491721784,1.184170139133,1.7,1.3000001,32.9,NA,0.696570670078237,1.184170139133,"True",1.184170139133
2019-01-23,151.612086375,4.7236671876458,1.3945962644038,1.43985792483535,5.11179804053556,-0.0452616604315503,161.325399534146,0.139024390243902,52.4893480487805,159.268038163958,-0.8794896875,16.0485942916667,NA,101.421869512195,5.56432697560976,0.541598163414634,9.66425509756098,"TFPR",16.0485942916667,52.4893480487805,0.854679256512082,160.043490185417,8406.22643902439,0.368175558890508,-0.8794896875,4.2367049375,0.449970057804878,6.03300672916667,51.9872356097561,155.488916829268,159.268038163958,0.724398148780488,57.7098329268293,5.19512195121951,5.31707317073171,151.612086375,-8.91188996567198,8406.25390243902,46.2646382926829,1.279273,8.381687,5.7,0,0,0,0,188.959892056264,167.660680666667,160.147527851458,NA,NA,23,23,54.3436732764881,NA,1.04691394813273,NA,NA,5.25865086488202,1.88490516362548,2.7,1.8000001,0,NA,0.698113023564993,1.88490516362548,"True",1.88490516362548
2019-01-24,50.9428539308333,7.34831598958333,1.43770562838453,1.43985792483535,6.53598468604167,-0.00215229645082552,179.349324355556,0,46.2947042222222,172.192696614583,2.04477210416667,25.013422925,NA,101.554147777778,1.92702302222222,0.435582537777778,8.03239846666667,"TFPR",25.013422925,46.2947042222222,1.05921862181742,179.349324355556,8402.31933333333,0.289948337372974,2.04477210416667,6.92537583177778,0.769270284444444,1.92702302222222,47.9660824444444,269.297719222222,172.192696614583,0.681066586666667,52.3937622222222,5.88888888888889,5.86666666666667,50.9428539308333,-10.4530315959372,8402.35135555555,43.5384026666667,-0.795202,14.59376,0,0,0,0,0,190.14058918415,75.9562768558333,170.147924510417,NA,NA,24,24,54.324942632325,NA,0.446413184729639,NA,NA,1.77146238651387,1.88906951803972,2.7,1.9,0,NA,0.69965537705175,1.88906951803972,"True",1.88906951803972
2019-01-25,27.2064222958333,7.68730266666667,1.50455068160416,1.43985792483535,8.42819579166667,0.0646927567688075,96.263371044375,0,50.146540625,95.67337710625,2.67117558333333,7.14554938541667,NA,102.063327083333,1.68057158541667,0.54774729375,8.5023054375,"TFPR",7.14554938541667,50.146540625,1.14262274026428,96.263371044375,8397.22945833333,0.373892473597611,2.67117558333333,8.42819579166667,0.768730266666667,1.68057158541667,48.1952865625,264.45344275,95.67337710625,0.61672905625,51.77546375,5.625,5.66666666666667,27.2064222958333,-6.90291042213368,8397.25627083333,44.615109375,2.544578,14.94279,0,0,0,0,0,191.349575746822,34.35197168125,93.0022015229166,NA,NA,25,25,58.3941318603459,NA,0.369367295813802,NA,NA,0.947416029491647,2.03347341856167,2.9,2,2,NA,0.701197730538506,2.03347341856167,"True",2.03347341856167
2019-01-26,44.2518501289583,3.53365151041667,1.57443331613221,1.43985792483535,10.4989385833333,0.134575391296852,109.07050361875,0.0395833333333333,52.1822202083333,108.535241930208,-1.69378482291667,12.9265244133333,NA,101.806935416667,1.98572587708333,0.928006397916667,9.98096733333333,"TFPR",12.9265244133333,52.1822202083333,1.28773341635469,109.07050361875,8391.097375,0.934368265313025,-1.69378482291667,10.4989385833333,0.353365151041667,1.98572587708333,49.1772151041667,239.789885833333,108.535241930208,0.555232858333333,52.0667689583333,4.91666666666667,6.0625,44.2518501289583,3.81648949943784,8391.11727083333,46.28766125,6.046872,15.07636,1.9,0,0,0,0,192.586329849283,57.1783745422917,110.229026753125,NA,NA,26,26,44.3089531592721,NA,0.518723390984405,NA,NA,1.54403574567543,1.54602818485558,2.2,1.6,4.4,NA,0.702740084025262,1.54602818485558,"True",1.54602818485558
2019-01-27,64.0691304260417,4.51441315,1.53579621117266,1.43985792483535,9.31397816666667,0.0959382863373047,95.89205410625,0.00208333333333333,53.1532291666667,95.3314240979167,0.0988385416666666,11.9607406104167,NA,101.580745833333,1.87644103958333,0.659234085416667,10.606568125,"TFPR",11.9607406104167,53.1532291666667,1.19298229594918,95.89205410625,8393.28229166667,0.741540980949178,0.0988385416666666,9.31397816666667,0.451441315,1.87644103958333,52.6925819791667,200.867917708333,95.3314240979167,0.582808177083333,57.1556147916667,4.83333333333333,5.91666666666667,64.0691304260417,1.92813841230915,8393.30435416667,48.2295491666667,5.53197,16.17127,0.1,0,0,0,0,193.85031513637,76.0298710364583,95.23258555625,NA,NA,27,27,46.4771166959768,NA,0.798359832323891,NA,NA,2.23297749673353,1.61984960627764,2.3,1.8000001,0,NA,0.704282437512019,1.61984960627764,"True",1.61984960627764
2019-01-28,70.0394324416667,8.50128045833333,1.63335532290116,1.43985792483535,12.523927875,0.193497398065809,161.534253310417,0.01875,60.4444670833333,161.038061727083,-2.54995208333333,10.5781923458333,NA,100.8793375,3.71735227083333,0.911386279166667,10.8915494791667,"TFPR",10.5781923458333,60.4444670833333,1.53312174145934,161.534253310417,8387.74683333333,0.682993695626007,-2.54995208333333,12.523927875,0.850128045833333,3.71735227083333,49.1471232291667,180.768329333333,161.038061727083,0.526090666666667,53.9349283333333,5.66666666666667,5.66666666666667,70.0394324416667,0.45534060719616,8387.77658333333,44.359318125,5.425875,20.3458,0.9,0,0,0,0,195.140980989154,80.6176247875,163.588013810417,NA,NA,28,28,88.8350463346552,NA,0.492808873399052,NA,NA,2.44854375767145,3.10562908039461,4.4,3,3.6000001,NA,0.705824790998775,3.10562908039461,"True",3.10562908039461
2019-01-29,53.5878715339583,7.83302835416667,1.40335938642904,1.43985792483535,5.35442439583333,-0.0364985384063105,177.574714685417,0,30.0664872916667,176.907995583333,-3.96502501666667,25.27577106875,NA,102.035689583333,3.41619340833333,0.266871104166667,9.4237030625,"TFPR",25.27577106875,30.0664872916667,0.904188299882291,177.574714685417,8403.55575,0.120885464465624,-3.96502501666667,5.35442439583333,0.783302835416667,3.41619340833333,48.9125810416667,190.10622125,176.907995583333,0.690790583333333,53.7668175,6.54166666666667,6.64583333333333,53.5878715339583,-22.3068734567066,8403.5798125,44.0583445833333,1.207809,9.19026,0,0,0,0,0,196.457762740981,78.8636426027083,180.8730206,NA,NA,29,29,77.4154488592852,NA,0.436016617299243,NA,NA,1.86066141646676,2.68799514904502,3.8,2.5,0,NA,0.707367144485532,2.68799514904502,"True",2.68799514904502
2019-01-30,35.6267717895833,7.5969664375,1.43887870771774,1.43985792483535,6.39311233333333,-0.000979217117610019,85.91147511875,0,39.0705664583333,85.2788156229167,-1.14080186458333,9.02387703333333,NA,101.94129375,2.53678823125,0.370863727083333,8.85577025,"TFPR",9.02387703333333,39.0705664583333,0.972778472541699,85.91147511875,8401.11945833333,0.213081828791699,-1.14080186458333,6.39311233333333,0.75969664375,2.53678823125,47.2598784375,281.680804166667,85.2788156229167,0.656759877083333,52.073184375,2.85416666666667,3.0625,35.6267717895833,-14.372213799507,8401.14347916667,42.4465725,3.046955,10.12439,0,0,0,0,0,197.800081913474,44.6506488229167,86.4196174875,NA,NA,30,30,53.0316446189841,NA,0.516672604219465,NA,NA,1.23824201468944,1.8431647656189,2.6000001,1.8000001,0,NA,0.708909497972288,1.8431647656189,"True",1.8431647656189
2019-01-31,13.93418671875,5.95989725,1.59732248766993,1.43985792483535,11.227302875,0.157464562834573,57.691388009375,0.00416666666666667,64.4045675,57.1778570645833,2.04999481666667,5.501798309375,NA,101.5835125,3.01398570833333,0.94632906875,10.2325205,"TFPR",5.501798309375,64.4045675,1.35497495669842,57.691388009375,8389.05222916667,0.758985231698416,2.04999481666667,11.227302875,0.595989725,3.01398570833333,47.2438411458333,284.761675,57.1778570645833,0.534657989583333,52.097148125,3.9375,3.70833333333333,13.93418671875,1.70356602405654,8389.07333333333,42.3905341666667,6.915043,15.72437,0.2,0,0,0,0,199.167346472803,19.435985028125,55.1278622479167,NA,NA,31,31,50.8682772827225,NA,0.352561921242638,NA,NA,0.486529585909251,1.77612962864761,2.5,1.7,1,NA,0.710451851459045,1.77612962864761,"True",1.77612962864761
2019-02-01,36.1869186422473,4.88798112430556,1.66987910698206,1.43985792483535,13.4942647986111,0.23002118214671,57.020046032,0,86.9438856,162.287621741275,31.6900077347235,22.6930404356785,NA,101.555088,1.33358824,1.31177216,11.6522444,"TFPR",22.6930404356785,86.9438856,1.50630093599157,57.020046032,8383.06096,1.07718429999157,31.6900077347235,13.0618848,0.429116636,1.33358824,47.6667796,250.69738,162.287621741275,0.484326288,52.3243504,5.76,4.88,36.1869186422473,7.86029303418833,8383.0808,43.0092088,12.39828,16.06452,0,0,0,0,0,200.558951106443,58.8799590779258,130.597614006552,NA,NA,32,32,61.0673694081475,NA,0.450850189919794,NA,NA,1.26572717727158,2.1359826148374,3,2.2,0,NA,0.711994204945801,2.1359826148374,"True",2.1359826148374
2019-02-02,58.204206215847,4.89202842604167,1.66971543526155,1.43985792483535,13.4881056527778,0.229857510426197,NA,NA,NA,258.658694271403,53.0270704972875,37.7080338979964,NA,NA,NA,NA,NA,"TFPR",37.7080338979964,NA,NA,NA,NA,NA,53.0270704972875,NA,NA,NA,NA,NA,258.658694271403,NA,NA,NA,NA,58.204206215847,NA,NA,NA,NA,NA,0,0,0,0,0,201.974277520552,95.9122401138434,205.631623774115,NA,NA,33,33,62.8202726594116,NA,0.466427480138961,NA,NA,2.04942717645803,2.21196340249458,3.1000001,2.2,2.4,NA,0.713536558432557,2.21196340249458,"True",2.21196340249458
2019-02-03,52.8875607076503,6.23874837119124,1.63363137010399,1.43985792483535,12.3371795299679,0.193773445268637,NA,NA,NA,233.569947429873,44.1357093399638,34.2788471001821,NA,NA,NA,NA,NA,"TFPR",34.2788471001822,NA,NA,NA,NA,NA,44.1357093399638,NA,NA,NA,NA,NA,233.569947429873,NA,NA,NA,NA,52.8875607076503,NA,NA,NA,NA,NA,0,0,0,0,0,203.412694758094,87.1664078078324,189.434238089909,NA,NA,34,34,79.2027858415342,NA,0.460140725809353,NA,NA,1.86222287456128,2.78880775648532,3.9,2.7,0.4,NA,0.715078911919314,2.78880775648532,"True",2.78880775648532
2019-02-04,47.5709151994536,7.26029081405732,1.54424286896682,1.43985792483535,9.55353557192274,0.104384944131466,NA,NA,NA,208.481200588342,35.2443481826401,30.8496603023679,NA,NA,NA,NA,NA,"TFPR",30.8496603023679,NA,NA,NA,NA,NA,35.2443481826401,NA,NA,NA,NA,NA,208.481200588342,NA,NA,NA,NA,47.5709151994536,NA,NA,NA,NA,NA,0,0,0,0,0,204.87355953769,78.4205755018215,173.236852405702,NA,NA,35,35,91.5849441993806,NA,0.452678367292017,NA,NA,1.67501857266454,3.22479569432732,4.5,3.2,0,NA,0.71662126540607,3.22479569432732,"True",3.22479569432732
2019-02-05,42.2542696912568,6.82221232892551,1.51323153751648,1.43985792483535,8.58221274602612,0.0733736126811219,NA,NA,NA,183.392453746812,26.3529870253165,27.4204735045537,NA,NA,NA,NA,NA,"TFPR",27.4204735045537,NA,NA,NA,NA,NA,26.3529870253165,NA,NA,NA,NA,NA,183.392453746812,NA,NA,NA,NA,42.2542696912568,NA,NA,NA,NA,NA,0,0,0,0,0,206.356216613186,69.6747431958106,157.039466721496,NA,NA,36,36,110.138470297928,NA,0.443676641613769,NA,NA,1.48781427076779,3.87808354202126,5.4,3.7,0,NA,0.718163618892827,3.87808354202126,"True",3.87808354202126
2019-02-06,36.9376241830601,7.19106707312495,1.55599470230031,1.43985792483535,9.93048761874122,0.11613677746496,NA,NA,NA,158.303706905282,17.4616258679928,23.9912867067395,NA,NA,NA,NA,NA,"TFPR",23.9912867067395,NA,NA,NA,NA,NA,17.4616258679928,NA,NA,NA,NA,NA,158.303706905282,NA,NA,NA,NA,36.9376241830601,NA,NA,NA,NA,NA,0,0,0,0,0,207.859999153796,60.9289108897996,140.84208103729,NA,NA,37,37,124.682878906528,NA,0.432604449189216,NA,NA,1.30060996887105,4.39020643151546,6.1,4.1,0,NA,0.719705972379583,4.39020643151546,"True",4.39020643151546
2019-02-07,31.6209786748634,7.99238079186249,1.64529787770404,1.43985792483535,12.7959620470599,0.205439952868686,NA,NA,NA,133.214960063752,8.57026471066908,20.5620999089253,NA,NA,NA,NA,NA,"TFPR",20.5620999089253,NA,NA,NA,NA,NA,8.57026471066908,NA,NA,NA,NA,NA,133.214960063752,NA,NA,NA,NA,31.6209786748634,NA,NA,NA,NA,NA,0,0,0,0,0,209.384229144659,52.1830785837887,124.644695353083,NA,NA,38,38,67.5959440537756,NA,0.418654628148986,NA,NA,1.1134056669743,2.38011947535892,3.3,2.3,18.1,NA,0.72124832586634,2.38011947535892,"True",2.38011947535892
2019-02-08,26.3043331666667,9.43540089742253,1.7094691894291,1.43985792483535,14.9481634134257,0.269611264593748,NA,NA,NA,108.126213222222,-0.321096446654614,17.1329131111111,NA,NA,NA,NA,NA,"TFPR",17.1329131111111,NA,NA,NA,NA,NA,-0.321096446654614,NA,NA,NA,NA,NA,108.126213222222,NA,NA,NA,NA,26.3043331666667,NA,NA,NA,NA,NA,0,0,0,0,0,210.928217807549,43.4372462777778,108.447309668877,NA,NA,39,39,53.3713008290837,NA,0.400537794901553,NA,NA,0.926201365077554,1.87925583859712,2.6000001,1.6,0.7,NA,0.722790679353096,1.87925583859712,"True",1.87925583859712
2019-02-09,20.9876876584699,8.84863554569546,1.6676578052127,1.43985792483535,13.5052020668382,0.227799880377342,NA,NA,NA,83.0374663806922,-9.2124576039783,13.7037263132969,NA,NA,NA,NA,NA,"TFPR",13.7037263132969,NA,NA,NA,NA,NA,-9.21245760397831,NA,NA,NA,NA,NA,83.0374663806922,NA,NA,NA,NA,20.9876876584699,NA,NA,NA,NA,NA,0,0,0,0,0,212.491266041436,34.6914139717668,92.2499239846705,NA,NA,40,40,37.0282085013262,NA,0.376058997918867,NA,NA,0.738997063180808,1.30379953154504,1.8000001,1.2,1.4,NA,0.724333032839853,1.30379953154504,"True",1.30379953154504
2019-02-10,15.6710421502732,8.32513398534188,1.63866891076128,1.43985792483535,12.5725581180449,0.198810985925924,NA,NA,NA,57.9487195391621,-18.103818761302,10.2745395154827,NA,NA,NA,NA,NA,"TFPR",10.2745395154827,NA,NA,NA,NA,NA,-18.103818761302,NA,NA,NA,NA,NA,57.9487195391621,NA,NA,NA,NA,15.6710421502732,NA,NA,NA,NA,NA,0,0,0,0,0,214.072664882505,25.9455816657559,76.0525383004641,NA,NA,41,41,20.6150289983855,NA,0.341153395344302,NA,NA,0.551792761284062,0.725875386326609,1,0.8,5.7000003,NA,0.725875386326609,0.725875386326609,"True",0.725875386326609
2019-02-11,10.3543966420765,8.49107894305556,1.52272442462958,1.43985792483535,9.10138870763889,0.0828664997942278,NA,NA,NA,32.8599726976321,-26.9951799186257,6.84535271766849,NA,NA,NA,NA,NA,"TFPR",6.84535271766849,NA,NA,NA,NA,NA,-26.9951799186257,NA,NA,NA,NA,NA,32.8599726976321,NA,NA,NA,NA,10.3543966420765,NA,NA,NA,NA,NA,0,0,0,0,0,215.671695983201,17.199749359745,59.8551526162578,NA,NA,42,42,45.4494308277584,NA,0.28735620256481,NA,NA,0.364588459387317,1.6003190275894,2.2,1.6,1,NA,0.727417739813365,1.6003190275894,"True",1.6003190275894
2019-02-12,4.85394323271858,8.49738476319444,1.52315457944321,1.43985792483535,9.11411150763889,0.0832966546078574,-3.51970433333333,0,63.07132,7.75819078688527,-35.8865410759494,2.82934015266393,NA,102.2726,1.450064,0.599938766666667,11.7739933333333,"TFPR",2.82934015266393,63.07132,0.948690888173326,-3.51970433333333,8399.16333333333,0.440181854839993,-35.8865410759494,6.196976,0.508509033333333,1.450064,50.01942,129.200066666667,7.75819078688527,0.703287933333333,54.2813966666667,8.33333333333333,8.33333333333333,4.85394323271858,-4.58349855681604,8399.188,45.7574433333333,5.566868,7.026942,0,0,0,0,0,217.287632109789,7.68328338538251,43.6447318628346,NA,NA,43,43,77.6170812114951,NA,0.176041484446034,NA,NA,0.168671949128981,2.69715234521045,3.7,2.6000001,0,NA,0.728960093300122,2.69715234521045,"True",2.69715234521045
2019-02-13,51.335241181875,8.74275860416667,1.54032015382262,1.43985792483535,9.64965380208333,0.100462228987262,178.473368875,0,52.2740708333333,177.904543229167,2.72424770833333,20.6516869552083,NA,101.868035416667,2.63257585208333,0.604191914583333,10.9507369583333,"TFPR",20.6516869552083,52.2740708333333,1.28106037297426,178.473368875,8392.69702083333,0.406784512557596,2.72424770833333,9.64965380208333,0.874275860416667,2.63257585208333,49.3038907291667,290.336665208333,177.904543229167,0.6023335375,53.5579122916667,4.625,4.6875,51.335241181875,-6.11127071176357,8392.730375,45.0498691666667,0.9350085,17.12102,0,0,0,0,0,218.919737657851,71.9869281370833,175.180295520833,NA,NA,44,44,81.7169033252103,NA,0.410930509753149,NA,NA,1.78974017955623,2.84895954246883,3.9,2.7,0,NA,0.730502446786878,2.84895954246883,"True",2.84895954246883
2019-02-14,43.9618977104167,10.0825382083333,1.74766092645345,1.43985792483535,16.2416750833333,0.307803001618096,175.05429324375,0,65.48332125,174.641695708333,-0.13331375,12.5570098333333,NA,100.834375,3.8608869375,1.20535930416667,12.9855047916667,"TFPR",12.5570098333333,65.48332125,1.91966995656242,175.05429324375,8377.70989583333,0.911416135729088,-0.13331375,16.2416750833333,1.00825382083333,3.8608869375,48.979860625,193.840153791667,174.641695708333,0.444422025,53.766125625,3.5,3.02083333333333,43.9618977104167,5.3341923852815,8377.74183333333,44.193595625,9.109438,23.09522,0,0,0,0,0,220.567269185107,56.51890754375,174.775009458333,NA,NA,45,45,141.884882137523,NA,0.323380943985726,NA,NA,1.54236400228728,4.97790464186072,6.8,4.5,0,NA,0.732044800273635,4.97790464186072,"True",4.97790464186072
2019-02-15,38.7446123083333,10.3486309583333,1.8156155938275,1.43985792483535,18.5909072916667,0.375757668992149,162.647471145833,0,72.1807964583333,162.27315973125,-0.745974375,13.508692325,NA,100.387485416667,2.80423754166667,1.53100395833333,14.9675754166667,"TFPR",13.508692325,72.1807964583333,2.22602176539436,162.647471145833,8374.03064583333,1.19115866956103,-0.745974375,18.5909072916667,1.03486309583333,2.80423754166667,48.7446530208333,269.026752897917,162.27315973125,0.404469270833333,54.0224079166667,4.04166666666667,3.91666666666667,38.7446123083333,9.21618368243194,8374.06058333333,43.466898125,12.16537,27.16699,0,0,0,0,0,222.229475960861,52.2533046333333,163.01913410625,NA,NA,46,46,108.483924953379,NA,0.320534794395832,NA,NA,1.36238864788258,3.81465341963018,5.2000003,3.6000001,0,NA,0.733587153760391,3.81465341963018,"True",3.81465341963018
2019-02-16,20.2228955833333,6.30479125,1.55608082451651,1.43985792483535,9.93949164583333,0.116222899681153,47.406255505,0,65.4577625,46.86814570125,0.09258115625,16.8357262208333,NA,100.41068125,2.80536662291667,0.819757420833333,14.0733783333333,"TFPR",16.8357262208333,65.4577625,1.24519110342364,47.406255505,8390.71941666667,0.614711978423636,0.09258115625,9.93949164583333,0.630479125,2.80536662291667,47.6837029166667,195.06478125,46.86814570125,0.55691195625,53.3641964583333,6.83333333333333,6.77083333333333,20.2228955833333,-0.474802720107288,8390.738,42.003209375,6.258637,17.9757,0,0,0,0,0,223.905600531331,37.0586218041667,46.775564545,NA,NA,47,47,25.8695471085236,NA,0.792264554466569,NA,NA,0.705241172156197,0.902159122109156,1.2,1.3000001,0,NA,0.751799268424297,0.902159122109156,"True",0.902159122109156
2019-02-17,40.6296240395833,6.97833658333333,1.60126442730564,1.43985792483535,11.302170875,0.161406502470289,144.74788232875,0,53.66507,144.250400779167,0.725812833333333,27.2887417622917,NA,100.6003225,4.23963733333333,0.771291439583333,13.2666579166667,"TFPR",27.2887417622917,53.66507,1.34497800448521,144.74788232875,8387.2845625,0.647144346151879,0.725812833333333,11.302170875,0.697833658333333,4.23963733333333,46.9472546875,174.72505625,144.250400779167,0.5211032,52.7183058333333,6.70833333333333,6.83333333333333,40.6296240395833,-0.450066635979347,8387.30827083333,41.1762035416667,8.853611,14.29369,0,0,0,0,0,225.594879300061,67.918365801875,143.524587945833,46.5692686645219,0.585981754596056,48,48,69.3359882298574,115.905256894379,0.473217633117383,1.70653777554788,0.585981754596056,1.41873556999228,2.42112584370528,2.9,2.2,0,0.834870980588028,0.765385520674111,2.21961800995492,"False",NA
2019-02-18,62.6270493333333,10.4421470132576,1.58167349907507,1.43985792483535,10.7347778465909,0.141815574239717,189.2063685,0,36.7693463636364,189.575668375,-0.686366979166667,26.66932215625,NA,101.589366136364,3.15827120454545,0.462296468181818,11.8842220454545,"TFPR",26.66932215625,36.7693463636364,1.29535232788971,190.085961,8389.33561363636,0.249582008771849,-0.686366979166667,10.9183415833333,1.03776832045455,3.2277656875,44.8777425,215.585770454545,189.575668375,0.542849854545455,50.5082045454545,4.72727272727273,4.75,62.6270493333333,-11.7719085899235,8389.36065909091,39.2472804545455,7.397158,15.90819,0,0,0,0,0,227.296543122578,89.2963714895833,190.262035354167,45.5122057078968,0.585981754596056,49,49,106.875425458434,152.387631166331,0.469333628873259,1.70653777554788,0.585981754596056,2.18605745642258,3.73058962890325,5.9,3.9,4.4,0.632303326932754,0.716912709059944,4.22978498345367,"False",NA
2019-02-19,27.0578110625,2.92798881208333,1.44857325374233,1.43985792483535,6.6422993125,0.00871532890697807,22.6472211841667,0.0520833333333333,35.6830827083333,22.0140838208333,-1.20093671875,-3.79327694960417,NA,101.07751875,3.15016504166667,0.37638418125,10.928,"TFPR",-3.79327694960417,35.6830827083333,0.979559336731751,22.6472211841667,8400.88441666667,0.686760455523418,-1.20093671875,6.6422993125,0.292798881208333,3.15016504166667,47.7037740625,192.9309375,22.0140838208333,0.64809890625,53.50627,3.45833333333333,7.14583333333333,27.0578110625,0.244661766657133,8400.89925,41.901278125,5.254935,9.22851,2.5,0,0,0,0,229.009817914371,23.2645341128958,23.2150205395833,-6.35725169238047,0.596685035162384,50,50,45.3468906843565,38.989638991976,1.00213282487638,1.67592605993187,0.596685035162384,0.940642330944068,1.57644699550422,2,1.4,4.7000003,0.788223497752109,0.64647346867601,1.29294693735202,"False",NA
2019-02-20,48.7654346541667,5.85309400208333,1.51522914101252,1.43985792483535,8.7242680625,0.0753712161771647,186.9992059925,0.00416666666666667,49.6057129166667,186.433916724792,-2.69086138541667,38.8425784522083,NA,101.0166375,3.02037311458333,0.607306108333333,10.940093,"TFPR",38.8425784522083,49.6057129166667,1.15841561313748,186.9992059925,8395.01529166667,0.573106212929151,-2.69086138541667,8.7242680625,0.585309400208333,3.02037311458333,49.641610625,142.356972916667,186.433916724792,0.58966635,53.6697416666667,3.70833333333333,4.33333333333333,48.7654346541667,-1.47083565346494,8395.03964583333,45.6134795833333,4.74001,15.7597,0.2,0,0,0,0,230.733925271268,87.608013106375,189.124778110208,64.5186249217495,0.602036675445547,51,51,81.0007706226153,145.519395544365,0.463228636574121,1.66102837382778,0.602036675445547,1.69864947248335,2.82150497098243,3.5,2.6000001,0.7,0.806144277423553,0.64647346867601,2.26265714036603,"False",NA
2019-02-21,22.45373261875,5.7695076875,1.55603029142178,1.43985792483535,9.88410572916667,0.116172366586427,39.3984971060417,0.00208333333333333,68.8594097916667,38.8551814933333,-0.699612333333333,5.842758375,NA,100.9413875,2.46054290208333,0.84631446875,11.197498125,"TFPR",5.842758375,68.8594097916667,1.22159934218673,39.3984971060417,8393.26110416667,0.644648573436729,-0.699612333333333,9.88410572916667,0.57695076875,2.46054290208333,48.9134653125,234.102004166667,38.8551814933333,0.562027454166667,53.6482714583333,4.6875,4.79166666666667,22.45373261875,0.422576541785077,8393.27979166667,44.1786591666667,7.39271,11.92136,0.1,0,0,0,0,232.468083101205,28.29649099375,39.5547938266667,9.75702689467691,0.598825691275649,52,52,37.4962747021056,47.2533015967825,0.715374503473542,1.66993503212888,0.598825691275649,0.782996722238517,1.30755365650819,2.5,1.7,0,0.523021462603275,0.62195847408146,1.55489618520365,"False",NA
2019-02-22,9.05797713125,3.3792550625,1.57710513983472,1.43985792483535,10.5405989375,0.137247214999363,27.9580247889583,0.0854166666666667,60.888984375,27.431778536875,0.16329264375,3.575655685625,NA,100.909379166667,1.99344616458333,0.849522527083333,11.807175,"TFPR",3.575655685625,60.888984375,1.27725966794595,27.9580247889583,8390.3620625,0.939334161695947,0.16329264375,10.5405989375,0.33792550625,1.99344616458333,50.7759845833333,199.892927083333,27.431778536875,0.543199154166667,55.37371625,4.54166666666667,5.83333333333333,9.05797713125,5.3383557587337,8390.3789375,46.1782529166667,8.773582,12.16863,4.1,0,0,0,0,234.211506266352,12.633632816875,27.268485893125,5.99253454488248,0.596685035162384,53,53,15.1804999245288,21.1730344694112,0.463305255245588,1.67592605993187,0.596685035162384,0.316063531830679,0.52969910958914,1.8000001,1.5,10.2,0.294277266756341,0.589858423883174,1.06174522197556,"False",NA
2019-02-23,115.830891652083,11.62507151875,1.74218117226736,1.43985792483535,15.9920514583333,0.30232324743201,165.816090292375,0.0104166666666667,38.2895195833333,165.404949750417,0.3535337440625,-3.71338677708333,NA,100.8361,3.46866426666667,0.97555159375,13.2881679166667,"TFPR",-3.71338677708333,38.2895195833333,1.86357966545299,165.816090292375,8379.39233333333,0.701072513577989,0.3535337440625,15.9920514583333,1.162507151875,3.46866426666667,52.5430515625,145.970222916667,165.404949750417,0.438447741666667,57.4319829166667,5.04166666666667,5.77083333333333,115.830891652083,-4.63180658805723,8379.41960416667,47.6541202083333,11.78302,22.70847,0.5,0,0,0,0,235.963407234538,112.117504875,165.051416006354,-6.33703481031272,0.596685035162384,54,54,197.669792179674,191.332757369362,0.679288355034068,1.70653777554788,0.585981754596056,4.06285128482567,6.93340919398827,5.4,3.7,1.8000001,1.28396466555338,0.487148110183478,2.63059979499078,"False",NA
2019-02-24,58.8486122301667,10.9623317916667,1.60765917532772,1.43985792483535,11.5665477083333,0.16780125049236,223.6333419375,0,37.9693464583333,223.136095208333,-2.31925364583333,20.1269438645833,NA,102.086466666667,2.841292125,0.500768814583333,12.2606072916667,"TFPR",20.1269438645833,37.9693464583333,1.39058941952806,223.6333419375,8387.97602083333,0.294356240361396,-2.31925364583333,11.5665477083333,1.09623317916667,2.841292125,49.9527621875,162.768121041667,223.136095208333,0.52159595,54.153879375,5.33333333333333,5.41666666666667,58.8486122301667,-10.1525563347093,8388.0005,45.751645,6.10752,16.73245,0,0,0,0,0,237.722996738844,78.97555609475,225.455348854167,34.3473900112432,0.596685035162384,55,55,100.427379809349,134.774769820592,0.35029355699977,1.70653777554788,0.585981754596056,2.05543833641747,3.50768316640572,5.1,3.5,0,0.687781013020729,0.52516454462319,2.67833917757827,"False",NA
2019-02-25,32.6961833041667,8.91192066666667,1.59126953060641,1.43985792483535,11.0750769375,0.151411605771059,105.613793827083,0,51.02878875,105.090081979167,5.09896416666667,15.7973429604167,NA,102.006577083333,2.83930866875,0.680635625,11.63439375,"TFPR",15.7973429604167,51.02878875,1.35456472733027,105.613793827083,8391.46504166667,0.463372660663607,5.09896416666667,11.0750769375,0.891192066666667,2.83930866875,49.0873155208333,247.318352916667,105.090081979167,0.550922020833333,53.168435625,5.04166666666667,5.04166666666667,32.6961833041667,-4.62378221648938,8391.49222916667,45.0061954166667,5.7575,16.47795,0,0,0,0,0,239.489484444247,48.4935262645833,99.9911178125,25.5582555322043,0.596685035162384,56,56,52.8986051584489,78.4568606906532,0.484978339331267,1.61788318429533,0.618091596295039,1.14146241085757,1.84675284003167,4.2000003,2.9,1.3000001,0.439703025743039,0.56500776957089,2.37303280170007,"False",NA
2019-02-26,6.68400175416667,3.12625753333333,1.66244149623936,1.43985792483535,13.259359375,0.222583571404008,34.1471530619167,0.05,73.09847875,33.6759144875,-0.5405755,3.03582025833333,NA,101.59048125,2.39801035416667,1.2423918125,13.0198747916667,"TFPR",3.03582025833333,73.09847875,1.52899384304603,34.1471530619167,8386.20970833333,1.21636808971269,-0.5405755,13.259359375,0.312625753333333,2.39801035416667,51.3951821875,243.077175,33.6759144875,0.491211220833333,54.802623125,4.3125,4.41666666666667,6.68400175416667,9.36901951246834,8386.22977083333,47.98774125,11.47164,14.95377,2.4,0,0,0,0,241.262079620125,9.7198220125,34.2164899875,4.9116025465006,0.596685035162384,57,57,10.8139340418667,15.7255365883673,0.284068354645694,1.61788318429533,0.618091596295039,0.233833664810248,0.37831555421865,2.2,1.7,8.6,0.171961615553932,0.619153870133799,1.36213851429436,"False",NA
2019-02-27,32.7992911354167,6.2387575625,1.77111542771418,1.43985792483535,16.9267322916667,0.331257502878829,68.7946899313333,0.00208333333333333,81.5174477083333,68.38745229375,-1.75429734375,11.8546021910833,NA,101.3267625,1.44767368125,1.61307935833333,14.977800625,"TFPR",11.8546021910833,81.5174477083333,1.95204988999883,68.7946899313333,8375.8320625,1.32817413374883,-1.75429734375,16.9267322916667,0.62387575625,1.44767368125,55.2526484375,219.431465,68.38745229375,0.427869510416667,58.436525,5.41666666666667,5.375,32.7992911354167,10.5106409170806,8375.85277083333,52.068771875,10.7602,21.34249,0.1,0,0,0,0,243.039991817432,44.6538933265,70.1417496375,20.2303264531764,0.596685035162384,58,58,55.9732293337814,76.2035557869578,0.636623602309267,1.70653777554788,0.585981754596056,1.15149017377396,1.96506147971747,1.9,1.8000001,0.6,1.03424288406183,0.619153870133799,1.17639235325422,"False",NA
2019-02-28,12.8637175829327,6.62705442222222,1.64431249453249,1.43985792483535,13.0140843479167,0.204454569697139,0.7502808,0,51.8388877777778,26.0341481458333,-5.93889083333333,30.0606228285256,NA,101.338294444444,6.06629966666667,0.471067977777778,13.8741616666667,"TFPR",30.0606228285256,51.8388877777778,0.889777754769022,0.7502808,8400.74466666667,0.305713099213466,-5.93889083333333,5.15487394444444,0.584064655555556,6.06629966666667,53.6935122222222,134.397816666667,26.0341481458333,0.701903311111111,56.1306172222222,5.22222222222222,2.44444444444444,12.8637175829327,-10.459093711046,8400.75738888889,51.2564072222222,2.843576,10.10533,0,0,0,0,0,244.822431549323,42.9243404114583,31.9730389791667,51.2995884133761,0.58539324888343,59,59,21.9524199892542,73.2520084026303,1.34251675104851,1.70653777554788,0.585981754596056,0.446565451529372,0.762080812289471,1,1.1,0.4,0.762080812289471,0.601997084412067,0.601997084412067,"False",NA
2019-03-01,30.379820199359,6.08752235380291,1.5545936319595,1.43985792483535,9.99484762546296,0.114735707124143,NA,NA,NA,114.531465612903,0,46.662713525641,NA,NA,NA,NA,NA,"TFPR",46.662713525641,NA,NA,NA,NA,NA,0,NA,NA,NA,NA,NA,114.531465612903,NA,NA,NA,NA,30.379820199359,NA,NA,NA,NA,NA,0,0,0,0,0,246.60861097399,77.042533725,114.531465612903,81.2795586932496,0.574101462604477,60,60,52.9171621711908,134.19672086444,0.672675699317344,1.74185238174344,0.574101462604477,1.06970325995999,1.86326517112002,1.3000001,1.3000001,0,1.43328079060919,0.750797941613991,0.976037399177982,"False",NA
2019-03-02,56.2885933070513,5.86319171293067,1.41516904271317,1.43985792483535,5.7824795183404,-0.0246888821221868,NA,NA,NA,204.271231290323,0,63.4106212179487,NA,NA,NA,NA,NA,"TFPR",63.4106212179487,NA,NA,NA,NA,NA,0,NA,NA,NA,NA,NA,204.271231290323,NA,NA,NA,NA,56.2885933070513,NA,NA,NA,NA,NA,0,0,0,0,0,248.397744578445,119.699214525,204.271231290323,112.170946070349,0.565303435866365,61,61,99.572353068729,211.743299139078,0.585981754596056,1.76896147547279,0.565303435866365,1.9819765674711,3.50604019314616,1.7,1.7,1,2.06237658420362,0.92037401813701,1.56463583083292,"False",NA
2019-03-03,64.9887854939904,5.20005172758987,1.34389478177829,1.43985792483535,3.71996508061089,-0.0959631430570652,79.32865869835,0,52.79899,193.371558844691,0,54.5325499903846,NA,96.56191,6.34202365,0.4668061,10.6647647,"TFPR",54.5325499903846,52.79899,0.857743519198386,79.32865869835,8365.337,0.356392364198386,0,4.60348405,0.501351155,6.34202365,51.14770275,167.48096,193.371558844691,0.69511379,52.777016,6.65,7.05,64.9887854939904,-7.86786082459257,8365.35385,49.5183895,0,7.605521,0,0,0,0,0,250.189049861987,119.521335484375,193.371558844691,98.7718135657484,0.552106395759196,62,62,117.710618810392,216.482432376141,0.618091596295039,1.81124509275954,0.552106395759196,2.25491376717514,4.08420149539191,0.6,0.6,0.3,6.80700249231984,0.813060081661413,0.487836048996848,"False",NA
2019-03-04,30.7738705833333,5.63455857750496,1.28934028964816,1.43985792483535,2.15020434776786,-0.150517635187191,-0.63531539,0,50.992855,78.41621725,-1.0938484375,28.0649465208333,NA,102.00609,5.2812859,0.32009695,8.9428772,"TFPR",28.0649465208333,50.992855,0.624483899601688,-0.63531539,8412.4906,0.208465719601688,-1.0938484375,0.2949408259,0.41601818,5.2812859,51.5135845,172.64375,78.41621725,0.87288428,54.443594,7,7,30.7738705833333,-14.1893147532469,8412.5055,48.583575,-0.5414374,1.120289,0,0,0,0,0,251.98174801807,58.8388171041667,79.5100656875,51.8938394578607,0.540814609480243,63,63,56.9028092878426,108.796648745703,0.740017211599624,1.84906247440516,0.540814609480243,1.06341580712623,1.9663222636464,1.9,1.2,0,1.03490645455073,0.666155001357963,1.26569450258013,"False",NA
2019-03-05,47.02419018125,6.29459174908234,1.28494821975747,1.43985792483535,2.03690876616685,-0.154909705077886,321.563238533333,0,21.9754246666667,292.197885479167,4.62664970833333,79.4993225208333,NA,102.732076666667,4.2064904,0.1753211,7.00873163333333,"TFPR",79.4993225208333,21.9754246666667,0.81142933135049,321.563238533333,8403.34233333333,0.0425929046838238,4.62664970833333,3.79465655333333,0.768836426666667,4.2064904,49.3711176666667,159.98074,292.197885479167,0.722293666666667,50.8895583333333,7.83333333333333,7.83333333333333,47.02419018125,-36.0303976307059,8403.36636666667,47.852677,-1.499586,6.863384,0,0,0,0,0,253.775064613285,126.523512702083,287.571235770833,153.405174250008,0.518231036922337,64,64,90.7398184032292,244.144992653237,0.439972768357509,1.929641277255,0.518231036922337,1.63034650386705,3.14598391009023,3.7,2.6000001,0,0.850265921646009,0.567633157939893,2.1002426843776,"False",NA
2019-03-06,35.1750031083333,8.25010370833333,1.43612763595203,1.43985792483535,6.56513287770833,-0.00373028888332944,213.418923404167,0,39.4287877083333,212.766452289583,-1.10446139583333,61.1696343666667,NA,102.512152083333,2.83540015208333,0.39043645,7.87113579166667,"TFPR",61.1696343666667,39.4287877083333,1.05394085076826,213.418923404167,8400.764625,0.228930479934932,-1.10446139583333,6.56513287770833,0.825010370833333,2.83540015208333,49.122213125,240.23897875,212.766452289583,0.686853708333333,50.9710747916667,4.3125,4.39583333333333,35.1750031083333,-14.8791933074729,8400.79902083333,47.2733514583333,-2.511015,14.10121,0,0,0,0,0,255.568230262173,96.344637475,213.870913685417,118.035451388516,0.518231036922337,65,65,67.8751379254129,185.910589313929,0.450480319248617,1.929641277255,0.518231036922337,1.22274013653887,2.35944983882181,3.9,2.8,0,0.604987138159438,0.572466425959803,2.23261906124323,"False",NA
2019-03-07,11.34994865,8.1423808125,1.71735277264109,1.43985792483535,15.2056354166667,0.277494847805738,85.04216463625,0,68.0819385416667,84.6032541208333,7.7443825375,10.8257043020833,NA,101.522458333333,3.05416691666667,1.23775363125,11.3840515,"TFPR",10.8257043020833,68.0819385416667,1.79100098813119,85.04216463625,8380.093625,0.976762906881187,7.7443825375,15.2056354166667,0.81423808125,3.05416691666667,49.80566,272.138081,84.6032541208333,0.464039845833333,52.036304375,3.375,2.6875,11.34994865,5.71657543109106,8380.11891666667,47.575015625,10.15155,21.72098,0,0,0,0,0,257.360481296581,22.1756529520833,76.8588715833333,20.889725876657,0.518231036922337,66,66,21.9013294097646,42.7910552864217,0.288524310795269,1.929641277255,0.518231036922337,0.397807701245349,0.76762616073295,4.4,3.1000001,0,0.17446049107567,0.535302033681347,2.35532894819793,"False",NA
2019-03-08,17.8394351145833,11.9501666875,1.92264177740224,1.43985792483535,22.333751875,0.482783852566883,88.2979907218958,0,72.8453220833333,87.9563161166667,0.494177083333333,1.1120264375,NA,100.87753125,4.3445738125,1.96463772916667,15.2878883333333,"TFPR",1.1120264375,72.8453220833333,2.7181101102907,88.2979907218958,8364.83010416667,1.5230934415407,0.494177083333333,22.333751875,1.19501666875,4.3445738125,50.8760052083333,166.412261179167,87.9563161166667,0.368509102083333,53.2259989583333,2.5,2.60416666666667,17.8394351145833,12.9954595028646,8364.85689583333,48.5260114583333,19.88593,26.27376,0,0,0,0,0,259.151060428267,18.9514615520833,87.4621390333333,2.14581211519883,0.518231036922337,67,67,34.4237103600123,36.5695224752111,0.216681889575792,1.929641277255,0.518231036922337,0.629557682141537,1.21482048987329,7,4.9,0,0.173545784267613,0.447976321643166,3.13583425150216,"False",NA
2019-03-09,60.4144170820833,15.84172625,1.94017454401912,1.43985792483535,23.0130475,0.500316619183766,181.28524463,0.00416666666666667,60.6554035416667,180.96295724375,-2.73301197916667,14.270942875,NA,100.544335416667,3.676596825,1.69146073125,17.7797314583333,"TFPR",14.270942875,60.6554035416667,2.84466949138523,181.28524463,8365.0201875,1.26049686638523,-2.73301197916667,23.0130475,1.584172625,3.676596825,51.2206507291667,213.426046125,180.96295724375,0.354235520833333,53.9503127083333,4.5625,4.47916666666667,60.4144170820833,8.49882776576143,8365.05208333333,48.49098875,17.11574,28.47495,0.2,0,0,0,0,260.939217403505,74.6853599570833,183.695969222917,27.5378004369481,0.518231036922337,68,68,116.578152942887,144.115953379836,0.406570488579703,1.929641277255,0.518231036922337,2.13343595741579,4.11676608580955,6.9,4.8,0.90000004,0.596632766059355,0.35936145665269,2.47959405090356,"False",NA
2019-03-10,25.2322809833333,11.7738472708333,1.91322918222701,1.43985792483535,22.0208114583333,0.47337125739166,122.67529842,0,71.029364375,122.347345157646,0.239499548958333,21.15480100625,NA,101.13514375,2.14113824791667,1.87451002083333,18.0667310416667,"TFPR",21.15480100625,71.029364375,2.68785261114901,122.67529842,8366.61941666667,1.51046788406567,0.239499548958333,22.0208114583333,1.17738472708333,2.14113824791667,50.4081065625,262.789475416667,122.347345157646,0.3560567375,53.8803829166667,5.25,4.625,25.2322809833333,12.7685593064035,8366.64745833333,46.9358302083333,16.28678,26.79082,0,0,0,0,0,262.7242096484,46.3870819895833,122.107845608688,40.8211772337756,0.518231036922337,69,69,48.6892509047363,89.5104281385119,0.379886171591607,1.929641277255,0.518231036922337,0.890184232844514,1.71773624005835,5.5,4.1,0,0.312315680010609,0.318423843068232,1.75133113687528,"False",NA
2019-03-11,19.5615042166667,8.737359625,1.79872266777403,1.43985792483535,17.8462372916667,0.358864742938674,59.7857473927083,0,73.6261841666667,59.3892019979167,0.265040020833333,15.108908075,NA,101.6038875,2.41830414375,1.52085008333333,17.7599895833333,"TFPR",15.108908075,73.6261841666667,2.05184493824204,59.7857473927083,8374.24,1.17810897574204,0.265040020833333,17.8462372916667,0.8737359625,2.41830414375,49.3449142708333,188.475832916667,59.3892019979167,0.415047402083333,53.52542625,5.25,5.3125,19.5615042166667,9.08988728470705,8374.25835416667,45.1644022916667,15.43315,21.27476,0,0,0,0,0,264.505302903688,34.6704122916667,59.1241619770833,28.8666626554341,0.52340335477457,70,70,37.3736699205755,66.2403325760096,0.586400062720635,1.91057239293145,0.52340335477457,0.687355320897549,1.31324210024139,3.1000001,2.5,0,0.423626470283467,0.347216513466745,1.07637122646856,"False",NA
2019-03-12,24.208225165625,9.90145427083333,1.84871053705781,1.43985792483535,19.6668135416667,0.408852612222451,84.3002833833333,0,72.3176127083333,83.9273314789583,-1.135717125,11.0447919854167,NA,101.29054375,5.35533595833333,1.727795625,17.6711689583333,"TFPR",11.0447919854167,72.3176127083333,2.32681713990075,84.3002833833333,8368.76045833333,1.33667171281742,-1.135717125,19.6668135416667,0.990145427083333,5.35533595833333,48.6566134375,279.87025625,83.9273314789583,0.397152910416667,52.96382375,4.125,2.95833333333333,24.208225165625,10.8792109331833,8368.78477083333,44.349403125,16.06717,25.02016,0,0,0,0,0,266.281771847773,35.2530171510417,85.0630486039583,18.1819868116119,0.607457925245162,71,71,39.8516903962606,58.0336772078725,0.414433972560457,1.64620454922275,0.607457925245162,0.852122166476613,1.40276738694735,6.1,4.3,0,0.22996186671268,0.415542157570901,2.53480716118249,"False",NA
2019-03-13,107.614896895833,5.191596025,1.80279004569418,1.43985792483535,18.0571920833333,0.362932120858823,55.7446090564583,0.1,61.533498125,55.3469493802083,4.23746348333333,-4.12627777083333,NA,100.160183541667,5.22023183333333,1.49010272916667,17.8013654166667,"TFPR",-4.12627777083333,61.533498125,2.11039310820658,55.7446090564583,8370.08960416667,1.59123350570658,4.23746348333333,18.0571920833333,0.5191596025,5.22023183333333,53.3646714583333,290.075335416667,55.3469493802083,0.41874585625,57.4049314583333,3.125,3.625,107.614896895833,13.4489613536006,8370.11064583333,49.3244114583333,12.39798,22.43594,4.8,0,0,0,0,268.052900706819,103.488619125,51.109485896875,-5.97541853428485,0.690542051097878,72,72,155.841192762611,149.865774228326,2.02484171595488,1.4481377323946,0.690542051097878,3.78215588119628,5.47708264135849,3.5,2.6000001,20.9,1.56488075467386,0.402901077184281,1.41015377014498,"False",NA
2019-03-14,211.197420416667,12.5484127265152,1.78784460177876,1.43985792483535,17.5187023729167,0.34798667694341,271.232675765789,0.0473684210526316,43.1307523684211,279.233745440417,-1.27236704166667,9.35900789583333,NA,100.602706842105,5.18044413421053,0.981130173684211,17.4704165789474,"TFPR",9.35900789583333,43.130752368421,2.12764157489784,278.223000936957,8369.09931578947,0.77445210921148,-1.27236704166667,17.9009973913043,1.3784031,4.99073750217391,52.874112631579,178.954106842105,279.233745440417,0.401041121052632,53.2584513157895,4.10526315789474,4.26315789473684,211.197420416667,0.0117602028928783,8369.12339473684,52.4897739473684,13.47573,22.57919,1.8,0,0,0,0,269.817983850689,220.5564283125,280.506112482083,12.4270085039842,0.753118330355434,73,73,280.430593578823,292.857602082807,0.786280293006405,1.32781258893015,0.753118330355434,7.42147957946535,9.85433401410212,5.7000003,4.1,0,1.72883043779877,0.504416619693809,2.8751748835797,"False",NA
2019-03-15,63.1716841666667,11.4454142083333,1.6208912657294,1.43985792483535,11.9336842708333,0.181033340894046,180.738686977083,0,34.974824375,180.2481965875,-2.85433916666667,10.340613875,NA,102.201025,4.171804,0.48152035625,14.4764391666667,"TFPR",10.340613875,34.974824375,1.40548523536726,180.738686977083,8385.45766666667,0.260943814533924,-2.85433916666666,11.9336842708333,1.14454142083333,4.171804,50.590356875,163.830120833333,180.2481965875,0.516625516666667,52.2339116666667,7.125,7.125,63.1716841666667,-12.3313041783506,8385.48389583333,48.9468020833333,8.352503,15.0254,0,0,0,0,0,271.576326373594,73.5122980416667,183.102535754167,13.0332021631142,0.793405469015545,74,74,79.6209336003821,92.6541357634962,0.401481594664337,1.26038959781913,0.793405469015545,2.20720611362625,2.78193962585732,5.4,3.6000001,0,0.515174004788392,0.509677012687381,2.75225586851186,"False",NA
2019-03-16,61.6131523083333,12.0131172708333,1.61808306537483,1.43985792483535,11.9063215208333,0.178225140539475,184.048060564583,0,32.5002795833333,183.554292457917,-2.48126604166667,25.9633254520833,NA,102.3185125,1.7903985625,0.438789520833333,13.7411875,"TFPR",25.9633254520833,32.5002795833333,1.42447493372961,184.048060564583,8386.46745833333,0.223163206646275,-2.48126604166667,11.9063215208333,1.20131172708333,1.7903985625,48.2627997916667,185.49835,183.554292457917,0.52028315,49.7458452083333,6.70833333333333,6.72916666666667,61.6131523083333,-14.5009144247711,8386.494,46.779754375,6.022517,16.25776,0,0,0,0,0,273.327244658335,87.5764777604167,186.035558499583,31.5245698813037,0.823590156815475,75,75,74.8104525029404,106.335022384244,0.470751282532972,1.21419615293441,0.823590156815475,2.15269507970501,2.61379408421866,4.9,3.4,0,0.533427364126257,0.533485015720648,2.61407657703117,"False",NA
2019-03-17,58.2228185629167,12.5222123333333,1.65955622668496,1.43985792483535,13.2563158541667,0.219698301849601,232.201470525,0,37.76271875,231.731259041667,2.53178645833333,35.4738779666667,NA,102.110952083333,1.54401970833333,0.5404897,14.3403408333333,"TFPR",35.4738779666667,37.76271875,1.56283719081313,232.201470525,8385.1841875,0.310615957479794,2.53178645833333,13.2563158541667,1.25222123333333,1.54401970833333,47.3774079166667,186.908988333333,231.731259041667,0.499978760416667,50.241733125,6.79166666666667,6.77083333333333,58.2228185629167,-10.2866376164539,8385.214,44.5130827083333,7.692921,18.58021,0,0,0,0,0,275.070066923039,93.6966965295833,229.199472583333,67.1122032354915,0.845836335103662,76,76,110.150393932383,177.262597167874,0.408799791175421,1.89187670145773,0.528575672626804,2.03686592684533,3.85349919099179,4.7000003,3.4,0,0.819893392558249,0.542981806248172,2.55201465226095,"False",NA
2019-03-18,42.3593102052083,12.5578211041667,1.66435559497999,1.55092272539153,13.5097511979167,0.113432869588462,203.514379057447,0,45.6260029787234,203.8154584375,-2.12253202083333,50.531501675,0.017011324,102.020112765957,1.96753146595745,0.622110953191489,9.86504723404255,"TFPR",50.531501675,45.6260029787234,1.6097853028625,204.155765952083,6068.73729787234,0.371425834000105,-2.12253202083333,13.5116075,1.23335015531915,2.00946685208333,46.1453879787234,173.695616382979,203.8154584375,0.375385942553192,50.4105238297872,6.36170212765957,6.36170212765957,42.3593102052083,-8.70772586356779,6068.76736170213,41.8802521276596,7.00461,20.92621,0,0,0,0,0,276.804133749344,92.8908118802083,205.937990458333,73.6245717572551,0.862698608378572,77,77,61.7176606753037,135.342232432559,0.451062048694714,1.45700343977072,0.68634017786352,1.48225901892601,2.15965648920637,4.8,3.6000001,0,0.449928435251328,0.556733770218334,2.672322097048,"False",NA
2019-03-19,38.4026586208333,13.0158462291667,1.7053518100576,1.51200379100177,14.8057334791667,0.193348019055834,0,0,45.4597172916667,0,0,50.4010036083333,0.0563826198541667,101.950258333333,2.809839475,0.714961154166667,0,"TFPR",50.4010036083333,45.4597172916667,1.74499350940846,0,0,0.443408886491798,0,14.8057334791667,1.30158462291667,2.809839475,45.39226375,147.76913625,0,0,50.92443875,4.72916666666667,4.70833333333333,38.4026586208333,-5.1685713891418,0,39.86008875,8.386493,20.89102,0,0,0,0,0,278.528798591042,88.8036622291667,0,58.830859677317,0.876102368405168,78,78,44.8257228787525,103.65658255607,Inf,1.16725571844744,0.85671030280331,1.34547078556572,1.57050846845556,4.5,3.3,0,0.349001881879012,0.523441901283997,2.35548855577799,"False",NA
2019-03-20,52.24294015625,12.837340625,1.81419182223131,3.63884953203306,16.4570402083333,-1.82465770980175,0,0,50.2646433333333,0,0,28.20720621875,0.0768273020833333,101.872595833333,1.89506365416667,0.923676829166667,0,"TFPR",28.20720621875,50.2646433333333,1.92209438894604,0,0,0.638360326446035,0,16.4570402083333,1.2837340625,1.89506365416667,44.599695625,207.441006041667,0,0,50.628934375,6.3125,6.29166666666667,52.24294015625,0.290689711021023,0,38.570456875,10.16262,22.69989,0,0,0,0,0,280.243428262185,80.450146375,0,29.9806463518094,0.887546671659811,79,79,55.5275521105005,85.5081984623099,Inf,1.0628718817208,0.940847168128102,1.83327552251023,1.94853700432313,3.3,2.6000001,0,0.590465758885796,0.467642754492808,1.54322108982626,"False",NA
2019-03-21,67.8283324583333,14.5103924305556,2.08278263204009,4.64293705010095,16.2501622847222,-2.56015441806086,145.429624931818,0,45.3333838636364,59.1573408333333,-4.28613379166667,24.2948869941667,0.0881069539318182,101.805518181818,1.37563090681818,0.741336713636364,8.57832545454546,"TFPR",24.2948869941667,45.3333838636364,1.91470341122355,133.310489520833,203.608018181818,0.484629187770131,-4.28613379166667,16.2686857916667,1.43529838636364,1.39826826875,43.5495863636364,242.931824045455,59.1573408333333,43.70803515,50.0090570454545,6.52272727272727,6.61363636363636,67.8283324583333,-5.16932981056226,166.421706818182,37.0901156818182,8.15758,23.91455,0,0,0,0,0,281.947403403771,92.1232194525,63.443474625,25.4515578920469,0.897445921987923,80,80,71.0576151557641,96.509173047811,1.45205192491457,1.04760964305609,0.954554023655988,2.37975822127843,2.49305766075328,3.9,3.3,0,0.639245554039303,0.366961635708465,1.43115037926301,"False",NA
2019-03-22,39.9205432895833,15.367351875,2.42783887565763,2.60799532486447,17.4463436041667,-0.180156449206839,232.04433470625,0,48.2975452083333,104.607294208333,5.19306320833333,52.2503979166667,0.0588485416875,101.570645833333,2.28811743125,0.887627760416667,16.008181875,"TFPR",52.2503979166667,48.2975452083333,2.11631025004433,232.04433470625,398.681497916667,0.579575062544333,5.19306320833333,17.4463436041667,1.5367351875,2.28811743125,42.2793721875,113.592411458333,104.607294208333,70.3763270041667,49.122658125,4.70833333333333,4.70833333333333,39.9205432895833,-1.77476778492746,341.620795833333,35.43608625,8.975309,25.55106,0,0,0,0,0,283.640118928115,92.17094120625,99.414231,53.616899898623,0.940514628984256,81,81,40.9645832146571,94.5814831132801,0.927140312600215,1.02615294880884,0.974513595815124,1.40219613960591,1.43886770346498,5.1,3.9,0,0.282130922248035,0.383033249436428,1.95346957212578,"False",NA
2019-03-23,23.871981473125,11.406954125,2.44606497960833,1.48933601619328,18.4096477083333,0.956728963415048,116.41847921625,0,63.8299572916667,52.9475071625,6.22892179166667,28.2302225708333,0.0351216160833333,101.435527083333,4.39023810416667,1.36884288541667,16.88925875,"TFPR",28.2302225708333,63.8299572916667,2.15691236399456,116.41847921625,406.70838125,1.01621695149456,6.22892179166667,18.4096477083333,1.1406954125,4.39023810416667,41.4785038541667,112.704901041667,52.9475071625,35.8132854125,48.6895958333333,3.47916666666667,3.08333333333333,23.871981473125,6.85130878274251,379.050695833333,34.267411875,13.48668,23.69245,0,0,0,0,0,285.320984440096,52.1022040439583,46.7185853708333,28.8265456507803,0.969241108231796,82,82,24.3762429425758,53.2027885933561,1.11523505325326,1.02112356990636,0.979313404832783,0.83927160706531,0.857000019527574,6,4.3,0.7,0.142833336587929,0.391838954495449,2.3510337269727,"False",NA
2019-03-24,22.0993609520833,13.2735325833333,1.97594114813937,1.09067640647691,21.2304514583333,0.885264741662456,148.930577025,0,66.89322125,73.2983839958333,16.1408686770833,33.9569874729167,0.0326537967291667,101.376729166667,3.27180646041667,1.67369927083333,18.240413125,"TFPR",33.9569874729167,66.89322125,2.5826638644117,148.930577025,424.197502083333,1.25531060607837,16.1408686770833,21.2304514583333,1.32735325833333,3.27180646041667,41.2613895833333,152.013016666667,73.2983839958333,44.7666488895833,48.5658604166667,3.52083333333333,2.47916666666667,22.0993609520833,10.0623556637405,393.331960416667,33.95691875,16.33859,27.49288,0,0,0,0,0,286.989424634522,56.056348425,57.15751531875,34.6240361028624,0.983605042787794,83,83,22.5334792158876,57.15751531875,0.980734521302944,1.0196439283808,0.980734521302944,0.779062522962917,0.794366371368168,6.9,5,0,0.11512556106785,0.332665800077096,2.29539402053196,"False",NA
2019-03-25,79.9738767510417,14.1046085625,1.43368902975923,2.92532959767586,21.7037785416667,-1.49164056791663,183.84990198125,0.00208333333333333,57.5067214583333,93.8872294687292,7.1734483125,13.7243718541667,0.0921204130833333,101.533554166667,3.17793252708333,1.51424156458333,19.2197379166667,"TFPR",13.7243718541667,57.5067214583333,2.62564019483808,183.84990198125,425.3514625,1.21517933858808,7.1734483125,21.7037785416667,1.41046085625,3.17793252708333,40.8876802083333,264.536454166667,93.8872294687292,54.858467641875,48.2922741666667,5.47916666666667,5.22916666666667,79.9738767510417,8.11026640677048,390.247258333333,33.48308625,17.7964,26.34383,0.1,0,0,0,0,288.644879668888,93.6982486052083,86.7137811562292,13.9570008835324,0.990320171405175,84,84,81.3294393604561,95.2864402439885,1.08054622178677,1.0169500675031,0.98333244861794,2.82058256499533,2.86839162987006,5.1,3.9,0.3,0.562429731347071,0.280525089250386,1.43067795517697,"False",NA
2019-03-26,67.13707654,14.5302048125,1.01179298941298,4.72863793174666,17.90396875,-3.71684494233369,258.638632,0,47.4804677083333,109.852675708333,0.437375764583333,37.3057382708333,0.0987658745,102.042777083333,2.29250865625,0.961408679166667,17.7926308333333,"TFPR",37.3057382708333,47.4804677083333,2.09067103286648,258.638632,403.608272916667,0.637650551616479,0.437375764583333,17.90396875,1.45302048125,2.29250865625,39.6587760416667,134.793276583333,109.852675708333,78.8872226104167,47.1218204166667,6.08333333333333,6.02083333333333,67.13707654,0.42525767485909,333.709560416667,32.1957316666667,12.39082,23.19315,0,0,0,0,0,290.286805510892,104.442814810833,109.41529994375,37.6618156371171,0.996973277893473,85,85,67.7778893077517,105.439704944869,0.954554023655988,1.00954484169965,0.990545400951598,2.35920430863151,2.38172254029453,5.8,4.2000003,0,0.410641817292161,0.296510754087227,1.71976237370592,"False",NA
2019-03-27,30.00986613125,14.262996375,0.706151084265101,2.31966724916795,17.1188914583333,-1.61351616490285,254.808202375,0,48.1257208333333,109.989164791667,0.9301596875,77.2313924016667,0.0441402928958333,101.994954166667,3.2347382625,0.913203710416667,17.2796335416667,"TFPR",77.2313924016667,48.1257208333333,2.02396369761845,254.808202375,400.14513125,0.597664060118455,0.9301596875,17.1188914583333,1.4262996375,3.2347382625,38.5775501041667,113.586968541667,109.989164791667,78.5076198958333,46.136715,4.3125,4.14583333333333,30.00986613125,-0.507183596740364,333.83371875,31.0183852083333,10.07034,23.87136,0,0,0,0,0,291.914674260102,107.241258532917,109.059005104167,77.5074409447975,1.00181187782185,86,86,30.1171305423589,107.624571487156,0.98333244861794,1.00357430488493,0.996438425269033,1.05375562387003,1.05752206774394,6,4.4,0,0.176253677957324,0.365495956100287,2.19297573660172,"False",NA
2019-03-28,48.6145630171668,13.5274630027778,0.645259936599699,0.246870687629512,17.2972230694444,0.398389248970187,250.550714848,0,59.6279213333333,234.992732174895,29.5115034993546,151.629688011944,0.0405998105,101.759056666667,3.80897993333333,1.05425055666667,16.8374543333333,"TFPR",151.629688011944,59.6279213333333,1.83932411301607,250.550714848,397.08247,0.754403983016067,29.5115034993546,15.4959606666667,1.08492013,3.80897993333333,37.6859451666667,119.131154666667,234.992732174895,74.4633186333333,45.4099316666667,3.96666666666667,3.56666666666667,48.6145630171668,2.55415528278613,344.205473333333,29.9619586666667,10.43769,24.4664,0,0,0,0,0,293.527974443251,200.244251029111,205.48122867554,151.276993328406,1.00746126127103,87,87,48.5014842517649,199.778477580171,0.974513595815124,0.997673973427223,1.00233144958647,1.70438010084732,1.70041566744263,6.2000003,4.5,0,0.274260578252332,0.449821282401745,2.78889208583721,"False",NA
2019-03-29,84.124873482575,13.5394164826389,0.703212585118367,0.0411643564369058,17.3093903923611,0.662048228681462,NA,NA,NA,418.410086326234,56.0174096999032,270.771132550823,NA,NA,NA,NA,NA,"TFPR",270.771132550823,NA,NA,NA,NA,NA,56.0174096999032,NA,NA,NA,NA,NA,418.410086326234,NA,NA,NA,NA,84.124873482575,NA,NA,NA,NA,NA,0,0,0,0,0,295.126211282678,354.896006033398,362.392676626331,270.141311701369,1.01429683406812,88,88,83.929196791423,354.070508492792,0.979313404832783,0.997673973427223,1.00233144958647,2.96211928897231,2.95522932079443,7.5,5.2000003,0,0.394030576105924,0.514628466976224,3.85971350232168,"False",NA
2019-03-30,84.7520171805421,13.4420946499252,0.766495021981552,0.345859793014321,17.7607994988782,0.42063522896723,NA,NA,NA,414.211482647628,60.3366978315586,265.777023431752,NA,NA,NA,NA,NA,"TFPR",265.777023431752,NA,NA,NA,NA,NA,60.3366978315586,NA,NA,NA,NA,NA,414.211482647628,NA,NA,NA,NA,84.7520171805421,NA,NA,NA,NA,NA,0,0,0,0,0,296.708906937523,350.529040612294,353.87478481607,261.923194786773,1.02228562585699,89,89,83.5230932227341,345.446288009507,0.990545400951598,0.985499767454619,1.01471358291929,2.98420163356081,2.94093001591187,4.7000003,3.4,0,0.62572975067935,0.548142940895221,2.57627198665042,"False",NA
2019-03-31,85.3791608785092,13.9707316596053,0.843638267106405,1.19611717190745,19.1485562951997,-0.352478904801046,NA,NA,NA,410.012878969022,64.6559859632139,260.782914312681,NA,NA,NA,NA,NA,"TFPR",260.782914312681,NA,NA,NA,NA,NA,64.655985963214,NA,NA,NA,NA,NA,410.012878969022,NA,NA,NA,NA,85.3791608785092,NA,NA,NA,NA,NA,0,0,0,0,0,298.275600717318,346.162075191191,345.356893005808,257.001501411285,1.03108852886047,90,90,84.1411431912413,341.142644602527,1.00233144958647,0.985499767454619,1.01471358291929,3.0062839781493,2.96269216136868,4.2000003,3,0,0.705402845178055,0.633874545587179,2.66227328162852,"False",NA
2019-04-01,86.0063045764763,14.1764192331565,0.894789474294606,1.62139370410494,18.5472099407778,-0.726604229810331,NA,NA,NA,405.814275290416,68.9752740948693,255.788805193611,NA,NA,NA,NA,NA,"TFPR",255.788805193611,NA,NA,NA,NA,NA,68.9752740948693,NA,NA,NA,NA,NA,405.814275290416,NA,NA,NA,NA,86.0063045764763,NA,NA,NA,NA,NA,0,0,0,0,0,299.825849267697,341.795109770087,336.839001195547,248.885179544022,1.04091317042668,91,91,83.6850328153799,332.570212359402,1.01471358291929,0.973010446472185,1.02773819502727,3.0283663227378,2.94663206776843,2.9,2.2,0,1.01608002336843,0.662222361510405,1.92044484838018,"False",NA
2019-04-02,86.6334482744434,14.076413346507,0.936544694947368,1.66964907388143,17.4196320972673,-0.733104378934065,NA,NA,NA,401.61567161181,73.2945622265247,250.79469607454,NA,NA,NA,NA,NA,"TFPR",250.79469607454,NA,NA,NA,NA,NA,73.2945622265247,NA,NA,NA,NA,NA,401.61567161181,NA,NA,NA,NA,86.6334482744434,NA,NA,NA,NA,NA,0,0,0,0,0,301.359226728028,337.428144348984,328.321109385286,244.025859200344,1.05185526257497,92,92,84.2952501849411,328.321109385286,1.02773819502727,0.973010446472185,1.02773819502727,3.05044866732629,2.96811841973564,4.6,3.6000001,0,0.645243134725139,0.687431209567591,3.16218356401092,"False",NA
2019-04-03,87.2605919724105,13.904098185334,0.990622756714309,0.370383661363529,17.2080800647321,0.620239095350781,NA,NA,NA,397.417067933204,77.6138503581801,245.800586955469,NA,NA,NA,NA,NA,"TFPR",245.800586955469,NA,NA,NA,NA,NA,77.6138503581801,NA,NA,NA,NA,NA,397.417067933204,NA,NA,NA,NA,87.2605919724105,NA,NA,NA,NA,NA,0,0,0,0,0,302.87532486079,333.06117892788,319.803217575024,236.016154279002,1.06455534927002,93,93,83.7870632960226,319.803217575024,1.0414566227738,0.960193615492706,1.0414566227738,3.07253101191479,2.95022466104392,3.8,2.8,1.2,0.776374910801032,0.715859950444675,2.72026781168977,"False",NA
2019-04-04,87.8877356703775,13.6917029237434,1.05476725322461,0.481641139425456,17.6066580707672,0.573126113799153,NA,NA,NA,393.218464254598,81.9331384898354,240.806477836399,NA,NA,NA,NA,NA,"TFPR",240.806477836399,NA,NA,NA,NA,NA,81.9331384898354,NA,NA,NA,NA,NA,393.218464254598,NA,NA,NA,NA,87.8877356703775,NA,NA,NA,NA,NA,0,0,0,0,0,304.373753152646,328.694213506776,311.285325764763,228.052456719087,1.07800289098162,94,94,83.2328690456756,311.285325764763,1.05592582207094,0.947036220819705,1.05592582207094,3.09461335650328,2.93071093804105,6.2000003,4.9,1.5,0.472695289714913,0.717602801322445,4.44913758348,"False",NA
2019-04-05,88.5148793683446,13.7964466148784,1.1349523947539,1.05695407995251,18.7910414420917,0.0779983148013875,NA,NA,NA,389.019860575992,86.2524266214908,235.812368717328,NA,NA,NA,NA,NA,"TFPR",235.812368717328,NA,NA,NA,NA,NA,86.2524266214908,NA,NA,NA,NA,NA,389.019860575992,NA,NA,NA,NA,88.5148793683446,NA,NA,NA,NA,NA,0,0,0,0,0,305.854138887172,324.327248085673,302.767433954501,220.136624944995,1.09345033336302,95,95,82.6308090095061,302.767433954501,1.07120915829544,0.933524505700871,1.07120915829544,3.11669570109177,2.90951181378173,5.1,4.3,0,0.570492512506221,0.62972430815737,3.21159397160259,"False",NA
2019-04-06,89.1420230663117,13.4969593742384,1.19865388547334,1.26937452255283,19.0192350285546,-0.0707206370794899,NA,NA,NA,384.821256897386,90.5717147531462,230.818259598257,NA,NA,NA,NA,NA,"TFPR",230.818259598258,NA,NA,NA,NA,NA,90.5717147531462,NA,NA,NA,NA,NA,384.821256897386,NA,NA,NA,NA,89.1420230663117,NA,NA,NA,NA,NA,0,0,0,0,0,307.316127189309,319.960282664569,294.24954214424,212.270618839651,1.10985374402224,96,96,81.9789233045895,294.24954214424,1.08737733398996,0.919643962349905,1.08737733398996,3.13877804568027,2.88655827886629,3.5,2.8,15,0.824730936818941,0.601461248730097,2.10511437055534,"False",NA
2019-04-07,89.7691667642788,13.9707316596053,1.26046847282641,1.60839992802793,19.1485562951997,-0.347931455201521,NA,NA,NA,380.62265321878,94.8910028848016,225.824150479187,NA,NA,NA,NA,NA,"TFPR",225.824150479187,NA,NA,NA,NA,NA,94.8910028848016,NA,NA,NA,NA,NA,380.62265321878,NA,NA,NA,NA,89.7691667642788,NA,NA,NA,NA,NA,0,0,0,0,0,308.759381041646,315.593317243466,285.731650333979,204.456506764079,1.12855256312699,97,97,81.2751435698996,285.731650333979,1.10450948249724,0.905379279985038,1.10450948249724,3.16086039026876,2.86177750427476,2.1000001,1.9,34.600002,1.36275112761888,0.517868736665729,1.0875243987849,"False",NA
2019-04-08,90.3963104622459,14.1764192331565,1.30776431065372,2.02602901903384,18.5472099407778,-0.718264708380114,NA,NA,NA,376.424049540174,99.2102910164569,220.830041360116,NA,NA,NA,NA,NA,"TFPR",220.830041360116,NA,NA,NA,NA,NA,99.2102910164569,NA,NA,NA,NA,NA,376.424049540174,NA,NA,NA,NA,90.3963104622459,NA,NA,NA,NA,NA,0,0,0,0,0,310.183581272717,311.226351822362,277.213758523717,196.696473167948,1.14847260636386,98,98,80.5172853557688,277.213758523717,1.12269446321776,0.890714288492968,1.12269446321776,3.18294273485726,2.83509257339224,5.8,4.6,0,0.488809064377973,0.505336818235172,2.930953545764,"False",NA
2019-04-09,91.023454160213,14.076413346507,1.34198701179635,1.86450062716316,17.4196320972673,-0.522513615366806,NA,NA,NA,372.225445861568,103.529579148112,215.835932241045,NA,NA,NA,NA,NA,"TFPR",215.835932241045,NA,NA,NA,NA,NA,103.529579148112,NA,NA,NA,NA,NA,372.225445861568,NA,NA,NA,NA,91.023454160213,NA,NA,NA,NA,NA,0,0,0,0,0,311.588426517565,306.859386401258,268.695866713456,188.992826849948,1.16973887803652,99,99,79.7030398635075,268.695866713456,1.14203240323194,0.875631897282429,1.14203240323194,3.20502507944575,2.80642219115285,5.9,4.8,0,0.4756647781615,0.484233226655977,2.85697603727026,"False",NA
2019-04-10,91.6505978581801,13.904098185334,1.39444684336626,0.548184133381476,17.2080800647321,0.84626270998478,NA,NA,NA,368.026842182962,107.848867279768,210.841823121975,NA,NA,NA,NA,NA,"TFPR",210.841823121975,NA,NA,NA,NA,NA,107.848867279768,NA,NA,NA,NA,NA,368.026842182962,NA,NA,NA,NA,91.6505978581801,NA,NA,NA,NA,NA,0,0,0,0,0,312.973633150874,302.492420980155,260.177974903195,181.348009933683,1.19249424272358,100,100,78.8299649695116,260.177974903195,1.16263654174687,0.860114028841284,1.16263654174687,3.22710742403425,2.77568036798971,10.1,7,0,0.274819838414823,0.455318253506955,4.59871436042024,"False",NA
2019-04-11,92.2777415561471,13.6917029237434,1.46103671935217,0.748411879569703,17.6066580707672,0.712624839782463,NA,NA,NA,363.828238504356,112.168155411423,205.847714002904,NA,NA,NA,NA,NA,"TFPR",205.847714002904,NA,NA,NA,NA,NA,112.168155411423,NA,NA,NA,NA,NA,363.828238504356,NA,NA,NA,NA,92.2777415561471,NA,NA,NA,NA,NA,0,0,0,0,0,314.338935193041,298.125455559051,251.660083092933,173.764607632441,1.21690277115543,101,101,77.8954754604924,251.660083092933,1.18463544911475,0.844141546454041,1.18463544911475,3.24918976862274,2.74277607600785,6.9,5.1,0,0.397503779131573,0.444726089504963,3.06861001758424,"False",NA
2019-04-12,92.9048852541142,13.7964466148784,1.54940985521312,1.34291523684928,18.7910414420917,0.206494618363839,NA,NA,NA,359.62963482575,116.487443543078,200.853604883833,NA,NA,NA,NA,NA,"TFPR",200.853604883834,NA,NA,NA,NA,NA,116.487443543078,NA,NA,NA,NA,NA,359.62963482575,NA,NA,NA,NA,92.9048852541142,NA,NA,NA,NA,NA,0,0,0,0,0,315.684084189631,293.758490137948,243.142191282672,166.245358884933,1.24315387664837,102,102,76.8968323977386,243.142191282672,1.20817571227871,0.827694175472148,1.20817571227871,3.27127211321124,2.70761287448941,6.1,4.6,0.90000004,0.44387096303105,0.424182230210162,2.58751160428199,"False",NA
2019-04-13,93.5320289520813,13.4969593742384,1.61469241533178,1.58287944651652,19.0192350285546,0.0318129688152632,NA,NA,NA,355.431031147144,120.806731674734,195.859495764763,NA,NA,NA,NA,NA,"TFPR",195.859495764763,NA,NA,NA,NA,NA,120.806731674734,NA,NA,NA,NA,NA,355.431031147144,NA,NA,NA,NA,93.5320289520813,NA,NA,NA,NA,NA,0,0,0,0,0,317.008849064691,289.391524716844,234.62429947241,158.793167954004,1.27146747161547,103,103,75.8311315184068,234.62429947241,1.23342520517946,0.810750417456002,1.23342520517946,3.29335445779973,2.67008850149172,4.1,3.1000001,7.1,0.651241097924809,0.405307894235965,1.66176236636746,"False",NA
2019-04-14,94.1591726500484,13.9707316596053,1.67729867854641,1.76796032161518,19.1485562951997,-0.0906616430687751,NA,NA,NA,351.232427468538,125.126019806389,190.865386645692,NA,NA,NA,NA,NA,"TFPR",190.865386645692,NA,NA,NA,NA,NA,125.126019806389,NA,NA,NA,NA,NA,351.232427468538,NA,NA,NA,NA,94.1591726500484,NA,NA,NA,NA,NA,0,0,0,0,0,318.313015948485,285.024559295741,226.106407662149,151.411117091584,1.30006176304407,104,104,74.6952905705648,226.106407662149,1.2605770983794,0.793287456424209,1.2605770983794,3.31543680238823,2.63009442790177,6.9,4.9,0,0.38117310549301,0.467848086171585,3.22815179458394,"False",NA
2019-04-15,94.7863163480155,14.1764192331565,1.72073914701284,2.13943880356745,18.5472099407778,-0.418699656554609,NA,NA,NA,347.033823789932,129.445307938045,185.871277526621,NA,NA,NA,NA,NA,"TFPR",185.871277526621,NA,NA,NA,NA,NA,129.445307938045,NA,NA,NA,NA,NA,347.033823789932,NA,NA,NA,NA,94.7863163480155,NA,NA,NA,NA,NA,0,0,0,0,0,319.596387980251,280.657593874637,217.588515851888,144.102480386036,1.32882164197958,105,105,73.4860354658518,217.588515851888,1.28985481047024,0.775281056350391,1.28985481047024,3.33751914697672,2.58751536985777,7.5,5.4,0,0.345002049314369,0.496183872185822,3.72137904139367,"False",NA
2019-04-16,95.4134600459826,14.076413346507,1.74742932864533,2.11042812733333,17.4196320972673,-0.362998798687998,NA,NA,NA,342.835220111326,133.7645960697,180.877168407551,NA,NA,NA,NA,NA,"TFPR",180.877168407551,NA,NA,NA,NA,NA,133.7645960697,NA,NA,NA,NA,NA,342.835220111326,NA,NA,NA,NA,95.4134600459826,NA,NA,NA,NA,NA,0,0,0,0,0,320.858785086637,276.290628453533,209.070624041626,136.870738922688,1.35782892763897,106,106,72.1998851189382,209.070624041626,1.32151816985309,0.756705448939206,1.32151816985309,3.35960149156522,2.54222875493168,7.4,5.3,0,0.343544426342119,0.482958100531913,3.57388994393615,"False",NA
2019-04-17,96.0406037439497,13.904098185334,1.7982709300182,0.863498196401537,17.2080800647321,0.934772733616664,NA,NA,NA,338.63661643272,138.083884201355,175.88305928848,NA,NA,NA,NA,NA,"TFPR",175.88305928848,NA,NA,NA,NA,NA,138.083884201355,NA,NA,NA,NA,NA,338.63661643272,NA,NA,NA,NA,96.0406037439497,NA,NA,NA,NA,NA,0,0,0,0,0,322.100043736528,271.92366303243,200.552732231365,129.719597405207,1.38694349676808,107,107,70.8331348261584,200.552732231365,1.35587114674024,0.737533210588764,1.35587114674024,3.38168383615371,2.49410413687457,3.5,3,47.9,0.712601181964163,0.451408289685253,1.57992901389839,"False",NA
2019-04-18,96.6677474419167,13.5012987266736,1.87616602091346,0.917333399052839,17.9077427455357,0.958832621860623,NA,NA,NA,334.438012754114,142.403172333011,170.888950169409,NA,NA,NA,NA,NA,"TFPR",170.88895016941,NA,NA,NA,NA,NA,142.403172333011,NA,NA,NA,NA,NA,334.438012754114,NA,NA,NA,NA,96.6677474419167,NA,NA,NA,NA,NA,0,0,0,0,0,323.320016673021,267.556697611326,192.034840421104,122.653002404688,1.41625232904634,108,108,69.3818380164152,192.034840421104,1.39327164291966,0.717735127304002,1.39327164291966,3.4037661807422,2.44300255304806,4.1,3.4,3.6000001,0.595854281231235,0.443506502526705,1.81837666035949,"False",NA
2019-04-19,97.2948911398838,11.4952009899564,1.97518589512379,1.40054811600179,19.1187437847654,0.574637779121996,NA,NA,NA,330.239409075508,146.722460464666,165.894841050339,NA,NA,NA,NA,NA,"TFPR",165.894841050339,NA,NA,NA,NA,NA,146.722460464666,NA,NA,NA,NA,NA,330.239409075508,NA,NA,NA,NA,97.2948911398838,NA,NA,NA,NA,NA,0,0,0,0,0,324.518572623362,263.189732190223,183.516948610842,115.675162425542,1.44558247899201,109,109,67.8417861853003,183.516948610842,1.43414400785581,0.697280046161541,1.43414400785581,3.4258485253307,2.38877581788504,6.8,4.9,0,0.351290561453682,0.444486971667196,3.02251140733693,"False",NA
2019-04-20,97.9220348378509,7.66929357221396,1.97688103685563,1.43825009336436,17.2477148789683,0.538630943491267,NA,NA,NA,326.040805396902,151.041748596321,160.900731931268,NA,NA,NA,NA,NA,"TFPR",160.900731931268,NA,NA,NA,NA,NA,151.041748596321,NA,NA,NA,NA,NA,326.040805396902,NA,NA,NA,NA,97.9220348378509,NA,NA,NA,NA,NA,0,0,0,0,0,325.695595987681,258.822766769119,174.999056800581,110.465528693567,1.47502449641367,110,110,67.227844269433,177.693372963,1.47899521003738,0.686544600311417,1.4565696089466,3.44793086991919,2.36715832099007,5.5,4.5,0,0.430392421998194,0.452039704752006,2.48621837613603,"False",NA
2019-04-21,98.549178535818,9.53892635293942,2.06661317739865,1.53964196585138,18.2253228001096,0.526971211547271,NA,NA,NA,321.842201718296,155.361036727977,155.906622812197,NA,NA,NA,NA,NA,"TFPR",155.906622812197,NA,NA,NA,NA,NA,155.361036727977,NA,NA,NA,NA,NA,321.842201718296,NA,NA,NA,NA,98.549178535818,NA,NA,NA,NA,NA,0,0,0,0,0,326.85098650743,254.455801348015,166.481164990319,105.413879473117,1.50436150428477,111,111,66.6325204212981,172.046399894415,1.52843597269884,0.676134711737656,1.47899521003738,3.47001321450769,2.34619638451701,7.2000003,5.4,0,0.325860595383171,0.470499869998118,3.38759920513641,"False",NA
2019-04-22,99.1763222337851,11.268412402972,2.15366597592985,1.7250514978862,19.0979368853378,0.428614478043651,NA,NA,NA,317.64359803969,159.680324859632,150.912513693127,NA,NA,NA,NA,NA,"TFPR",150.912513693127,NA,NA,NA,NA,NA,159.680324859632,NA,NA,NA,NA,NA,317.64359803969,NA,NA,NA,NA,99.1763222337851,NA,NA,NA,NA,NA,0,0,0,0,0,327.984658914444,250.088835926912,157.963273180058,100.359745259955,1.53368425912713,112,112,65.9541756453774,166.313920905333,1.58320874778179,0.66501937317161,1.50371559136811,3.49209555909618,2.32231119976551,6.6,5.1,0,0.351865333297804,0.433300026378163,2.85978017409587,"False",NA
2019-04-23,99.8034659317522,12.386016054907,2.24173739611943,2.34680173921069,19.9547913031689,-0.10506434309126,NA,NA,NA,313.444994361084,163.999612991288,145.918404574056,NA,NA,NA,NA,NA,"TFPR",145.918404574056,NA,NA,NA,NA,NA,163.999612991288,NA,NA,NA,NA,NA,313.444994361084,NA,NA,NA,NA,99.8034659317522,NA,NA,NA,NA,NA,0,0,0,0,0,329.096542561592,245.721870505808,149.445381369797,95.469098595213,1.56271571373236,113,113,65.29777348509,160.766872080303,1.64422525643519,0.654263585692926,1.52843597269884,3.51417790368468,2.29919863602759,5.8,4.4,0,0.396413557935791,0.432641196465454,2.50931893949963,"False",NA
2019-04-24,100.430609629719,13.6559825116674,2.32895050439902,2.63629863248558,20.7474623203097,-0.307348128086561,NA,NA,NA,309.246390682478,168.318901122943,140.924295454985,NA,NA,NA,NA,NA,"TFPR",140.924295454985,NA,NA,NA,NA,NA,168.318901122943,NA,NA,NA,NA,NA,309.246390682478,NA,NA,NA,NA,100.430609629719,NA,NA,NA,NA,NA,0,0,0,0,0,330.186581036017,241.354905084705,140.927489559535,90.5786541293944,1.59904011169604,114,114,64.551463069477,155.130117198871,1.71261764357722,0.642746900645867,1.55582236024031,3.53626024827317,2.27292031445477,2.7,2.3,78.8,0.84182233868695,0.410281670589257,1.10776051059099,"False",NA
2019-04-25,101.057753327686,14.2952151646652,2.40676981869995,2.60255410635091,21.2381054995747,-0.195784287650963,NA,NA,NA,305.047787003872,172.638189254598,135.930186335915,NA,NA,NA,NA,NA,"TFPR",135.930186335915,NA,NA,NA,NA,NA,172.638189254598,NA,NA,NA,NA,NA,305.047787003872,NA,NA,NA,NA,101.057753327686,NA,NA,NA,NA,NA,0,0,0,0,0,331.254731755989,236.987939663601,132.409597749274,85.8573997436314,1.6373170012335,115,115,63.8309720491863,149.688371792818,1.78980937705402,0.631628647454789,1.58320874778179,3.55834259286167,2.24755111910998,6.7000003,5.2000003,0,0.335455375891548,0.405419789036459,2.71631270817021,"False",NA
2019-04-26,101.684897025653,12.0048305555886,2.43336192324087,2.13962506594367,20.258531281746,0.293736857297201,NA,NA,NA,300.849183325266,176.957477386254,130.936077216844,NA,NA,NA,NA,NA,"TFPR",130.936077216844,NA,NA,NA,NA,NA,176.957477386254,NA,NA,NA,NA,NA,300.849183325266,NA,NA,NA,NA,101.684897025653,NA,NA,NA,NA,NA,0,0,0,0,0,332.300965552419,232.620974242498,123.891705939013,81.1394296805219,1.65314918035311,116,116,63.0128435734343,144.152273253956,1.87761539385864,0.619687342138304,1.61371700210849,3.58042493745016,2.21874401321419,6.4,5.1,0,0.346678752064718,0.39625943660694,2.53606039428441,"False",NA
2019-04-27,102.312040723621,7.66929357221396,2.38197727975647,1.54865659010576,17.2477148789683,0.833320689650706,NA,NA,NA,296.65057964666,181.276765517909,125.941968097773,NA,NA,NA,NA,NA,"TFPR",125.941968097773,NA,NA,NA,NA,NA,181.276765517909,NA,NA,NA,NA,NA,296.65057964666,NA,NA,NA,NA,102.312040723621,NA,NA,NA,NA,NA,0,0,0,0,0,333.325266236115,228.254008821394,115.373814128751,76.5965415047971,1.66975291246256,117,117,62.2250755017845,138.821617006582,1.97838660830502,0.608189173646487,1.64422525643519,3.60250728203866,2.19100592691854,8,6,0,0.273875740864818,0.370362032115266,2.96289625692213,"False",NA
2019-04-28,102.939184421588,9.53892635293942,2.47803892000877,1.78047550262518,18.2253228001096,0.697563417383591,NA,NA,NA,292.451975968054,185.596053649564,120.947858978703,NA,NA,NA,NA,NA,"TFPR",120.947858978703,NA,NA,NA,NA,NA,185.596053649564,NA,NA,NA,NA,NA,292.451975968054,NA,NA,NA,NA,102.939184421588,NA,NA,NA,NA,NA,0,0,0,0,0,334.327630151861,223.88704340029,106.85592231849,72.0604821740426,1.68741752993302,118,118,61.330951425345,133.391433599388,2.09522353597756,0.595797914758718,1.6784214500062,3.62458962662715,2.15952294140054,7.4,5.6,0,0.291827424513586,0.300247215968543,2.22182939816722,"False",NA
2019-04-29,103.566328119555,11.268412402972,2.57053392810994,1.97248293929546,19.0979368853378,0.598050988814482,NA,NA,NA,288.253372289448,189.91534178122,115.953749859632,NA,NA,NA,NA,NA,"TFPR",115.953749859632,NA,NA,NA,NA,NA,189.91534178122,NA,NA,NA,NA,NA,288.253372289448,NA,NA,NA,NA,103.566328119555,NA,NA,NA,NA,NA,0,0,0,0,0,335.30806572044,219.520077979187,98.3380305082285,67.7055677281441,1.70621683988912,119,119,60.4725336726247,128.178101400769,2.23230094038561,0.583901493570541,1.71261764357722,3.64667197121565,2.12929721055465,7.4,5.6,0,0.287742866291168,0.322231645067602,2.38451417350025,"False",NA
2019-04-30,104.193471817522,12.386016054907,2.66397137639359,2.61206555511708,19.9547913031689,0.0519058212765138,NA,NA,NA,284.054768610842,194.234629912875,110.959640740561,NA,NA,NA,NA,NA,"TFPR",110.959640740561,NA,NA,NA,NA,NA,194.234629912875,NA,NA,NA,NA,NA,284.054768610842,NA,NA,NA,NA,104.193471817522,NA,NA,NA,NA,NA,0,0,0,0,0,336.26659296971,215.153112558083,89.8201386979671,60.510929424163,1.66437445785284,120,120,56.8210547324153,117.331984156578,2.39537720245085,0.545341792928527,1.83371238545633,3.66875431580414,2.0007250563949,9.3,6.7000003,0,0.215131726494075,0.397713497233501,3.69873552427156,"False",NA
2019-05-01,104.820615515489,13.6559825116674,2.75611438405836,2.46533222456538,20.7474623203097,0.290782159492973,NA,NA,NA,279.856164932236,198.55391804453,105.965531621491,NA,NA,NA,NA,NA,"TFPR",105.965531621491,NA,NA,NA,NA,NA,198.55391804453,NA,NA,NA,NA,NA,279.856164932236,NA,NA,NA,NA,104.820615515489,NA,NA,NA,NA,NA,0,0,0,0,0,337.203243055868,210.78614713698,81.3022468877057,56.4362286164068,1.59155099132913,121,121,55.8264572490934,112.2626858655,2.5926238844065,0.532590435331341,1.87761539385864,3.69083666039263,1.96570430369539,5.6,4.5,31.9,0.351018625659891,0.443560305042787,2.48393770823961,"False",NA
2019-05-02,105.447759213456,14.2952151646652,2.83693190118575,2.39970508677234,21.2381054995747,0.437226814413414,NA,NA,NA,275.65756125363,202.873206176186,100.97142250242,NA,NA,NA,NA,NA,"TFPR",100.97142250242,NA,NA,NA,NA,NA,202.873206176186,NA,NA,NA,NA,NA,275.65756125363,NA,NA,NA,NA,105.447759213456,NA,NA,NA,NA,NA,0,0,0,0,0,338.11805777603,206.419181715876,72.7843550774444,67.8687038100641,1.48774644031801,122,122,70.8775073196722,138.746211129736,2.83603779268554,0.67215754842354,1.48774644031801,3.71291900498113,2.49566653588328,5.1,4.3,23.1,0.489346379584957,0.472897238550466,2.41177591660738,"False",NA
2019-05-03,106.074902911423,12.0048305555886,2.8575132730507,2.01479121292541,20.258531281746,0.842722060125289,NA,NA,NA,271.458957575024,207.192494307841,95.9773133833495,NA,NA,NA,NA,NA,"TFPR",95.9773133833495,NA,NA,NA,NA,NA,207.192494307841,NA,NA,NA,NA,NA,271.458957575024,NA,NA,NA,NA,106.074902911423,NA,NA,NA,NA,NA,0,0,0,0,0,339.011089073263,202.052216294773,64.2664632671829,69.7064964622065,1.37687759756204,123,123,77.0401836003753,146.746680062582,3.14397597164723,0.726280972085424,1.37687759756204,3.73500134956962,2.7126604109058,3.1000001,2.9,81.4,0.875051717226009,0.497549853328968,1.54240459507479,"False",NA
2019-05-04,106.70204660939,7.66929357221396,2.7870735226573,1.80151523027629,17.2477148789683,0.985558292381012,NA,NA,NA,267.260353896418,211.511782439497,90.9832042642788,NA,NA,NA,NA,NA,"TFPR",90.9832042642788,NA,NA,NA,NA,NA,211.511782439497,NA,NA,NA,NA,NA,267.260353896418,NA,NA,NA,NA,106.70204660939,NA,NA,NA,NA,NA,0,0,0,0,0,339.882398535206,197.685250873669,55.7485714569216,72.0201135214567,1.26330270553062,124,124,84.4627705950905,156.482884116547,3.54601464588964,0.791575918916419,1.26330270553062,3.75708369415812,2.97401697764911,5,4.3,0,0.594803395529821,0.550674138398241,2.7533706919912,"False",NA
2019-05-05,107.329190307357,9.53892635293942,2.88946466261889,2.12353023278288,18.2253228001096,0.765934429836008,NA,NA,NA,263.061750217812,215.831070571152,85.9890951452081,NA,NA,NA,NA,NA,"TFPR",85.9890951452081,NA,NA,NA,NA,NA,215.831070571152,NA,NA,NA,NA,NA,263.061750217812,NA,NA,NA,NA,107.329190307357,NA,NA,NA,NA,NA,0,0,0,0,0,340.732056887401,193.318285452565,47.2306796466603,75.7950917850547,1.13449424125064,125,125,94.6053196259861,170.400411411041,4.09306592449671,0.881450044997694,1.13449424125064,3.77916603874661,3.33114607490696,6.7000003,5.5,0,0.497185959067339,0.583950057187966,3.91246555834439,"False",NA
2019-05-06,107.956334005324,11.268412402972,2.98740188029003,2.34941184605293,19.0979368853378,0.6379900342371,NA,NA,NA,258.863146539206,220.150358702807,80.9949860261375,NA,NA,NA,NA,NA,"TFPR",80.9949860261375,NA,NA,NA,NA,NA,220.150358702807,NA,NA,NA,NA,NA,258.863146539206,NA,NA,NA,NA,107.956334005324,NA,NA,NA,NA,NA,0,0,0,0,0,341.560143482454,188.951320031462,38.7127878363989,62.7716253206032,1.00147959521877,126,126,83.6668401545408,146.438465475144,4.88085024591808,0.775006310888757,1.2903120735278,3.80124838333511,2.94599148634039,6.4,5.3,0,0.460311169740686,0.639766533226452,4.09450581264929,"False",NA
2019-05-07,108.583477703291,12.386016054907,3.08620535666775,3.00138263679346,19.9547913031689,0.0848227198742941,NA,NA,NA,254.6645428606,224.469646834463,76.0008769070668,NA,NA,NA,NA,NA,"TFPR",76.0008769070668,NA,NA,NA,NA,NA,224.469646834463,NA,NA,NA,NA,NA,254.6645428606,NA,NA,NA,NA,108.583477703291,NA,NA,NA,NA,NA,0,0,0,0,0,342.366745786129,184.584354610358,30.1948960261375,68.8443213175745,0.994655458509474,127,127,98.3588102269646,167.203131544539,6.11309787093082,0.905835881364325,1.10395273644255,3.8233307279236,3.46331015967598,5.9,4.6,9.900001,0.58700172197898,0.658816005766458,3.8870144340221,"False",NA
2019-05-08,109.210621401258,11.5594664830449,3.13286652155295,2.48958919658243,19.6608004941774,0.643277324970521,NA,NA,NA,250.465939181994,228.788934966118,71.0067677879961,NA,NA,NA,NA,NA,"TFPR",71.0067677879961,NA,NA,NA,NA,NA,228.788934966118,NA,NA,NA,NA,NA,250.465939181994,NA,NA,NA,NA,109.210621401258,NA,NA,NA,NA,NA,0,0,0,0,0,343.151958861476,180.217389189255,21.6770042158761,77.3836950415398,0.989389311058775,128,128,119.018534219786,196.402229261326,8.31375901367702,1.08980731629108,0.917593399357313,3.8454130725121,4.19075930058503,3.3,2.9,36.9,1.26992706078334,0.667715432718149,2.20346092796989,"False",NA
2019-05-09,109.837765099226,8.55646592430556,3.1007801885446,2.23213865387786,17.7446718576389,0.868641534666745,NA,NA,NA,246.267335503388,233.108223097773,66.0126586689255,NA,NA,NA,NA,NA,"TFPR",66.0126586689255,NA,NA,NA,NA,NA,233.108223097773,NA,NA,NA,NA,NA,246.267335503388,NA,NA,NA,NA,109.837765099226,NA,NA,NA,NA,NA,0,0,0,0,0,343.915884852049,175.850423768151,13.1591124056147,73.1572262533115,0.985357566332353,129,129,121.725535594958,194.88276184827,13.3633955199835,1.10823026565584,0.902339550714408,3.86749541710059,4.28607547351613,5.2000003,4.4,1.3000001,0.824245235815877,0.691807148177657,3.59739737806596,"False",NA
2019-05-10,85.148437190021,8.56223180763889,3.1592324540911,2.22434887592652,17.7474228958333,0.934883578164576,53.1873137647059,0,69.7439523529412,166.870085403033,146.937829332769,41.6957562672999,0.0576247188235294,100.9887,2.55134523529412,1.55566570588235,22.4490847058824,"TFPR",41.6957562672999,69.7439523529412,2.22664155677519,53.1873137647059,416.2987,1.15808343912813,146.937829332769,19.1830247058824,1.06855811764706,2.55134523529412,52.3014947058824,301.503176470588,166.870085403033,13.4283277841176,54.6708529411765,7.47058823529412,7.52941176470588,85.148437190021,8.9253990491401,404.927064705882,49.9321364705882,17.70399,20.67848,0,0,0,0,0,344.658632465276,126.844193457321,19.9322560702646,45.440340238393,0.981894163161519,130,130,92.7953898204361,138.235730058829,6.36376499530077,1.08980731629108,0.917593399357313,2.99580501464164,3.26485022313795,3.3,2.9,0.5,0.989348552466046,0.716251675707947,2.36363052983623,"False",NA
2019-05-11,46.4703170104167,6.87663542291667,3.2262899962893,3.44410493983032,16.7875633333333,-0.217814943541015,60.4154243670833,0.0645833333333333,72.6273808333333,36.5555729979167,-7.5985859375,10.5023273604167,0.1374214874375,100.78545,3.49323614583333,1.58805427083333,21.41326375,"TFPR",10.5023273604167,72.6273808333333,1.91515928351972,60.4154243670833,405.261816666667,1.22749574122805,-7.5985859375,16.7875633333333,0.687663542291667,3.49323614583333,53.464465,307.147353854167,36.5555729979167,15.7003465172917,56.2029195833333,5.52083333333333,5.91666666666667,46.4703170104167,9.36163932530457,397.1023125,50.7260104166667,15.26999,19.07238,3.1,0,0,0,0,345.380316457005,56.9726443708333,44.1541589354167,11.267949176334,0.950673656617572,131,131,49.8580126396601,61.1259618159941,1.2903120735278,1.0729002048444,0.932053135496446,1.63122336695027,1.75013988454791,2.7,2.4,7.3,0.648199957239967,0.723550844374947,1.95358727981236,"False",NA
2019-05-12,93.1920069708333,12.1086922708333,4.04211964104755,5.11381710976601,19.5693320833333,-1.07169746871847,272.482689452083,0,66.313294375,150.243224864583,3.39872461875,41.5515371866667,0.137256917854167,100.8153875,2.49443695416667,1.4855553125,21.649283125,"TFPR",41.5515371866667,66.313294375,2.30196020415525,272.482689452083,421.169258333333,1.09109097707191,3.39872461875,19.5693320833333,1.21086922708333,2.49443695416667,53.5871336458333,211.9217021875,150.243224864583,69.8941054958333,55.68132875,6.22916666666667,6.16666666666667,93.1920069708333,7.99245892382667,368.823910416667,51.4929385416667,16.52008,23.46219,0,0,0,0,0,346.081057118212,134.7435441575,146.844500245833,43.8996007680967,0.93636094163512,132,132,98.4582563677102,142.357857135807,0.917593399357313,1.0565096682436,0.946512871635579,3.28002276175354,3.46537575985168,5.4,4.6,0,0.641736251824385,0.691156102567197,3.73224295386287,"False",NA
2019-05-13,104.333306483333,15.6020031041667,4.6235226124052,6.08142914650304,21.3153508333333,-1.45790653409784,282.00197816875,0,61.598039375,159.548006520833,3.5891545,34.0155612558333,0.154204124020833,100.993222916667,1.57526307291667,1.49315175,21.63652625,"TFPR",34.0155612558333,61.598039375,2.63003284247301,282.00197816875,427.43291875,1.06983253205634,3.5891545,21.3153508333333,1.56020031041667,1.57526307291667,51.5583965625,157.78113,159.548006520833,69.839196625,53.9643404166667,5.5625,5.60416666666667,104.333306483333,7.5527914439809,374.8181375,49.1524527083333,14.11719,27.79549,0,0,0,0,0,346.760979764862,138.348867739167,155.958852020833,35.9235887303849,0.938355577186259,133,133,110.185651937338,146.109240667723,0.887085702071504,1.05609278236514,0.946886501544381,3.67833338923476,3.88466134350354,6.4,5.4,0,0.606978334922428,0.625724656811611,4.00463780359431,"False",NA
2019-05-14,93.0799081639583,16.25166575,4.43772301413694,7.86886097851355,22.8374547916667,-3.4311379643766,235.433009708333,0,62.2213495833333,131.357356354167,4.0353458125,27.43201365625,0.137720766770833,101.163054166667,1.55482243333333,1.67935375,22.21277125,"TFPR",27.43201365625,62.2213495833333,2.8546079585633,235.433009708333,434.53285,1.2294413835633,4.0353458125,22.8374547916667,1.625166575,1.55482243333333,49.8197786458333,108.552540416667,131.357356354167,58.3579792541667,52.9015325,5.125,5.02083333333333,93.0799081639583,9.68775607353095,388.815179166667,46.7380247916667,16.79238,28.46252,0,0,0,0,0,347.420214231837,120.511921820208,127.322010541667,28.9593246304653,0.942371333633638,134,134,98.2622461067429,127.221570737208,0.946512871635579,1.05567622535312,0.947260131453184,3.28640728433085,3.4693820368954,5.5,4.8,0,0.630796733980981,0.51422385265965,2.82823118962807,"False",NA
2019-05-15,70.679444569375,19.3622346666667,4.19556874054179,4.40050388758172,24.2378677083333,-0.204935147039927,297.536609202083,0,58.0531079166667,169.451142770833,10.1787968541667,61.2453349935417,0.104704652604167,101.256260416667,2.05471982083333,1.66130802083333,22.9593870833333,"TFPR",61.2453349935417,58.0531079166667,3.10053699669432,297.536609202083,445.092483333333,1.16431353002765,10.1787968541667,24.2378677083333,1.93622346666667,2.05471982083333,48.2215422916667,119.033504166667,169.451142770833,74.1766312291667,52.1356372916667,4.25,4.08333333333333,70.679444569375,8.42971448446131,391.1836375,44.3074472916667,17.97654,29.6824,0,0,0,0,0,348.058894371839,131.924779562917,159.272345916667,64.531820328834,0.945068309278717,135,135,74.4721735683812,139.003993897215,0.828296832093761,1.05366099043525,0.949071863794553,2.49888206740201,2.6329745541197,5.3,4.6,0,0.496787651720697,0.44226517318038,2.34400541785601,"False",NA
2019-05-16,65.7633141447917,17.844017125,3.84929232689899,4.14193192953489,23.8943325,-0.292639602635892,262.508134965833,0,61.3818772916667,147.239990604167,6.09396833333333,55.1591857472917,0.0974257448333333,101.166379166667,2.38861567291667,1.77168766666667,23.3937414583333,"TFPR",55.1591857472917,61.3818772916667,3.05323684257887,262.508134965833,442.733720833333,1.26883513007887,6.09396833333333,23.8943325,1.7844017125,2.38861567291667,46.3841380208333,126.267354791667,147.239990604167,66.361717175,51.026078125,4.1875,3.97916666666667,65.7633141447917,10.1676770934454,393.82726875,41.7421979166667,17.43275,30.38487,0,0,0,0,0,348.677157560138,120.922499892083,141.146022270833,58.2302410032526,0.946496551662085,136,136,69.4247672430853,127.655008246338,0.856719147636022,1.05567622535312,0.947260131453184,2.32430012627795,2.45370838389689,6.7000003,5.4,0,0.36622511552677,0.430353238006273,2.883366823748,"False",NA
2019-05-17,44.6907419270833,17.0008060416667,3.60122508802094,2.23067317343761,25.5180558333333,1.37055191458333,229.498372917917,0,68.4944504166667,136.2744175,12.9695232375,72.1110684208333,0.0663079797291667,100.73029375,4.75452558333333,2.21074789583333,24.2084602083333,"TFPR",72.1110684208333,68.4944504166667,3.33543318854845,229.498372917917,454.33074375,1.63535258438178,12.9695232375,25.5180558333333,1.70008060416667,4.75452558333333,45.0754495833333,140.6793375,136.2744175,59.44994215,50.21120375,2.8125,2.75,44.6907419270833,14.0551538319143,420.556729166667,39.9396954166667,20.70423,31.11727,0,0,0,0,0,349.275144205988,116.801810347917,123.3048942625,76.1559788878809,0.946893890253025,137,137,47.1975699877359,123.353548875617,0.947260131453184,1.05609278236514,0.946886501544381,1.58200436090179,1.67074338721856,8,6.1,0,0.208842923402319,0.373687151948175,2.9894972155854,"False",NA
2019-05-18,27.7898566296875,14.8324546145833,3.30145163513088,2.56454975697081,26.512593125,0.736901878160072,117.281792588333,0.03125,70.0130875,68.3369626541667,6.0133358125,35.1965683835417,-0.00590943685416667,100.341,5.6267008125,2.52334864583333,24.8932791666667,"TFPR",35.1965683835417,70.0130875,3.47868954138704,117.281792588333,455.665202083333,1.99544407992871,6.0133358125,26.512593125,1.48324546145833,5.6267008125,43.923310625,144.579185416667,68.3369626541667,32.0303902041667,49.5695479166667,2.79166666666667,2.91666666666667,27.7898566296875,17.0037647174341,438.750783333333,38.2770733333333,24.40653,29.15723,1.5,0,0,0,0,349.852997271481,62.9864250132292,62.3236268416667,37.1855147862087,0.947702115288138,138,138,29.3602522083683,66.545766994577,1.01063478178583,1.0565096682436,0.946512871635579,0.984678437868738,1.04032228971932,7.2000003,5.7000003,1.8000001,0.144489200885078,0.332541244979989,2.39429706361829,"False",NA
2019-05-19,101.988905545833,18.5015506458333,2.99261361736053,4.23794990011094,28.19808875,-1.24533628275041,228.605541310417,0,70.29096125,143.6145603125,16.5295605333333,23.74883230625,0.1515393065625,100.68083125,2.19768419791667,2.64591266666667,25.700360625,"TFPR",23.74883230625,70.29096125,3.876110711584,228.605541310417,468.183072916667,2.02595564700066,16.5295605333333,28.19808875,1.85015506458333,2.19768419791667,43.28018,144.098547916667,143.6145603125,56.0605829958333,48.571889375,3.3125,3.1875,101.988905545833,17.3420991917044,439.252670833333,37.988470625,24.31616,32.88206,0,0,0,0,0,350.410861798613,125.737737852083,127.084999779167,25.2772357759439,0.948928032894137,139,139,108.5526049773,133.829840753244,0.98939873368671,1.06435699448228,0.939534390419839,3.6196818254132,3.85263366867892,6.9,5.9,0,0.55835270560564,0.284465559825588,1.96281236279655,"False",NA
2019-05-20,57.7919231875,19.5323810416667,2.60879674710244,1.50480256289638,27.8440289583333,1.10399418420605,240.566128916042,0,67.196658125,144.227464875,9.16300034583333,70.6386605541667,0.0858427567708333,100.530833333333,6.73609897916667,2.48094075,26.2510741666667,"TFPR",70.6386605541667,67.196658125,3.78316292997262,240.566128916042,466.050375,1.82992482580595,9.16300034583333,27.8440289583333,1.95323810416667,6.73609897916667,43.0810177083333,134.4291,144.227464875,62.7863677333333,48.548885,2.5625,2.4375,57.7919231875,15.7298202714408,432.498077083333,37.6131504166667,24.28671,32.00648,0,0,0,0,0,350.948884445225,128.430583741667,135.064464529167,74.6304278272547,0.949989247560011,140,140,61.0577255939851,135.68815342124,0.950883596135922,1.0565096682436,0.946512871635579,2.05038544371621,2.16625204491211,10.3,7.6,0,0.210315732515739,0.25311448977328,2.60707924466478,"False",NA
2019-05-21,55.0940202083333,15.0537075208333,2.19014723716347,2.21012595390656,24.41193125,-0.0199787167430932,111.022853222917,0.0104166666666667,68.0334075,63.5226150416667,-4.47004103541667,12.7764832604167,0.0813176617291667,100.128306458333,3.94587393125,2.10607408333333,25.43322,"TFPR",12.7764832604167,68.0334075,3.0811323232742,111.022853222917,444.266891666667,1.57576157119086,-4.47004103541667,24.41193125,1.50537075208333,3.94587393125,42.1772140625,132.352744166667,63.5226150416667,29.33904047875,47.7721122916667,3.875,3.85416666666667,55.0940202083333,13.3571230719218,426.105691666667,36.5823158333333,18.49083,28.11556,0.5,0,0,0,0,351.467213030509,67.87050346875,67.9926560770833,13.487829621644,0.950763506239778,141,141,58.161447293062,71.649276914706,0.998203444086743,1.05567622535312,0.947260131453184,1.94818473868172,2.05665231122208,6,4.8,2.3,0.342775385203679,0.24421630427541,1.46529782565246,"False",NA
2019-05-22,44.5075379945833,20.87218625,2.19749493301847,0.630309891796668,28.202335625,1.5671850412218,242.109245995833,0,65.2822404166667,142.975252770833,16.6097163175,76.269732425,0.0661330511666667,100.532227083333,6.09149889583333,2.45939127083333,25.8942460416667,"TFPR",76.269732425,65.2822404166667,3.87203092685085,242.109245995833,468.96498125,1.78481230185085,16.6097163175,28.202335625,2.087218625,6.09149889583333,42.0501236458333,136.050672916667,142.975252770833,63.6111138,47.5326522916667,2.6875,2.04166666666667,44.5075379945833,15.355661050159,433.442083333333,36.567595,23.62349,32.95943,0,0,0,0,0,351.965996090668,120.777270419583,126.365536453333,80.4733545289553,0.951571731274891,142,142,46.960580172103,127.433934701058,0.955776976930623,1.05511520717722,0.947763801713488,1.57962073484999,1.66668185891268,10.400001,7.7000003,0,0.160257855639887,0.24691560822241,2.56792257242868,"False",NA
2019-05-23,40.4986779429167,21.0807835416667,2.13456198772137,0.788792097277976,28.2848264583333,1.3457698904434,248.957712535417,0,64.1110929166667,148.4380614375,12.5726842083333,87.15151643125,0.0601771745,101.101110416667,6.23664802083333,2.44592489583333,26.82245875,"TFPR",87.15151643125,64.1110929166667,3.87949892363912,248.957712535417,471.120266666667,1.77142056947245,12.5726842083333,28.2848264583333,2.10807835416667,6.23664802083333,41.8989247916667,134.627079166667,148.4380614375,65.00752549375,47.540699375,2.45833333333333,2.16666666666667,40.4986779429167,15.2860126760228,435.608129166667,36.2571502083333,25.41454,32.5262,0,0,0,0,0,352.445382445298,127.650194374167,135.865377229167,91.6531916055815,0.952413922665349,143,143,42.5905737647489,134.24376537033,0.939534390419839,1.05165343483016,0.950883596135922,1.43745695025325,1.51170653915432,10.3,7.6,0,0.146767625160614,0.187629609300658,1.93258497579678,"False",NA
2019-05-24,37.9006511895833,22.40861375,2.05885858490006,0.923622949283322,27.8802585416667,1.13523563561674,265.8645692875,0,60.018520625,148.627372625,9.11258091666667,90.347513360625,0.0562920205625,101.221847916667,5.51982502083333,2.2099061875,27.1152454166667,"TFPR",90.347513360625,60.018520625,3.79403412606049,265.8645692875,468.731710416667,1.55317275106049,9.11258091666667,27.8802585416667,2.240861375,5.51982502083333,41.43956375,135.198610416667,148.627372625,71.5624510916667,47.2648310416667,2.97916666666667,2.54166666666667,37.9006511895833,13.1547278241655,423.0569625,35.6142964583333,24.72028,32.4174,0,0,0,0,0,352.905520775034,128.248164550208,139.514791708333,94.5278192939597,0.954342180365288,144,144,39.6542834828448,134.182102776804,0.919244210451328,1.04626918636542,0.955776976930623,1.34471512450151,1.40693399920546,9.6,7.2000003,0,0.146555624917236,0.177459540555819,1.70361158933587,"False",NA
2019-05-25,39.8310021708333,22.6998485416667,2.05411044631259,1.41894760660738,27.5389025,0.635162839705203,274.476697652083,0,59.182964375,151.4567964375,9.59211145833333,88.7493915375,0.0591826495625,101.3127625,4.42028179166667,2.11783339583333,27.1745414583333,"TFPR",88.7493915375,59.182964375,3.73963218126344,274.476697652083,467.19530625,1.46964732709678,9.59211145833333,27.5389025,2.26998485416667,4.42028179166667,40.8423423958333,134.826078958333,151.4567964375,73.2909015625,46.829803125,3.33333333333333,2.29166666666667,39.8310021708333,12.2708688860079,417.466320833333,34.8548816666667,23.42886,32.62114,0,0,0,0,0,353.346559210901,128.580393708333,141.864684979167,92.3755738952455,0.955636030681978,145,145,41.4584440592903,133.834017954536,0.906359420790423,1.04085867288694,0.960745225119168,1.41273642131281,1.47045895662669,9,6.8,0,0.163384328514077,0.144683144483191,1.30214830034872,"False",NA
2019-05-26,36.1120153166667,23.0833704166667,2.30599297022485,1.10022001381124,27.5374939583333,1.20577295641361,278.68009731875,0,58.0290660416667,149.6134528125,8.692518625,93.0370335833333,0.0536498927083333,101.332835416667,4.62491254166667,2.07767197916667,27.2899997916667,"TFPR",93.0370335833333,58.0290660416667,3.73766884924719,278.68009731875,466.849208333333,1.42933180758052,8.692518625,27.5374939583333,2.30833704166667,4.62491254166667,40.2285385416667,144.6665,149.6134528125,74.9957068854167,46.4078397916667,2.9375,2.5625,36.1120153166667,11.8851221792722,412.778272916667,34.0492372916667,23.30363,32.53191,0,0,0,0,0,353.768644935831,129.1490489,140.9209341875,96.8384033048858,0.956861948287977,146,146,37.5875043377784,134.425907642664,0.916464609354369,1.04085867288694,0.960745225119168,1.28082867256963,1.33316163232636,9.3,7.1,0,0.143350713153372,0.138193993696137,1.28520414137407,"False",NA
2019-05-27,30.7664708291667,21.492713125,2.55435850804525,1.55307727352769,26.727965625,1.00128123451756,228.653247133333,0,59.5582895833333,115.383359,4.36727041666667,77.1762662020833,0.0456855065208333,100.919014583333,4.54119204166667,2.045212875,26.9809222916667,"TFPR",77.1762662020833,59.5582895833333,3.56771703491054,228.653247133333,460.556789583333,1.41844572241054,4.36727041666667,26.727965625,2.1492713125,4.54119204166667,39.4777240625,143.329451458333,115.383359,63.7446068916667,45.8681275,2.95833333333333,2.41666666666667,30.7664708291667,11.8598693199787,411.03150625,33.087320625,21.81154,32.0973,0,0,0,0,0,354.171923798716,107.94273703125,111.016088583333,80.7471492459745,0.958042077688493,147,147,32.1900104017675,112.937159647742,0.972316160735781,1.04626918636542,0.955776976930623,1.09037623925292,1.14082706067534,8.2,6.1,0,0.139125251301871,0.218651127598557,1.79293924630816,"False",NA
2019-05-28,32.0593372645833,22.264654375,2.86423384225574,1.69988932413074,27.8642560416667,1.164344518125,226.576766527083,0,61.3923027083333,123.731069458333,8.116280625,82.451375675,0.0476621067916667,100.505125,6.164415,2.2681814375,27.0511564583333,"TFPR",82.451375675,61.3923027083333,3.81771618900643,226.576766527083,467.000183333333,1.59125075150643,8.116280625,27.8642560416667,2.2264654375,6.164415,38.9757326041667,151.183664583333,123.731069458333,61.9246443208333,45.521815,3.125,2.60416666666667,32.0593372645833,13.6421457633938,426.079129166667,32.4296502083333,23.05994,33.30672,0,0,0,0,0,354.556539941343,114.510712939583,115.614788833333,86.2663337421915,0.958938589414243,148,148,33.5426967152301,119.809030457422,0.990450392160975,1.04626918636542,0.955776976930623,1.13744765573627,1.19007643330043,10.5,7.6,0,0.11334061269528,0.297302065082767,3.12167168336905,"False",NA
2019-05-29,24.7452983291667,20.63665125,3.45460318136542,2.60490984928209,27.9751966666667,0.849693332083333,202.606984929167,0,64.196144375,115.7409788125,7.11467745833333,78.2067780083333,0.0367663988125,100.42139375,5.77593645833333,2.4156510625,27.3671264583333,"TFPR",78.2067780083333,64.196144375,3.79967875666113,202.606984929167,468.153145833333,1.73601363166113,7.11467745833333,27.9751966666667,2.063665125,5.77593645833333,38.5833,145.308485416667,115.7409788125,56.1131149270833,45.3198179166667,3.20833333333333,2.27083333333333,24.7452983291667,14.9726281126719,437.400254166667,31.8467820833333,25.25111,31.486,0,0,0,0,0,354.922635438513,102.9520763375,108.626301354167,81.8253419950396,0.958465697051262,149,149,25.8902431492267,107.715585144266,0.947763801713488,1.04626918636542,0.955776976930623,0.878044018705542,0.918670401044068,8,6.3,24.7,0.114833800130509,0.342063472571845,2.73650778057476,"False",NA
2019-05-30,86.7295908885417,8.405921,4.19606976282909,4.46257659274963,25.2843866666667,-0.266506829920544,201.367557494167,0.0791666666666667,59.7383479166667,122.851946333333,2.131162625,36.1923617072917,0.0902245241458333,100.905779166667,2.1258203625,2.44481158333333,27.227153125,"TFPR",36.1923617072917,59.7383479166667,3.24277499107275,201.367557494167,454.734741666667,2.40218289107275,2.131162625,25.2843866666667,0.8405921,2.1258203625,36.5327029166667,217.986726875,122.851946333333,52.82011998125,41.7299675,4.54166666666667,5.4375,86.7295908885417,19.4872983385592,429.039254166667,31.3354383333333,21.59048,28.21807,3.8,0,0,0,0,355.270349951603,122.921952595833,120.720783708333,37.6711335752956,0.957285567650745,150,150,90.2732468722746,127.94438044757,1.01823355365898,1.04085867288694,0.960745225119168,3.06944075537911,3.19485403114899,4.5,4,1.4,0.709967562477553,0.384859241159375,1.73186658521719,"False",NA
2019-05-31,86.9935845458333,12.7064814166667,5.09360076778014,6.27207421893984,25.97356625,-1.17847345115971,223.661580509167,0.01875,79.0314879166667,128.897382,4.74332366666667,32.2868341770833,0.128856989479167,101.1231875,1.80339848333333,2.64792352083333,27.0688658333333,"TFPR",32.2868341770833,79.0314879166667,3.38092755207109,223.661580509167,457.678602083333,2.11027941040442,4.74332366666667,25.97356625,1.27064814166667,1.80339848333333,36.5155195833333,96.32724075,128.897382,56.8574913770833,41.4414975,3.3125,3.25,86.9935845458333,17.9700483447947,419.771889583333,31.5895416666667,22.32405,30.13626,0.9,0,0,0,0,355.599820395781,119.280418722917,124.154058333333,33.6060313732796,0.953667125476373,151,151,90.5480269600537,124.154058333333,0.960745225119168,1.04085867288694,0.960745225119168,3.08083714450556,3.20671606161084,4.6,4.1,17.2,0.697112187306705,0.410004243051864,1.88601951803857,"False",NA
2019-06-01,94.31811818125,16.1694076458333,6.02442736390771,8.11568929682932,26.9546229166667,-2.09126193292161,233.0886530375,0,73.4158095833333,138.295989375,8.52189064583333,38.9959098533333,0.140038627291667,101.030089583333,1.38827204375,2.57506122916667,26.9349191666667,"TFPR",38.9959098533333,73.4158095833333,3.63286504656633,233.0886530375,462.723364583333,2.01592428198299,8.52189064583333,26.9546229166667,1.61694076458333,1.38827204375,37.0199351041667,132.438229791667,138.295989375,56.4780606041667,41.9645252083333,4.1875,4.02083333333333,94.31811818125,17.2702473231044,424.40875,32.075345,21.58386,32.31361,0,0,0,0,0,355.911180621077,133.314028034583,129.774098729167,40.5892309779592,0.950500342228232,152,152,98.1718313193293,138.761062297288,1.02727762581349,1.04085867288694,0.960745225119168,3.34340637350166,3.48001352084467,7.3,6.5,0,0.476714180937626,0.439065762635227,3.20518006723716,"False",NA
2019-06-02,88.7045291054167,20.0931581041667,6.85458132164549,6.20136697591721,28.4427370833333,0.653214345728285,260.489131125,0,67.6602908333333,158.392535,10.7519823625,54.7579371041667,0.131831718541667,100.981229166667,1.8430574125,2.55791266666667,27.5549770833333,"TFPR",54.7579371041667,67.6602908333333,3.93851925261548,260.489131125,470.185720833333,1.92920344219881,10.7519823625,28.4427370833333,2.00931581041667,1.8430574125,37.5573959375,160.736914416667,158.392535,61.7332102,42.6504710416667,4,3.89583333333333,88.7045291054167,16.5129056807187,429.822322916667,32.4643208333333,24.12932,33.53682,0,0,0,0,0,356.204561107429,143.462466209583,147.6405526375,56.9952737442693,0.947333558980092,153,153,92.3288784437248,149.324152187994,0.971700956456218,1.04085867288694,0.960745225119168,3.14895400840363,3.27761609016901,7.4,6.5,0,0.442921093266082,0.534674781391293,3.95659338229557,"False",NA
2019-06-03,65.6716899883333,21.4321818125,6.71712223029924,6.03354030442459,28.4526033333333,0.683581925874658,252.6841966875,0,65.4995083333333,149.951017291667,8.00269416666667,64.2927930979167,0.0976320846666667,101.0796375,2.09664709375,2.44827814583333,27.6404366666667,"TFPR",64.2927930979167,65.4995083333333,3.95722083857669,252.6841966875,469.644702083333,1.81400265732669,8.00269416666667,28.4526033333333,2.14321818125,2.09664709375,37.781760625,129.599339791667,149.951017291667,62.0764854166667,43.106246875,3.75,3.5625,65.6716899883333,15.411728362192,428.987997916667,32.457274375,23.40604,33.9992,0,0,0,0,0,356.480088673837,129.96448308625,141.948323125,66.919711300092,0.94392285188563,154,154,68.3549480874991,135.274659387591,0.91557603658201,1.04085867288694,0.960745225119168,2.33132527477648,2.42658013157162,7.7000003,6.5,0,0.315140264549291,0.534167867840079,4.11309274261897,"False",NA
2019-06-04,59.4887986895833,11.6716849166667,6.31257832433626,8.6029852775387,26.4815329166667,-2.29040695320244,179.357854233333,0.0625,54.3297254166667,103.614767375,0.742432064583333,38.2990880041667,0.0221509452291667,101.02386875,2.57650805833333,2.35321858333333,27.418365,"TFPR",38.2990880041667,54.3297254166667,3.50514641806093,179.357854233333,458.436147916667,2.33797792639427,0.742432064583333,26.4815329166667,1.16716849166667,2.57650805833333,37.4729634375,127.677520208333,103.614767375,44.6436763833333,42.7604739583333,3.70833333333333,4.16666666666667,59.4887986895833,18.8302817865345,427.336735416667,32.1854529166667,22.91858,31.63046,3,0,0,0,0,356.737886201697,97.78788669375,102.872335310417,40.2904363358085,0.940060485864937,155,155,62.5818989746082,102.872335310417,0.950575160937833,1.05199466711649,0.950575160937833,2.10780417217287,2.21739874845175,7,5.7000003,33.100002,0.316771249778822,0.511288351601991,3.57901846121394,"False",NA
2019-06-05,96.6275958020833,5.927416625,5.94456543514191,9.47962673894263,24.89044375,-3.53506130380071,133.584956716875,0.0854166666666667,55.884098125,85.7326576791667,9.0575963125,29.9061873125,0.185317803354167,100.628252083333,2.46975057291667,2.4822988125,26.844995,"TFPR",29.9061873125,55.884098125,3.15483883554834,133.584956716875,449.742629166667,2.56209717304835,9.0575963125,24.89044375,0.5927416625,2.46975057291667,45.5237635416667,76.7653415208333,85.7326576791667,32.0680674354167,53.8548464583333,2.77083333333333,3.79166666666667,96.6275958020833,20.5032244084544,433.958402083333,37.192680625,23.43083,27.02261,4.1,0,0,0,0,356.978072372367,126.533783114583,76.6750613666667,31.5544730221093,0.937788989133144,156,156,101.953245763752,133.507718785861,1.65025995231341,1.05511520717722,0.947763801713488,3.41843796773165,3.60684588454567,4.6,4,14.5,0.784096931422971,0.529608832308058,2.43620062861707,"False",NA
2019-06-06,115.778116616667,15.3254770416667,5.90895181066388,9.07719732405413,25.5630004166667,-3.16824551339024,264.979015382917,0.0333333333333333,71.79627875,159.725034729167,6.69796545833333,40.012485325,0.1714824645,100.444135416667,2.10033175625,2.3340836875,26.9938239583333,"TFPR",40.012485325,71.79627875,3.32578495148117,264.979015382917,454.624633333333,1.79323724731451,6.69796545833333,25.5630004166667,1.53254770416667,2.10033175625,47.4979370833333,218.242187564583,159.725034729167,61.9186016333333,54.8182504166667,4.08333333333333,3.91666666666667,115.778116616667,15.4617184831599,411.2892625,40.17762375,20.22402,30.27764,1.6,0,0,0,0,357.200761418997,155.790601941667,153.027069270833,43.4473285307634,0.935992090026099,157,157,125.717006290894,169.164334821658,1.0180591099601,1.08584428529905,0.920942361201074,4.09859941821618,4.45044075600005,6.3,5.8,0,0.706419167619056,0.547411026847065,3.44868946913651,"False",NA
2019-06-07,120.030682097917,18.5236073958333,6.10751984570994,8.02516547087416,26.4385375,-1.91764562516422,289.066961089583,0,66.635278125,171.041645791667,1.82524002083333,34.3843885014583,0.178215312333333,100.431025,2.40837165416667,2.24333052083333,27.1353116666667,"TFPR",34.3843885014583,66.635278125,3.5207597115474,289.066961089583,458.084977083333,1.66839897196406,1.82524002083333,26.4385375,1.85236073958333,2.40837165416667,45.1695834375,280.569638333333,171.041645791667,70.6649956458333,52.278139375,5.625,5.625,120.030682097917,14.3473099979456,410.72465625,38.0610275,21.22835,31.45252,0,0,0,0,0,357.406062892615,154.415070599375,169.216405770833,37.3360917578109,0.934195190919054,158,158,130.33463021657,167.670721974381,0.912530140892465,1.08584428529905,0.920942361201074,4.25274415109433,4.61781793330474,8.6,7.1,0,0.536955573640086,0.584726517060669,5.02864804672175,"False",NA
2019-06-08,127.224287129167,20.9658524791667,6.33178297882932,9.44989913073667,27.6159508333333,-3.11811615190736,312.221395572917,0,64.4148839583333,184.471631041667,5.38775006875,37.7016450670833,0.189148754208333,100.559433333333,2.05990869166667,2.318058125,27.1166835416667,"TFPR",37.7016450670833,64.4148839583333,3.79668651757929,312.221395572917,462.824147916667,1.70010126966262,5.38775006875,27.6159508333333,2.09658524791667,2.05990869166667,43.0129602083333,243.508385541667,184.471631041667,76.03234370625,50.5444854166667,6.08333333333333,6.125,127.224287129167,14.6110564437293,411.106735416667,35.481435,21.59316,33.4615,0,0,0,0,0,357.594081442461,164.92593219625,179.083880972917,40.9381158424656,0.931742072457973,159,159,138.145765130451,179.083880972917,0.920942361201074,1.08584428529905,0.920942361201074,4.51276134890672,4.9001561216288,8.1,7,0,0.604957545880099,0.620077124883603,5.02262471155719,"False",NA
2019-06-09,110.126943173542,20.0284766666667,6.51868405305437,9.737377035474,28.2200827083333,-3.21869298241964,265.889505875,0,67.0229585416667,166.651365416667,5.37540189583333,33.72090335,0.163812083166667,100.919427083333,2.29509466041667,2.5248441875,27.54307875,"TFPR",33.72090335,67.0229585416667,3.9099296184315,265.889505875,467.308602083333,1.90708195176484,5.37540189583333,28.2200827083333,2.00284766666667,2.29509466041667,41.2146804166667,104.677106458333,166.651365416667,62.10385110625,49.3592814583333,4.85416666666667,4.72916666666667,110.126943173542,16.3976538729811,430.174304166667,33.070079375,22.77847,34.36465,0,0,0,0,0,357.764916610529,143.847846523542,161.275963520833,36.722641483696,0.932035048353432,160,160,119.930127905584,156.65276938928,0.891936054097483,1.08901713286088,0.918259198891542,3.90859177909481,4.25652341279345,7.5,6.7000003,0,0.567536455039127,0.593989052673397,4.45491789505048,"False",NA
2019-06-10,101.625120104167,18.42881625,6.69082020156704,9.45954014995751,25.9186689583333,-2.76871994839047,264.112203322917,0,62.67985,155.360396375,-0.520482258333333,35.7297687125,0.150531703583333,101.676935416667,3.43627622916667,2.09345702083333,27.3583914583333,"TFPR",35.7297687125,62.67985,3.36319247044677,264.112203322917,455.333645833333,1.52031084544677,-0.520482258333333,25.9186689583333,1.842881625,3.43627622916667,39.7115098958333,299.367538708333,155.360396375,67.3222609458333,48.251913125,6.45833333333333,6.41666666666667,101.625120104167,12.9249687274945,413.904102083333,31.1711066666667,23.0435,29.26698,0,0,0,0,0,357.918662640263,137.354888816667,155.880878633333,38.9103302810693,0.932736557774256,161,161,110.671496922483,149.581827203552,0.881152903556286,1.08901713286088,0.918259198891542,3.59881494500178,3.91917113310274,6.8,5.4,0,0.576348696044521,0.569398716872561,3.87191127473342,"False",NA
2019-06-11,89.5981529166667,18.2535247708333,7.45015437299252,9.72047985744856,24.2764210416667,-2.27032548445604,211.009150005,0.00208333333333333,57.8056102083333,122.425264916667,-4.59402242708333,22.8324333208333,0.132557454604167,101.4737125,1.69820088333333,1.73793839583333,26.2699452083333,"TFPR",22.8324333208333,57.8056102083333,3.05991172385495,211.009150005,442.750014583333,1.23455924677161,-4.59402242708333,24.2764210416667,1.82535247708333,1.69820088333333,38.3580277083333,186.701199166667,122.425264916667,53.4041597541667,47.0456575,5.22916666666667,5.33333333333333,89.5981529166667,9.67196465101452,407.57029375,29.6703979166667,21.80249,28.38539,0.1,0,0,0,0,358.055408299353,112.4305862375,127.01928734375,24.3999140277765,0.937597884439466,162,162,95.7492001616606,120.149114189437,0.885145780524112,1.06865149609406,0.935758761069453,3.16787375454924,3.38535302723617,6,4.9,0.4,0.564225504539362,0.520360240033096,3.12216144019858,"False",NA
2019-06-12,111.92712480625,20.2804445625,8.50741260455168,12.289652308586,25.4565575,-3.78223970403429,305.88365421875,0,59.03173125,175.9677984375,1.23948877083333,35.863686749375,0.165948945208333,101.207889583333,1.41749810208333,1.83140414583333,25.9194516666667,"TFPR",35.863686749375,59.03173125,3.33221759292735,305.88365421875,449.139422916667,1.30417313667735,1.23948877083333,25.4565575,2.02804445625,1.41749810208333,37.5428283333333,246.935838604167,175.9677984375,77.0251079166667,46.2938927083333,7.41666666666667,7.3125,111.92712480625,10.3983202609902,396.248666666667,28.7917639583333,19.22423,30.69597,0,0,0,0,0,358.175236716545,147.790811555625,174.728309666667,38.1131502230046,0.943880374749381,163,163,118.947484445222,157.060634668226,0.845832091190998,1.06272259428735,0.940979334941674,3.96186455834613,4.2103629816607,7,6.3,0,0.601480425951528,0.461521932828278,3.23065352979794,"False",NA
2019-06-13,120.686957485208,22.6449385416667,9.49267351503623,12.7831517429797,25.810845625,-3.29047822794351,314.86207696875,0,52.3283989583333,175.753198666667,-0.395217875,38.9006490854167,0.179033345666667,101.430066666667,1.68488901666667,1.65744783333333,25.7843629166667,"TFPR",38.9006490854167,52.3283989583333,3.3907215817539,314.86207696875,448.31435625,1.12622772758723,-0.395217875000001,25.810845625,2.26449385416667,1.68488901666667,36.6926388541667,143.421520833333,175.753198666667,80.7499820833333,45.4000754166667,6.08333333333333,6.14583333333333,120.686957485208,8.05733745021376,389.955466666667,27.9852022916667,20.38613,30.8908,0,0,0,0,0,358.278225232399,159.587606570625,176.148416541667,41.3405987155158,0.950418541293514,164,164,128.256756555328,169.597355270843,0.905983770412581,1.06272259428735,0.940979334941674,4.27339925680011,4.54143794461224,8.5,7,0,0.534286817013205,0.443852845793136,3.77274918924166,"False",NA
2019-06-14,44.3989389583333,21.6560016666667,10.4896241734314,8.71742162233777,26.6861610416667,1.77220255109366,259.9370664375,0,59.3104733333333,143.649697495833,7.07998266666667,86.8467842645833,0.0659504405,101.203114583333,3.6954975,2.04710414583333,25.8811170833333,"TFPR",86.8467842645833,59.3104733333333,3.60599236874671,259.9370664375,456.221289583333,1.44039220208004,7.07998266666667,26.6861610416667,2.16560016666667,3.6954975,35.9090916666667,143.843776666667,143.649697495833,69.6831105625,44.5862166666667,2.85416666666667,2.58333333333333,44.3989389583333,12.0619745245737,409.6170375,27.2319666666667,20.28345,32.70594,0,0,0,0,0,358.364445263906,131.245723222917,136.569714829167,93.0075163931375,0.95869552964079,165,165,47.5485083065892,140.556024699727,0.961016308682275,1.07093794181009,0.933760922047277,1.57345275142389,1.68507025114532,8.7,6.9,0,0.19368623576383,0.513786843020181,4.46994553427557,"False",NA
2019-06-15,46.6886609458333,22.3127971666667,10.612915468155,9.49915685461336,28.5029091666667,1.11375861354167,277.309353060417,0,64.5922045833333,159.021627229167,10.3279026041667,101.030001235417,0.0695351261875,100.893208333333,4.72619764583333,2.44396579166667,26.8925020833333,"TFPR",101.030001235417,64.5922045833333,3.99831173833777,277.309353060417,469.383041666667,1.76703202167111,10.3279026041667,28.5029091666667,2.23127971666667,4.72619764583333,35.5504135416667,151.771445833333,159.021627229167,72.8113868395833,44.2371060416667,2.75,2.47916666666667,46.6886609458333,15.200927865831,423.906685416667,26.8637210416667,22.59344,34.71661,0,0,0,0,0,358.433962182875,147.71866218125,148.693724625,105.92390870391,0.968751385727193,166,166,48.9502662482459,154.874174952156,0.993442477507312,1.04844014063793,0.953797895787878,1.65751433168132,1.73780455901734,9,6.9,0,0.193089395446371,0.532002563884948,4.78802307496453,"False",NA
2019-06-16,112.834077682292,11.1373806041667,9.82452247152831,9.03965647494217,25.578565625,0.78486599658614,125.046405160417,0.235416666666667,66.1293966666667,65.7755826041667,-3.05515530208333,23.0888267046875,0.182274216875,100.799572916667,4.3169296875,2.72335360416667,26.6843972916667,"TFPR",23.0888267046875,66.1293966666667,3.34298469102961,125.046405160417,450.697529166667,2.22924663061295,-3.05515530208333,25.578565625,1.11373806041667,4.3169296875,35.8996797916667,137.767766875,65.7755826041667,34.7113434604167,45.4665497916667,3.1875,3.52083333333333,112.834077682292,18.6426473023515,426.138047916667,26.3328097916667,17.28519,31.35099,11.3,0,0,0,0,358.486835208022,135.922904386979,68.83073790625,24.1646260620174,0.978821670611792,167,167,118.091461689201,142.256087751218,1.9747413513438,1.04659393788561,0.95548040534255,3.99443920986482,4.18055586229712,3.8,3.4,50.3,1.10014627955187,0.512984350083562,1.94934053031754,"False",NA
2019-06-17,170.160746197917,11.0987394666667,9.24365195071966,13.8720666259615,24.3885604166667,-4.62841467524188,269.234748789583,0.04375,56.149038125,166.293148916667,9.00935278541667,35.7334070671875,0.152579675479167,100.870910416667,1.9265622,2.099959625,25.563558125,"TFPR",35.7334070671875,56.149038125,3.13086997385746,269.234748789583,447.067891666667,2.02099602719079,9.00935278541667,24.3885604166667,1.10987394666667,1.9265622,43.3107,182.36049625,166.293148916667,68.18126100625,55.0435183333333,3.95833333333333,4.91666666666667,170.160746197917,17.1745761523664,412.307552083333,31.5778816666667,19.14194,30.51368,2.1,0,0,0,0,358.523117310661,205.894153265104,157.28379613125,36.6715777075625,0.989842645847792,168,168,174.628269149955,211.299846857517,1.30906144389655,1.02625472120839,0.974416954518389,6.01693398675631,6.1749069111079,6.2000003,5.7000003,0,0.995952679406789,0.474337966247814,2.94089553303784,"False",NA
2019-06-18,140.977075864583,17.1563369791667,9.33368499146679,11.5759108748866,27.7295695833333,-2.24222588341977,281.46005259375,0,72.8428466666667,176.05856725,11.3821004791667,29.0641496622917,0.209435809041667,100.919575,1.69195279375,2.66381016666667,26.8814591666667,"TFPR",29.0641496622917,72.8428466666667,3.78797451609667,281.46005259375,463.71565625,2.07234081818001,11.3821004791667,27.7295695833333,1.71563369791667,1.69195279375,42.1540408333333,187.661352708333,176.05856725,70.4504548875,52.200480625,4.83333333333333,4.70833333333333,140.977075864583,17.6942594988119,428.764635416667,32.1076010416667,22.1377,32.82877,0,0,0,0,0,358.542855133933,170.041225526875,164.676466770833,29.3562515691311,1.00102033387522,169,169,142.393930414232,171.750181983363,1.03257756776812,1.01005024782192,0.990049754610135,5.00113606610425,5.05139872295975,7.5,6.4,0,0.673519829727966,0.479914861908545,3.59936146431408,"False",NA
2019-06-19,121.212584125,20.4033525208333,9.81909148741597,10.0429750031414,29.322046875,-0.223883515725389,297.29896850625,0.00208333333333333,69.0038925,178.9121403125,11.4084707854167,50.50709646875,0.180280228166667,100.6527375,4.0037456875,2.79048454166667,27.9713297916667,"TFPR",50.50709646875,69.0038925,4.15047687432171,297.29896850625,472.7234125,2.11014162223838,11.4084707854167,29.322046875,2.04033525208333,4.0037456875,41.0939132291667,186.03433125,178.9121403125,78.0701820791667,50.7897047916667,2.25,2.375,121.212584125,17.9957507091334,432.406775,31.3981216666667,21.5987,34.64901,0.1,0,0,0,0,358.546088925512,171.71968059375,167.503669527083,50.8701981154606,1.01254081567383,170,170,122.083996104207,172.954194219668,1.02516966391584,1.00718912137298,0.992862193186539,4.30664268437766,4.33760366134571,8.900001,7.2000003,1.3000001,0.48737114314321,0.482092588624074,4.29062452084685,"False",NA
2019-06-20,86.0204349791667,18.4027026458333,10.0418469518404,9.62575974683138,27.95541625,0.416087205009059,266.392599680833,0,71.42697,157.564492641667,5.069165375,64.6171332666667,0.127855339020833,100.671295833333,4.3523255,2.68994041666667,27.8125533333333,"TFPR",64.6171332666667,71.42697,3.8829228254251,266.392599680833,465.30445625,2.04265256084177,5.069165375,27.95541625,1.84027026458333,4.3523255,39.7459490625,160.082608125,157.564492641667,72.11857785625,49.3676804166667,2.85416666666667,3,86.0204349791667,17.3966700627243,428.59491875,30.1242177083333,21.19775,34.13645,0,0,0,0,0,358.532852483707,150.637568245833,152.495327266667,64.0213460928761,1.02255317998797,171,171,85.227303664706,149.248649757582,0.987817600354504,0.990779733738236,1.00930607071158,3.05222749013775,3.0240851399872,10,7.9,0,0.30240851399872,0.459547064663947,4.59547064663947,"False",NA
2019-06-21,65.0758123429167,20.8777825,10.6883570618942,9.78465465939416,30.02074875,0.9037024025,241.463870522917,0,69.306449375,146.52985875,6.814441,67.175935543125,0.0968614295625,100.829558333333,5.0801918125,2.91535166666667,28.2137902083333,"TFPR",67.175935543125,69.306449375,4.28604853480353,241.463870522917,476.032364583333,2.19827028480353,6.814441,30.02074875,2.08777825,5.0801918125,38.92114625,159.729491666667,146.52985875,67.222273875,48.434,2.75,2.29166666666667,65.0758123429167,18.6179363956891,448.320616666667,29.4082925,27.1237,34.10684,0,0,0,0,0,358.503173116933,132.251747886042,139.71541775,65.2907553549728,1.0346700309154,172,172,63.2495685970737,128.540323952046,0.946579482893481,0.971936673856339,1.02887361584198,2.31369144096038,2.24876156345691,9.900001,7.6,0,0.227147609728212,0.392788423800289,3.88860578841128,"False",NA
2019-06-22,56.4451154904167,19.8009670833333,11.1707288677774,10.4416437371524,29.8279883333333,0.729085130625,196.7280019125,0,70.9819825,115.825849604167,5.01483254583333,53.5106520395833,0.0839608746041667,100.948147916667,5.07764208333333,2.96460272916667,28.1523883333333,"TFPR",53.5106520395833,70.9819825,4.22484269490476,196.7280019125,474.541720833333,2.24474598657143,5.01483254583333,29.8279883333333,1.98009670833333,5.07764208333333,37.9955436458333,153.533191666667,115.825849604167,55.02014525625,47.377446875,2.625,2.08333333333333,56.4451154904167,18.9562646364644,448.659695833333,28.6136404166667,27.55189,33.15475,0,0,0,0,0,358.457071616496,109.95576753,110.811017058333,51.1314106196521,1.04506537737231,173,173,53.9353991702295,105.066809789882,0.992281908865766,0.955537050489102,1.04653189480004,2.00646173520578,1.91724852837778,9.3,7.2000003,0,0.206155755739546,0.380672621693312,3.5402553817478,"False",NA
2019-06-23,68.7796330708333,21.06115375,12.0544207879998,12.1473723150831,30.1038997916667,-0.0929515270833332,241.220268355833,0,68.81506,147.978832729167,6.61060242708333,65.5123400625,0.102367639333333,100.763195833333,5.53828320833333,2.922360875,28.253263125,"TFPR",65.5123400625,68.81506,4.30071389726146,241.220268355833,476.78845625,2.19459852226146,6.61060242708333,30.1038997916667,2.106115375,5.53828320833333,37.336933125,163.904620833333,147.978832729167,67.5013529916667,46.6879370833333,2.625,2.72916666666667,68.7796330708333,18.6240753414504,451.048391666667,27.9859291666667,26.92968,33.99829,0,0,0,0,0,358.394562242679,134.291973133333,141.368230302083,61.6755031542325,1.0540395601845,174,174,64.7514418254663,126.426944979699,0.949944502002826,0.941433371108297,1.06221006253768,2.44557385479357,2.30234483841263,7.1,5.8,13.8,0.324273920903187,0.357024953575351,2.53487717038499,"False",NA
2019-06-24,66.8135811729167,10.2684474166667,12.0439422270382,12.4423540126738,24.2579114583333,-0.398411785635618,106.375621885417,0.0916666666666667,72.52923375,52.8053061666667,-8.53813678333333,2.00945943958333,0.1734232314375,100.89116875,3.21488859583333,2.36525845833333,26.90303375,"TFPR",2.00945943958333,72.52923375,3.05990862578594,106.375621885417,441.5550125,2.03306388411927,-8.53813678333333,24.2579114583333,1.02684474166667,3.21488859583333,39.5099295833333,189.949894791667,52.8053061666667,30.0539080625,50.3567972916667,4.70833333333333,4.70833333333333,66.8135811729167,17.0340339636657,418.038608333333,28.663061875,20.32241,28.41558,4.4,0,0,0,0,358.315652724091,68.8230406125,61.34344295,1.88870702724813,1.06275806676249,175,175,62.7986202613111,64.6873272885593,1.12192986410294,0.939908012096903,1.0639339032434,2.36224964798013,2.22029737070961,4.2000003,3.9,1,0.52864219336118,0.394909380946781,1.6586195184493,"False",NA
2019-06-25,130.485280767917,16.3466684791667,13.0903893755095,12.2205024609791,25.7226227083333,0.869886914530401,301.7163466875,0,70.8233841666667,175.927237708333,4.05201977083333,51.7860197291667,0.193744298916667,101.171029166667,3.41986783958333,2.3114991875,26.572834375,"TFPR",51.7860197291667,70.8233841666667,3.38221759656096,301.7163466875,452.442927083333,1.74755074864429,4.05201977083333,25.7226227083333,1.63466684791667,3.41986783958333,39.2230771875,138.288890833333,175.927237708333,84.5302426041667,49.21619875,2.75,2.625,130.485280767917,15.045854839158,411.18405,29.229955625,20.94399,32.09218,0,0,0,0,0,358.220344270307,182.271300497083,171.8752179375,48.8323362086761,1.06998167538365,176,176,123.042881728824,171.8752179375,1.06048622183196,0.942963689120385,1.06048622183196,4.61995328251646,4.35644819084556,7.4,6.3,0,0.588709214979129,0.447904044778276,3.31448993135924,"False",NA
2019-06-26,52.28488131875,11.0443179375,12.5306822218811,12.7183339091671,24.5148897916667,-0.18765168728598,153.862113533333,0.2125,75.45642625,84.867850125,5.8708601875,33.72433690625,0.0321431332083333,101.5241375,2.15592364375,2.5007094375,26.1920039583333,"TFPR",33.72433690625,75.45642625,3.12461490715831,153.862113533333,444.89093125,2.02018311340831,5.8708601875,24.5148897916667,1.10443179375,2.15592364375,42.071869375,120.657035452083,84.867850125,45.15662591875,50.881035,3.52083333333333,3.72916666666667,52.28488131875,17.0163344166978,421.053297916667,33.26270375,21.28616,31.3466,10.2,0,0,0,0,358.108631597781,86.009218225,78.9969899375,31.6977744608396,1.07316897423832,177,177,49.1429788630288,80.8407533238684,1.08876576554433,0.939908012096903,1.0639339032434,1.84903447544526,1.7379223181144,5.4,4.4,19.4,0.321837466317481,0.504104986340046,2.72216692623625,"False",NA
2019-06-27,117.000048883125,12.2712908125,10.9554318661709,13.4456350487075,25.2207829166667,-2.49020318253664,204.343526355625,0.0229166666666667,79.8060064583333,124.39722685625,4.337577525,20.59171619175,0.164272162270833,101.698347916667,1.58428074375,2.56182227083333,26.5255152083333,"TFPR",20.59171619175,79.8060064583333,3.2572996931515,204.343526355625,450.248208333333,2.0301706119015,4.337577525,25.2207829166667,1.22712908125,1.58428074375,47.5978414583333,121.348235416667,124.39722685625,55.11541410625,53.8680572916667,4.64583333333333,4.58333333333333,117.000048883125,17.3088890056688,425.41731875,41.327625625,22.1468,32.39513,1.1,0,0,0,0,357.980502969065,137.591765074875,120.05964933125,18.9128982958562,1.0747509750059,178,178,107.461175383881,126.374073679737,1.14602837707158,0.918471200736228,1.08876576554433,4.14048568397466,3.80291685779137,6.7000003,5.8,1.6,0.567599505598734,0.580611299376541,3.89009588000621,"False",NA
2019-06-28,145.13184668125,15.3582192291667,9.43484179375394,15.3748182224318,26.9214333333333,-5.93997642867786,254.7217135375,0,76.3444622916667,160.33427344375,6.11768945833333,23.4791854114583,0.215531555625,101.630216666667,1.23936172083333,2.6558540625,26.3924070833333,"TFPR",23.4791854114583,76.3444622916667,3.6410048900488,254.7217135375,448.634235416667,2.10518296713213,6.11768945833333,26.9214333333333,1.53582192291667,1.23936172083333,47.3393484375,179.462096916667,160.33427344375,67.8004885141667,53.11981125,5.27083333333333,5.39583333333333,145.13184668125,17.9243621262173,422.047270833333,41.558885625,21.74046,33.21077,0,0,0,0,0,357.835940245367,168.611032092708,154.216583985417,21.5649556171707,1.0721271350531,179,179,133.299421486394,154.864377103564,1.09333917102361,0.918471200736228,1.08876576554433,5.14449557367393,4.72507102673451,7.9,6.7000003,0,0.598110256548672,0.599646838993003,4.73721002804472,"False",NA
2019-06-29,130.863125183333,14.9698665520833,7.636584043439,16.2392368554521,26.0410247916667,-8.60265281201314,243.622572635417,0.0583333333333333,73.758094375,147.582125375,6.79516605,18.9248939770833,0.1742425943125,101.458685416667,1.96196191666667,2.4686331875,27.43398625,"TFPR",18.9248939770833,73.758094375,3.44978868762011,243.622572635417,452.744060416667,1.95280203241178,6.79516605,26.0410247916667,1.49698665520833,1.96196191666667,45.4882130208333,193.328879375,147.582125375,65.9590675458333,51.762293125,5,4.75,130.863125183333,16.6983589129075,422.662670833333,39.2141329166667,20.98792,32.55989,2.8,0,0,0,0,357.674918952484,149.788019160417,140.786959325,17.3819700949375,1.06339314867455,180,180,120.194011719231,137.575981814169,1.0639339032434,0.918471200736228,1.08876576554433,4.63475899729737,4.25689266137075,7.1,6.1,5.7000003,0.599562346671937,0.603155488155348,4.28240396590297,"False",NA
2019-06-30,148.209669083333,12.8957956041667,5.91055880749914,13.875902288213,24.7141891666667,-7.96534348071383,250.704677465,0.00416666666666667,75.7042,153.136550645833,-1.73703703229167,27.6621072375,0.219286732604167,101.276214583333,1.50052437291667,2.34663658333333,26.8796683333333,"TFPR",27.6621072375,75.7042,3.16280032083823,250.704677465,446.46338125,1.87322076042156,-1.73703703229167,24.7141891666667,1.28957956041667,1.50052437291667,49.4506307291667,178.291073958333,153.136550645833,67.8464349791667,55.188033125,3.79166666666667,3.70833333333333,148.209669083333,16.1327871698111,416.741695833333,43.7132283333333,20.43452,30.00631,0.2,0,0,0,0,357.497408360164,175.871776320833,154.873587678125,25.4068488493209,1.05483611041358,181,181,136.126312723688,161.533161573009,1.13558276112483,0.918471200736228,1.08876576554433,5.24238694063446,4.81498142808846,5.6,4.9,0,0.859818112158653,0.619257134756269,3.4678399546351,"False",NA
2019-07-01,138.352049208333,12.8599377708333,5.45767472837425,6.45335270066062,26.1227727083333,-0.995677972286377,214.608469077083,0.1,72.98147875,124.123355729167,6.855920125,15.65729329375,0.1104789325,101.274883333333,1.99870204791667,2.597973125,27.0865822916667,"TFPR",15.65729329375,72.98147875,3.41617154460306,214.608469077083,452.483070833333,2.13017776751973,6.855920125,26.1227727083333,1.28599377708333,1.99870204791667,49.8593544791667,132.926099166667,124.123355729167,62.908585775,55.5746372916667,3.64583333333333,4.04166666666667,138.352049208333,17.8031769104216,424.906547916667,44.1440716666667,22.87662,31.34808,4.8,0,0,0,0,357.303371574956,154.009342502083,117.267435604167,14.3807729717899,1.04578948614421,182,182,127.072372760696,141.453145732485,1.31331721981146,0.918471200736228,1.08876576554433,4.90038075988862,4.50085860059961,6.8,5.6,5.6,0.661890970676414,0.62614685541263,4.25779861680588,"False",NA
2019-07-02,128.9369684,14.8629426041667,5.15626244731098,6.86173304954385,26.2240010416667,-1.70547060223288,235.96925775,0,75.360190625,138.611387375,0.495014979166667,13.78528434375,0.191405953916667,101.14626875,2.28611967291667,2.54240241666667,27.1087489583333,"TFPR",13.78528434375,75.360190625,3.45503289661498,235.96925775,453.693766666667,1.96873863619831,0.495014979166667,26.2240010416667,1.48629426041667,2.28611967291667,50.4656272916667,131.455062291667,138.611387375,64.7762827979167,56.0873845833333,4.08333333333333,4.0625,128.9369684,16.9039668892913,421.11218125,44.84387,22.56226,31.67222,0,0,0,0,0,357.092765646609,142.72225274375,138.116372395833,12.9568992037246,1.03387917132483,183,183,121.188889654645,134.14578885837,1.0333478230569,0.939908012096903,1.0639339032434,4.56734941989857,4.29288831380881,7,5.8,0,0.613269759115544,0.615056212125939,4.30539348488157,"False",NA
2019-07-03,84.8481316833333,13.041081875,4.84903601852391,6.41500245045912,26.0757597916667,-1.5659664319352,133.784062583333,0.0770833333333333,78.5239239583333,73.2254196458333,3.26107704166667,5.07741459791667,0.1835758968125,101.01464375,2.34881809791667,2.69334170833333,25.9302020833333,"TFPR",5.07741459791667,78.5239239583333,3.403753620566,133.784062583333,433.506727083333,2.099645433066,3.26107704166667,26.0757597916667,1.3041081875,2.34881809791667,50.5333263541667,142.339484583333,73.2254196458333,38.3574902189583,56.302328125,3.72916666666667,3.52083333333333,84.8481316833333,17.8229633727455,411.305572916667,44.7643245833333,22.91982,30.38616,3.7,0,0,0,0,356.865541688085,89.92554628125,69.9643426041667,4.77230266131965,1.02196885650545,184,184,79.749438780618,84.5217414419377,1.28530538463024,0.939908012096903,1.0639339032434,3.00515413748204,2.82456845140553,6.5,5.3,19.7,0.434548992523927,0.614568234573124,3.99469352472531,"False",NA
2019-07-04,170.35264575,18.3615140625,4.86272158028907,8.07318028038682,28.1100008333333,-3.21045870009775,229.476667589583,0.00208333333333333,70.8686645833333,137.980189377083,0.576229625,-3.20318414583333,0.253224282479167,101.086227083333,3.54376175,2.66821914583333,26.3243633333333,"TFPR",-3.20318414583333,70.8686645833333,3.85671512834222,229.476667589583,442.307397916667,2.02056372209222,0.576229625,28.1100008333333,1.83615140625,3.54376175,50.3277158333333,149.711366666667,137.980189377083,64.44974883125,55.8969027083333,3.29166666666667,3.35416666666667,170.35264575,17.2818392072591,415.260664583333,44.7585289583333,23.40302,32.59095,0.1,0,0,0,0,356.621645009265,167.149461604167,137.403959752083,-3.09981215846328,1.00894962936866,185,185,164.855087463246,161.755275304783,1.21648212981455,0.967728365693707,1.0333478230569,6.04545855452136,5.850361726836,9.5,7.6,0,0.615827550193263,0.577278464432022,5.48414541210421,"False",NA
2019-07-05,137.604727420833,19.099086125,5.51490648399897,8.57920067352159,28.7534577083333,-3.06429418952262,275.568385391667,0,71.47648625,163.896975470833,6.30788421041667,14.6828778541667,0.2047463093125,101.392772916667,3.01167122916667,2.76812120833333,27.8953658333333,"TFPR",14.6828778541667,71.47648625,4.0121625082691,275.568385391667,466.649333333333,2.1022538957691,6.30788421041667,28.7534577083333,1.9099086125,3.01167122916667,47.6709246875,150.754227083333,163.896975470833,77.79754885625,54.4214339583333,2.41666666666667,2.33333333333333,137.604727420833,17.9110821270673,432.775464583333,40.9204154166667,24.87578,33.68993,0,0,0,0,0,356.361015264399,152.287605275,157.589091260417,15.1704554883243,0.995671923658562,186,186,142.174198617906,157.344654106231,0.966358800961318,1.03320722538186,0.967860053079297,4.88635259736001,5.04861480935578,9.7,7.7000003,0,0.520475753541833,0.572373230049454,5.55202033147971,"False",NA
2019-07-06,137.9476876875,18.527710875,6.16648490848369,12.2867172706868,28.3843091666667,-6.12023236220311,285.519456291667,0,71.6771002083333,166.912910541667,4.34255332916667,15.309176775,0.205146461958333,101.488725,1.83658519375,2.7129979375,28.0571397916667,"TFPR",15.309176775,71.6771002083333,3.94082068911841,285.519456291667,464.386079166667,2.08804960161841,4.34255332916667,28.3843091666667,1.8527710875,1.83658519375,45.4748105208333,158.368418541667,166.912910541667,79.67104979625,53.263728125,4.39583333333333,4.29166666666667,137.9476876875,17.8198219781033,425.450585416667,37.6858929166667,22.94906,33.42321,0,0,0,0,0,356.083586613385,153.2568644625,162.5703572125,15.8421248502841,0.98050771638554,187,187,142.749967765877,158.592092616161,0.942711002733259,1.03481232747631,0.966358800961318,4.89677707519871,5.06724528231902,8.5,7.2000003,0,0.596146503802238,0.5599337887224,4.7594372041404,"False",NA
2019-07-07,143.10264743125,19.037331375,6.87642076502712,13.1022317213425,28.8117520833333,-6.22581095631538,278.20875868125,0,70.99419,169.579858958333,5.19554714583333,15.998361325,0.212824071645833,101.286333333333,1.62472064166667,2.75697660416667,28.1870660416667,"TFPR",15.998361325,70.99419,4.02921775534546,278.20875868125,466.33085,2.12548461784546,5.19554714583333,28.8117520833333,1.9037331375,1.62472064166667,43.8701008333333,161.891709375,169.579858958333,76.9645630366667,52.2893454166667,5.08333333333333,5.08333333333333,143.10264743125,18.0814440318509,434.666508333333,35.45085625,23.81741,33.93606,0,0,0,0,0,355.789287896918,159.10100875625,164.3843118125,16.5885652875256,0.967301652447871,188,188,148.381922467365,164.970487754891,0.967860053079297,1.03689152598418,0.964421036280369,5.08187154997023,5.26934954630424,8.8,7.3,0,0.598789721170937,0.593671864810689,5.22431241033407,"False",NA
2019-07-08,150.560952197917,21.0319011458333,7.50597268919198,11.8859553094561,29.3009570833333,-4.37998262026416,285.97081874375,0,67.9033320833333,175.353796020833,5.88699097708333,12.8763995375,0.224032625416667,101.07024375,1.8420679125,2.70103795833333,28.429399375,"TFPR",12.8763995375,67.9033320833333,4.1468961330554,285.97081874375,468.902272916667,2.04370601847206,5.88699097708333,29.3009570833333,2.10319011458333,1.8420679125,42.5305233333333,161.482722083333,175.353796020833,78.2965382958333,51.4246366666667,4.64583333333333,4.54166666666667,150.560952197917,17.4627616283062,436.581783333333,33.63641,24.11698,34.49682,0,0,0,0,0,355.478042825565,163.437351735417,169.46680504375,13.4443942379158,0.952809198167226,189,189,157.202391265485,170.646785503401,0.964421036280369,1.04411129825241,0.95775230253112,5.34927088126408,5.58523416454044,8.900001,7.1,0,0.627554329998439,0.59161740032589,5.26539545451782,"False",NA
2019-07-09,140.3829575125,22.0093229791667,7.91052195624308,12.1831257424931,29.6268579166667,-4.27260378625,294.6027739375,0,66.64125875,179.313221083333,5.26761647916667,19.5070307291667,0.208956663875,101.056164583333,2.66396752083333,2.71386866666667,28.5853533333333,"TFPR",19.5070307291667,66.64125875,4.21694145484065,294.6027739375,470.918958333333,2.01600915692398,5.26761647916667,29.6268579166667,2.20093229791667,2.66396752083333,41.1226620833333,159.44016875,179.313221083333,81.3472640166667,50.14353125,2.8125,2.66666666666667,140.3829575125,17.2661762469415,436.97665,32.1017929166667,24.7434,34.54995,0,0,0,0,0,355.14977018282,159.889988241667,174.045604604167,20.3675111796798,0.941097296630809,190,190,146.575432020889,166.942943200569,0.91866719992904,1.04411129825241,0.95775230253112,4.98923617261095,5.20931785747269,9.900001,7.8,0,0.526193669826164,0.587335712394753,5.81462414004377,"False",NA
2019-07-10,146.370534354167,21.0201815833333,8.2470518150191,14.3479018766542,29.30753625,-6.10085006163509,286.29418986875,0,67.341781875,177.6001696875,3.50229585,18.2484531354167,0.21773225725,101.166629166667,1.71708295625,2.69065408333333,28.6160847916667,"TFPR",18.2484531354167,67.341781875,4.15137464564143,286.29418986875,468.607827083333,2.0493564873081,3.50229585,29.30753625,2.10201815833333,1.71708295625,39.9322039583333,146.488858958333,177.6001696875,77.44660708125,48.9139210416667,5.22916666666667,5.0625,146.370534354167,17.5172603767294,437.360404166667,30.950486875,24.0737,34.59322,0,0,0,0,0,354.804384042134,164.618987489583,174.0978738375,19.2992129288873,0.935274696632012,191,191,154.798660908613,174.0978738375,0.945554267039676,1.05758075962238,0.945554267039676,5.20042299949539,5.49986730616401,8.2,7,1.3000001,0.670715525141952,0.585507877086762,4.80116459211145,"False",NA
2019-07-11,135.83078577375,21.5262472291667,8.46977271534749,14.7064149421342,27.91001,-6.23664222678673,294.394085060417,0,64.0142916666667,177.3079836875,1.25522979166667,8.76347818333333,0.201985039875,100.957291666667,2.54618226875,2.3583005,28.11199125,"TFPR",8.76347818333333,64.0142916666667,3.85968808064692,294.394085060417,459.941564583333,1.70706335773025,1.25522979166667,27.91001,2.15262472291667,2.54618226875,38.8623021875,268.901777865646,177.3079836875,81.2699241145833,47.8305995833333,7.4375,7.1875,135.83078577375,14.707095512906,424.125391666667,29.8940047916667,22.06561,33.75421,0,0,0,0,0,354.441793997962,144.594263957083,176.052753895833,9.29603893231844,0.929588574098486,192,192,144.085287410381,153.381326342699,0.821312139443366,1.06077047695491,0.942711002733259,4.81941536916898,5.1122935397972,8.5,7,0,0.601446298799671,0.588103815508394,4.99888243182135,"False",NA
2019-07-12,124.81860831875,22.0017570833333,8.54508895274758,13.3573380126343,28.6339202083333,-4.81224905988667,270.145049545833,0,63.7135183333333,155.253702895833,0.634616052083333,-0.604561064583333,0.185706513145833,100.681579166667,2.30668382916667,2.44555095833333,28.0589197916667,"TFPR",-0.604561064583333,63.7135183333333,3.98085034469588,270.145049545833,461.553383333333,1.78067463636255,0.634616052083334,28.6339202083333,2.20017570833333,2.30668382916667,38.05307625,279.643587708333,155.253702895833,78.17094811875,46.9559141666667,7.47916666666667,7.58333333333333,124.81860831875,15.2272116279711,424.832985416667,29.1502383333333,24.39913,32.88166,0,0,0,0,0,354.061905410793,124.214047254167,154.61908684375,-0.655734958058945,0.924078611990501,193,193,135.384049165127,134.728314207068,0.803355198829307,1.08464635993534,0.92195948554109,4.43180263189243,4.80693859263397,9.8,7.9,0,0.490503938023875,0.572690956852455,5.61237137715406,"False",NA
2019-07-13,131.356651041667,20.1425414583333,7.95877585256858,12.2733478028899,28.2891716666667,-4.31457195032135,250.738522330604,0.0125,67.045425625,150.0342585,4.26901280895833,3.03299988541667,0.160801159854167,100.559804166667,2.8832519625,2.57219547916667,27.7347647916667,"TFPR",3.03299988541667,67.045425625,3.90869701847753,250.738522330604,462.42385,1.89444287264419,4.26901280895833,28.2891716666667,2.01425414583333,2.8832519625,37.3605116666667,314.4005825,150.0342585,72.6302449583333,46.2523016666667,7.08333333333333,7,131.356651041667,16.2593444510307,434.349827083333,28.4687216666667,23.21404,32.80972,0.6,0,0,0,0,353.664619666142,134.389650927083,145.765245691042,3.30152190657394,0.919174898405174,194,194,142.9861118932,146.287633799774,0.92195948554109,1.08853347553634,0.91866719992904,4.66238248697145,5.07515941282282,8.7,6.8,2.5,0.583351656646301,0.567455705467073,4.93686463756354,"False",NA
2019-07-14,121.181669354583,16.702208625,7.31700124482325,12.6705253733829,27.2739952083333,-5.35352412855968,231.57292864375,0,72.4722945833333,133.498332845833,-0.508506895833333,7.16368996291667,0.1768385800625,100.780858333333,2.20951399583333,2.59820675,27.7297079166667,"TFPR",7.16368996291667,72.4722945833333,3.66009515422766,231.57292864375,456.4773875,1.98987429172766,-0.508506895833333,27.2739952083333,1.6702208625,2.20951399583333,36.9480971875,271.070838354167,133.498332845833,68.274728425,45.783120625,6.39583333333333,6.02083333333333,121.181669354583,17.0851446643211,426.677527083333,28.11307375,23.75577,31.39462,0,0,0,0,0,353.24983444744,128.3453593175,134.006839741667,7.91990720589004,0.914271184819848,195,195,133.973913068732,141.893820274623,0.95775230253112,1.10556253088673,0.904516906156303,4.29699993108509,4.75060211903055,7.7000003,6.5,0,0.616961290122359,0.540670639462834,4.16316408606502,"False",NA
2019-07-15,104.606856091667,17.7191027291667,6.85720770942522,11.3068483670137,28.40952,-4.44964065758852,257.56727388125,0,72.2299795833333,160.632099458333,6.48853616666667,27.8241588127083,0.1555204745,100.963125,1.86799041666667,2.77663333333333,27.7058991666667,"TFPR",27.8241588127083,72.2299795833333,3.93354446313271,257.56727388125,464.9849125,2.16163419021604,6.48853616666667,28.40952,1.77191027291667,1.86799041666667,36.8084060416667,171.72145325,160.632099458333,69.8276180854167,45.4755302083333,5.10416666666667,4.89583333333333,104.606856091667,18.348496283566,437.87735625,28.141281875,23.52745,33.31908,0,0,0,0,0,352.817444022746,132.431014904375,154.143563291667,30.7613474367722,0.910476383551926,196,196,115.649420568807,146.41076800558,0.85914073916789,1.10556253088673,0.904516906156303,3.71335678319479,4.10534812331425,7.9,6.2000003,0.7,0.519664319406867,0.534096991690205,4.21936623435262,"False",NA
2019-07-16,135.717501722917,21.0532983958333,6.4251197822193,10.6231849467026,29.4920885416667,-4.19806516448332,243.94855921875,0,69.2825370833333,146.2173901375,5.25762091604167,3.60459395416667,0.202157172041667,101.198322916667,2.93641929375,2.79202558333333,28.175875625,"TFPR",3.60459395416667,69.2825370833333,4.19271723688843,243.94855921875,469.588620833333,2.0873873973051,5.25762091604167,29.4920885416667,2.10532983958333,2.93641929375,36.7646075,162.016020833333,146.2173901375,68.1895161583333,45.37454125,3.47916666666667,3.08333333333333,135.717501722917,17.7799297848002,440.0469625,28.15467375,24.9687,35.07479,0,0,0,0,0,352.36733954516,139.322095677083,140.959769221458,3.98821451291969,0.906940060857314,197,197,150.161298862211,154.149513375131,0.988381979103541,1.1064254569671,0.903811453092531,4.82279377824015,5.33606180994744,10.900001,8.2,0,0.489546910128489,0.531898506213947,5.79769424963053,"False",NA
2019-07-17,129.050644120833,21.2125423541667,6.34768514179754,10.5672449605475,29.4662070833333,-4.21955981875,260.157010127083,0,68.8339810416667,158.260439416667,5.44968525,8.15907255939583,0.1921948234375,101.302116666667,3.02984745833333,2.77360952083333,28.1980672916667,"TFPR",8.15907255939583,68.8339810416667,4.19145163528691,260.157010127083,470.223958333333,2.07019739987024,5.44968525,29.4662070833333,2.12125423541667,3.02984745833333,36.512931875,149.88385625,158.260439416667,71.3519789004167,45.0789314583333,3.29166666666667,3.41666666666667,129.050644120833,17.6768355329849,439.679372916667,27.9469322916667,24.40814,34.959,0,0,0,0,0,351.899409366796,137.209716680229,152.810754166667,9.02740558495724,0.905354371822333,198,198,142.784917893291,151.812323478249,0.897906154763022,1.1064254569671,0.903811453092531,4.58576818775223,5.07381066267894,10.5,7.9,0,0.48322006311228,0.526395665361498,5.52715448629572,"False",NA
2019-07-18,141.292319083333,21.8019101041667,6.37098846189483,11.5093584244267,29.3175110416667,-5.13836996253184,274.776896833333,0,66.9600741666667,164.523379544042,4.08515039583333,3.826771575,0.210363710895833,101.23268125,2.94112666666667,2.66812879166667,28.24630125,"TFPR",3.826771575,66.9600741666667,4.15699304961484,274.776896833333,468.553154166667,1.97680203919817,4.08515039583333,29.3175110416667,2.18019101041667,2.94112666666667,36.2536951041667,155.752229166667,164.523379544042,76.960191361875,44.795859375,3.08333333333333,3.10416666666667,141.292319083333,16.9537983981521,435.2598375,27.7115308333333,24.10445,34.31096,0,0,0,0,0,351.413539366128,145.119090658333,160.438229148208,4.23403748857807,0.904067981479357,199,199,156.329418707718,160.563456196296,0.904516906156303,1.1064254569671,0.903811453092531,5.02004686256762,5.55430764391263,10,7.5,0,0.555430764391263,0.512592199907477,5.12592199907477,"False",NA
2019-07-19,126.9432121875,21.2198176458333,6.38157763975645,11.1565163425436,29.0014664583333,-4.77493870278715,244.91878498125,0,67.673755,143.5910805625,2.44984922083333,-2.42575372916667,0.188966542875,101.169410416667,3.01051388333333,2.65014939583333,28.0482004166667,"TFPR",-2.42575372916667,67.673755,4.08590879102012,244.91878498125,466.428075,1.96392702643679,2.44984922083333,29.0014664583333,2.12198176458333,3.01051388333333,35.9368236458333,148.48126625,143.5910805625,69.6792399354167,44.4804164583333,4.22916666666667,3.89583333333333,126.9432121875,16.8514151893443,434.7796125,27.3932308333333,23.31355,34.16918,0,0,0,0,0,350.909613288508,124.517458458333,141.141231341667,-2.68391567828287,0.906307232890884,200,200,140.453201553426,137.769285875143,0.882218875906705,1.1064254569671,0.903811453092531,4.50884660627809,4.98870266674578,10.5,7.8,0,0.475114539690074,0.534311863684445,5.61027456868667,"False",NA
2019-07-20,144.144640854167,22.6473025208333,6.04419777103849,11.7160109822719,29.2841364583333,-5.67181321123345,277.3487740625,0,65.2191591666667,164.791598303146,4.19623638333333,1.0032865625,0.214619555083333,101.100258333333,2.53580257083333,2.57105925,28.1656133333333,"TFPR",1.0032865625,65.2191591666667,4.15172018835661,277.3487740625,467.703972916667,1.88698993627328,4.19623638333333,29.2841364583333,2.26473025208333,2.53580257083333,35.7839645833333,151.216779166667,164.791598303146,77.5429882125,44.30419375,3.64583333333333,3.52083333333333,144.144640854167,16.1241094941783,432.68976875,27.2637354166667,23.94848,34.75702,0,0,0,0,0,350.387513099585,145.147927416667,160.595361919812,1.11006179338301,0.910747986320557,201,201,159.485300126429,160.595361919812,0.903811453092531,1.1064254569671,0.903811453092531,5.12122251364961,5.66625095989496,10.400001,8,0,0.544831770679153,0.573837839475087,5.96791410437874,"False",NA
2019-07-21,137.747963752083,22.2118770416667,5.24852143537499,11.6032601185325,28.6569260416667,-6.35473868315751,283.029575854167,0,64.8417139583333,167.278964830625,3.02108954166667,7.10052868958333,0.205041783166667,101.080247916667,2.07384799166667,2.449157,28.045593125,"TFPR",7.10052868958333,64.8417139583333,4.02583164679342,283.029575854167,463.38616875,1.80464394262675,3.02108954166667,28.6569260416667,2.22118770416667,2.07384799166667,35.5065110416667,143.143064791667,167.278964830625,77.0227146458333,44.0365639583333,4.83333333333333,4.95833333333333,137.747963752083,15.3943086580455,424.658277083333,26.976458125,22.61812,35.06006,0,0,0,0,0,349.847119351356,144.848492441667,164.257875288958,7.85620570008023,0.915252871846936,202,202,152.407853740686,160.264059440766,0.881835907026393,1.1064254569671,0.903811453092531,4.89098078725585,5.41150565255685,10.400001,8,0,0.520337031944213,0.598310968966213,6.22243467555958,"False",NA
2019-07-22,146.97194585375,22.0848797291667,4.52372434174477,12.5203983821747,29.149703125,-7.99667404042989,263.9154720125,0.0541666666666667,64.7526145833333,166.7838145,3.97855220833333,8.48133632708333,0.218693437875,101.18361875,1.28468671041667,2.545965375,28.0686010416667,"TFPR",8.48133632708333,64.7526145833333,4.13266790485963,263.9154720125,465.219770833333,1.92417993194297,3.97855220833333,29.149703125,2.20848797291667,1.28468671041667,34.9961014583333,200.559674166667,166.7838145,70.30715654375,43.9120785416667,5.70833333333333,5.625,146.97194585375,16.4050066088516,438.395279166667,26.080124375,24.13243,35.07066,2.6,0,0,0,0,349.28831156049,155.453282180833,162.805262291667,9.38396642138482,0.919892001264469,203,203,162.613502352579,171.997468773964,0.954841876685397,1.1064254569671,0.903811453092531,5.22099059624611,5.77663690627252,8.6,7.2000003,0.7,0.671701965845641,0.605702169484836,5.20903865756959,"False",NA
2019-07-23,148.552489125,20.4595464791667,3.69453421917695,9.00643816101721,27.2273466666667,-5.31190394184026,277.960371764792,0,59.5083289583333,167.770084958333,-7.43771526458333,2.12952182489583,0.216583209979167,101.359133333333,2.6675154875,2.132505625,27.58930375,"TFPR",2.12952182489583,59.5083289583333,3.64409602514677,277.960371764792,453.258025,1.59814137723011,-7.43771526458333,27.2273466666667,2.04595464791667,2.6675154875,34.9644198958333,133.140023354167,167.770084958333,78.02961665,44.6929991666667,7.125,6.9375,148.552489125,13.3208221852334,421.097358333333,25.235840625,23.51738,31.17015,0,0,0,0,0,348.710968598577,150.682010949896,175.207800222917,2.35431953831037,0.924531130682002,204,204,164.234065846559,166.588385384869,0.860018850520258,1.10556253088673,0.904516906156303,5.26730805933515,5.82333842903866,7.6,6.1,0,0.766228740662982,0.615472042491229,4.67758752293334,"False",NA
2019-07-24,155.598451043125,22.6982214583333,2.98949232960748,10.534724884811,25.1255066666667,-7.54523255520349,313.0448771875,0,49.3257739583333,162.330342083333,-9.10887470833333,8.34753625833333,0.2306256075625,101.483516666667,2.2258429,1.514720375,26.147504375,"TFPR",8.34753625833333,49.3257739583333,3.24797808902527,313.0448771875,437.9834125,0.978155943191941,-9.10887470833333,25.1255066666667,2.26982214583333,2.2258429,34.2163952083333,41.407480875,162.330342083333,90.6740141708333,42.943553125,5.22916666666667,5.33333333333333,155.598451043125,6.01926243529107,377.942891666667,25.4892372916667,20.15853,30.21638,0,0,0,0,0,348.114969093876,163.945987301458,171.439216791667,9.22872331243178,0.929036016208382,205,205,172.023817337293,181.252540649725,0.956292208804744,1.10556253088673,0.904516906156303,5.50592765832454,6.08714731681654,9.3,7.2000003,0,0.654531969550166,0.599106671742593,5.57169204720611,"False",NA
2019-07-25,148.322141852083,22.1063954375,2.64586939379594,12.4384083652339,24.7602725,-9.79253897143792,302.379685645833,0,52.3073447916667,164.199978166667,-4.5149244375,15.5193694808333,0.220093249083333,101.461335416667,1.52527981666667,1.54457804166667,25.10691625,"TFPR",15.5193694808333,52.3073447916667,3.24999730362229,302.379685645833,434.9767375,1.03935775987229,-4.5149244375,24.7602725,2.21063954375,1.52527981666667,33.5822952083333,115.864571041667,164.199978166667,86.70116361875,41.9171904166667,6.29166666666667,6.39583333333333,148.322141852083,7.18522413952571,383.49819375,25.2474,16.33781,31.36066,0,0,0,0,0,347.500191844107,163.841511332917,168.714902604167,16.7027839072523,0.933540901734761,206,206,159.632302528514,176.335086435766,0.971114636608695,1.07625402745134,0.929148671683098,5.2465989613743,5.64667326260113,9.3,7.3,0,0.607169168021627,0.60865256773912,5.66046887997382,"False",NA
2019-07-26,125.845114285417,22.7919795416667,2.36876872093342,11.0171911007309,25.836351875,-8.64842237979753,290.558312922917,0,54.2906210416667,163.3925083125,-1.036050875,15.1347561958333,0.186856515479167,101.551835416667,1.36232307708333,1.70924858333333,25.081409375,"TFPR",15.1347561958333,54.2906210416667,3.46016771462432,290.558312922917,440.5971375,1.18096976045766,-1.036050875,25.836351875,2.27919795416667,1.36232307708333,33.2920191666667,137.460142708333,163.3925083125,82.1689242520833,41.5012304166667,7.22916666666667,7.3125,125.845114285417,9.01468139520307,395.600252083333,25.0828079166667,17.62277,32.50233,0,0,0,0,0,346.866516239776,140.97987048125,164.4285591875,15.8750878393148,0.938045787261141,207,207,132.000953142516,147.876040981831,0.857392846947524,1.04891599401418,0.953365193882703,4.45615418488533,4.67413139631946,8.6,7,0,0.543503650734821,0.593849381001327,5.10710467661141,"False",NA
2019-07-27,109.8236151875,23.0427618125,2.11092357950509,11.0742570322957,27.996208125,-8.96333345279062,259.443214533333,0,59.7020402083333,155.533851375,5.59266552083333,13.5749352916667,0.16332802625,101.560175,1.50713535,2.19493964583333,25.688508125,"TFPR",13.5749352916667,59.7020402083333,3.90676123411415,259.443214533333,455.84791875,1.60248505286415,5.59266552083333,27.996208125,2.30427618125,1.50713535,33.2925680208333,135.348860125,155.533851375,70.7880584145833,41.5130670833333,5.79166666666667,5.83333333333333,109.8236151875,13.6257210318386,422.726610416667,25.0720689583333,20.90634,34.56534,0,0,0,0,0,346.213822697517,123.398550479167,149.941185854167,14.2389667451368,0.941602689997721,208,208,115.195746490628,129.434713235764,0.822979688844028,1.04891599401418,0.953365193882703,3.89698001555344,4.08760466666765,9.5,7.3,0,0.4302741754387,0.567696946571373,5.39312099242805,"False",NA
2019-07-28,140.586276270833,19.3670011041667,1.83126090199871,9.41674224311341,28.2368508333333,-7.5854813411147,251.288729375,0,68.9935127083333,148.6601438125,6.36829110416667,-2.92778115625,0.209106819041667,101.437210416667,2.79923255208333,2.6051559375,26.697935,"TFPR",-2.92778115625,68.9935127083333,3.89652934990574,251.288729375,462.758275,1.95982923948907,6.36829110416667,28.2368508333333,1.93670011041667,2.79923255208333,33.4815475,148.91216875,148.6601438125,69.9401015395833,41.7779625,4.35416666666667,4.02083333333333,140.586276270833,16.8216937186345,430.069785416667,25.1851325,22.92851,33.47047,0,0,0,0,0,345.541993102835,137.658495114583,142.291852708333,-3.06624712189351,0.945095460637594,209,209,147.235138826189,144.168891704296,0.967437646600559,1.0472938236343,0.954841876685397,4.98972625839738,5.22570949204546,8.900001,6.6,0,0.587158303919905,0.536833420692793,4.77781798099928,"False",NA
2019-07-29,155.720006666167,22.3322493958333,2.39632331667804,9.62491284970767,29.3346733333333,-7.22858953302963,273.5454674375,0,65.944660625,165.390527166667,6.96868666666667,-8.522564,0.231879534791667,101.26435625,2.73425560416667,2.60916252083333,27.2314222916667,"TFPR",-8.522564,65.944660625,4.1657021627322,273.5454674375,468.27275625,1.93247722314887,6.96868666666667,29.3346733333333,2.23322493958333,2.73425560416667,33.5180225,157.710314583333,165.390527166667,74.6214338791667,41.864624375,4.125,4.08333333333333,155.720006666167,16.5419562284117,434.739247916667,25.171420625,24.12553,35.10382,0,0,0,0,0,344.850911261647,147.197442666167,158.4218405,-8.92562863872803,0.948588231277468,210,210,163.084601197768,154.15897255904,0.929148671683098,1.0472938236343,0.954841876685397,5.53274772349889,5.79441251854712,10.2,7.7000003,0,0.56807965868109,0.529353926393409,5.39941004921277,"False",NA
2019-07-30,161.198433373958,22.2135638541667,3.26649653795277,11.9811964192934,29.1644722916667,-8.71469988134059,274.054202270833,0,65.53275375,169.855082791667,3.91008696666667,6.19387171083333,0.236495874875,101.242958333333,2.04964670208333,2.55509714583333,27.6729672916667,"TFPR",6.19387171083333,65.53275375,4.15013629957418,274.054202270833,465.666116666667,1.92877991415752,3.91008696666667,29.1644722916667,2.22135638541667,2.04964670208333,33.5132475,193.255862708333,169.855082791667,71.90899779375,41.905975625,4.72916666666667,4.66666666666667,161.198433373958,16.495636884667,433.37598125,25.120519375,24.22669,36.42834,0,0,0,0,0,344.140463359932,167.392305084792,165.944995825,6.49685110236508,0.949543010349524,211,211,169.083614975975,175.58046607834,1.00872162039353,1.04891599401418,0.953365193882703,5.72645048860589,6.00656550642905,10.3,7.9,0,0.583161699653306,0.524254276748563,5.3998190505102,"False",NA
2019-07-31,122.402707507292,21.315861875,4.14270643573148,10.5320086927101,29.0078239583333,-6.38930225697862,237.184573035417,0.00416666666666667,66.2864820833333,141.1761454375,5.26558225,7.16969291666667,0.182235041083333,101.25706875,1.46512445625,2.5869361875,27.5934202083333,"TFPR",7.16969291666667,66.2864820833333,4.11508606609858,237.184573035417,464.781920833333,1.98349987859858,5.26558225,29.0078239583333,2.1315861875,1.46512445625,33.3640130208333,149.015361229167,141.1761454375,69.2716701458333,41.7811235416667,4.95833333333333,4.58333333333333,122.402707507292,16.9641437991307,438.045175,24.9469025,23.28086,36.29738,0.2,0,0,0,0,343.410538430795,129.572400423958,135.9105631875,7.52040557246186,0.948296287403435,212,212,128.390157615038,135.9105631875,0.953365193882703,1.04891599401418,0.953365193882703,4.34760101273344,4.56026823784837,10.400001,8,1.6,0.438487288400104,0.509394182085144,5.29770000307968,"False",NA
2019-08-01,135.517550272917,21.8346092083333,4.81851051503849,9.76084105445845,28.990945625,-4.94233053941996,238.818016370833,0.0166666666666667,64.0526635416667,139.4287103,1.69028910416667,3.55843789041667,0.201586472145833,101.290558333333,1.29071414791667,2.49342241666667,27.6328447916667,"TFPR",3.55843789041667,64.0526635416667,4.08574226374028,238.818016370833,461.539608333333,1.90228134290695,1.69028910416667,28.990945625,2.18346092083333,1.29071414791667,33.1780933333333,139.020151041667,139.4287103,70.6142670770833,41.4937410416667,5.625,5.54166666666667,135.517550272917,16.2785146415016,432.764577083333,24.862445625,23.42934,34.67939,0.8,0,0,0,0,342.661028828198,139.075988163333,137.738421195833,3.73250241696413,0.946658326813908,213,213,142.146525950883,145.879028367848,1.00971092129478,1.04891599401418,0.953365193882703,4.81334603622964,5.04879564212604,9.1,7.2000003,0,0.554812707925938,0.52685857970103,4.79441307527938,"False",NA
2019-08-02,120.10234015625,16.7143424375,4.86051732450133,10.3696179316418,27.9651308333333,-5.50910060714043,204.92335108125,0.0979166666666667,70.553778125,117.948649604167,2.37322858125,4.57300900833333,0.178624071854167,101.1569,1.19222502083333,2.75459414583333,27.547104375,"TFPR",4.57300900833333,70.553778125,3.83975629114017,204.92335108125,459.43078125,2.16832204739017,2.37322858125,27.9651308333333,1.67143424375,1.19222502083333,33.451186875,139.254278041667,117.948649604167,61.0444837916667,41.674591875,6.52083333333333,6.66666666666667,120.10234015625,18.1070019213924,433.50055625,25.227781875,23.53593,34.25336,4.7,0,0,0,0,341.891830706551,124.675349164583,115.575421022917,4.84974833942717,0.944712891586744,214,214,127.370430207478,132.220178546906,1.07873584245791,1.06051580711727,0.942937383194913,4.26158176628889,4.51947482647211,8.900001,7.1,8.400001,0.5078061032209,0.535867153690872,4.76921820371591,"False",NA
2019-08-03,64.1865280416667,15.4681708958333,4.89977392725178,7.5811879080649,27.5055883333333,-2.68141398081313,113.272568677083,0,75.3343954166667,64.293032125,0.85081924375,-4.57297394583333,0.0952466024166667,101.016827083333,1.18222276875,2.75425839583333,27.4662708333333,"TFPR",-4.57297394583333,75.3343954166667,3.70463915471958,113.272568677083,457.587029166667,2.15782206513625,0.85081924375,27.5055883333333,1.54681708958333,1.18222276875,33.564186875,140.379551875,64.293032125,32.2397891291667,41.74921375,4.85416666666667,5.20833333333333,64.1865280416667,18.3199156916621,440.847279166667,25.37916,24.34225,31.31601,0,0,0,0,0,341.102844505369,59.6135540958333,63.44221288125,-4.84971115509169,0.939723401360394,215,215,68.0708275921635,63.2211164370718,0.939651241475718,1.06051580711727,0.942937383194913,2.27651108873505,2.41427599468127,7.4,5.7000003,0.4,0.326253512794766,0.535129446931439,3.95995790729265,"False",NA
2019-08-04,120.661712466667,16.0515136458333,4.9831666862841,13.3617235953911,27.8956308333333,-8.37855690910702,224.746909289583,0.00208333333333333,74.2108810416667,143.622860166667,4.0404105625,15.3512855170833,0.17926698,101.057664583333,1.26627240833333,2.76619022916667,27.6784816666667,"TFPR",15.3512855170833,74.2108810416667,3.80275178687616,224.746909289583,461.082172916667,2.19760042229283,4.0404105625,27.8956308333333,1.60515136458333,1.26627240833333,33.8562916666667,148.186989895833,143.622860166667,59.9128293166667,41.2599725,4.75,4.9375,120.661712466667,18.6002471018613,439.870952083333,26.4526108333333,24.49755,33.45416,0.1,0,0,0,0,340.29397543811,136.01299798375,139.582449604167,16.2802809504373,0.934640167346822,216,216,127.963653384739,144.243934335176,0.974427647383041,1.06051580711727,0.942937383194913,4.28114142930171,4.54021815827909,6.4,5.1,0.7,0.709409087231108,0.54977167667656,3.51853873072998,"False",NA
2019-08-05,136.89953344375,20.7171372083333,5.11822068955651,12.201596109423,29.1155275,-7.08337541986653,263.892085555208,0,68.3648133333333,167.139308770833,4.64957577083333,8.51931342083333,0.2037760685,101.067197916667,1.23843123333333,2.6713916875,27.7026708333333,"TFPR",8.51931342083333,68.3648133333333,4.13784258882507,263.892085555208,465.569925,2.06612886799174,4.64957577083333,29.1155275,2.07171372083333,1.23843123333333,33.71995375,143.742577291667,167.139308770833,70.0484745291667,40.7343279166667,4.27083333333333,4.3125,136.89953344375,17.6152831755978,438.865627083333,26.7055795833333,23.58458,35.64621,0,0,0,0,0,339.465133984326,145.418846864583,162.489733,9.06646322038993,0.929556933333251,217,217,145.691856085615,154.758319306005,0.89494175527129,1.06422463554617,0.939651241475718,4.86301968150345,5.17534534820185,8.2,6.3,0,0.631139676609982,0.547234367474761,4.48732181329304,"False",NA
2019-08-06,142.122789139583,21.3432670625,5.28257008098412,10.2985139597058,29.6088233333333,-5.01594387872168,253.969540139583,0.00208333333333333,67.2807672916667,163.52235295,4.33989885416667,-2.57693956458333,0.211575791166667,101.020891666667,1.399060775,2.71204320833333,27.9506545833333,"TFPR",-2.57693956458333,67.2807672916667,4.24408851280616,253.969540139583,466.485535416667,2.10976180655616,4.33989885416667,29.6088233333333,2.13432670625,1.399060775,33.6452355208333,156.558795166667,163.52235295,66.50505919125,40.429218125,5.52083333333333,5.45833333333333,142.122789139583,17.9786597579407,442.543420833333,26.8612529166667,24.18389,35.9532,0.1,0,0,0,0,338.616236384197,139.545849575,159.182454095833,-2.7424425689432,0.924473699319679,218,218,151.250573474878,148.508130905935,0.876640898443421,1.06422463554617,0.939651241475718,5.05098164165123,5.37537909673667,9.3,7.2000003,0,0.577997752337276,0.552897181821985,5.14194379094446,"False",NA
2019-08-07,163.698823508333,22.4795753541667,5.48371276686152,11.2511692060349,29.8383002083333,-5.7674564391734,265.3826579375,0,65.981884375,163.486138833333,4.83344086666667,-20.9181405854167,0.2437343556875,100.989341666667,2.15707341458333,2.7018499375,28.1968872916667,"TFPR",-20.9181405854167,65.981884375,4.27539571333712,265.3826579375,469.264391666667,2.02743817792046,4.83344086666667,29.8383002083333,2.24795753541667,2.15707341458333,33.4724044791667,162.812577083333,163.486138833333,71.6642044229167,40.129213125,3.47916666666667,3.6875,163.698823508333,17.3061562067005,439.032058333333,26.8155958333333,24.89752,35.3344,0,0,0,0,0,337.74720513449,142.780682922917,158.652697966667,-22.3640280604654,0.919895900618786,219,219,175.013886509484,152.649858449019,0.899957484195543,1.06912122371224,0.935347627397912,5.81908129134466,6.22130331108343,11.5,8.5,0,0.540982896615951,0.592106544269065,6.80922525909424,"False",NA
2019-08-08,167.77624673125,22.9807791458333,5.68510380342818,12.096468912572,30.10139625,-6.41136510914383,248.517193729167,0,66.273143125,148.695979791667,4.3522073125,-21.2546852708333,0.2499265215,100.977845833333,2.48701090208333,2.75333520833333,28.2639677083333,"TFPR",-21.2546852708333,66.273143125,4.34675553966141,248.517193729167,472.265833333333,2.04867762507807,4.3522073125,30.10139625,2.29807791458333,2.48701090208333,33.1960827083333,157.15839625,148.695979791667,67.7871220979167,39.9503641666667,2.91666666666667,2.83333333333333,167.77624673125,17.4680140579946,440.231733333333,26.44180125,25.03167,35.24559,0,0,0,0,0,336.857969484996,146.521561460417,144.343772479167,-22.7702237954096,0.917510664572981,220,220,179.739320387247,156.969096591838,1.01508751603097,1.07130373869407,0.933442089186589,5.96554802716443,6.39091390486031,11.900001,8.7,0,0.537051543513342,0.562494657378761,6.69368698530192,"False",NA
2019-08-09,173.1490239375,23.85697875,5.88776377121528,12.7051688291244,30.4170483333333,-6.81740505790908,247.890726102083,0,64.827209375,160.5100423125,3.95354393958333,-25.5260490395833,0.257952684854167,101.02090625,2.8012191875,2.75128566666667,28.3809127083333,"TFPR",-25.5260490395833,64.827209375,4.41019073150044,247.890726102083,474.042325,2.02449285650044,3.95354393958333,30.4170483333333,2.385697875,2.8012191875,33.0391591666667,165.49983125,160.5100423125,66.534213848125,39.8360833333333,2.625,2.8125,173.1490239375,17.2245209094155,453.195858333333,26.242235,26.59777,35.22347,0,0,0,0,0,335.948465934418,147.622974897917,156.556498372917,-28.3636166017338,0.914454893371681,221,221,192.396893162431,164.033276560697,0.942937383194913,1.11116360223826,0.899957484195543,6.15847435234479,6.84307254564336,12.5,9.1,0,0.547445803651469,0.552115207782622,6.90144009728278,"False",NA
2019-08-10,172.924106754167,23.4326690833333,5.98292759914953,12.4310003690184,29.6533075,-6.44807276986891,269.693670875,0,65.18828375,169.954626520833,3.35995209375,-17.1001732916667,0.257625490520833,101.05615,2.122152075,2.629732,28.1700991666667,"TFPR",-17.1001732916667,65.18828375,4.26497198618262,269.693670875,469.44825625,1.92170507784929,3.35995209375,29.6533075,2.34326690833333,2.122152075,32.7717425,151.774360416667,169.954626520833,71.9334363041667,39.606320625,3.89583333333333,3.8125,172.924106754167,16.4698593041503,441.642647916667,25.937164375,23.35076,35.4998,0,0,0,0,0,335.018638724715,155.8239334625,166.594674427083,-19.0541874615159,0.911697862326671,222,222,192.683915566796,173.62972810528,0.935347627397912,1.11426867649356,0.897449619733417,6.14591248441681,6.84819776985634,11.400001,8.5,0,0.600719049924324,0.550603759966571,6.27688341422267,"False",NA
2019-08-11,148.240950875,24.6775545833333,6.17856772692177,11.2861154270031,30.3868733333333,-5.10754770008128,270.283818958333,0,63.939775,174.159980645833,4.60871620833333,-6.6371090875,0.220889595770833,101.123633333333,1.95288164583333,2.68291035416667,28.3456045833333,"TFPR",-6.6371090875,63.939775,4.44258006707777,270.283818958333,472.710241666667,1.97482460874444,4.60871620833333,30.3868733333333,2.46775545833333,1.95288164583333,32.6692439583333,152.87297125,174.159980645833,71.5106824833333,39.5249110416667,4.8125,4.8125,148.240950875,16.8859966169826,448.0970875,25.813576875,23.86637,36.4661,0,0,0,0,0,334.068440332853,141.6038417875,169.5512644375,-7.39552275867198,0.908940831281662,223,223,165.180248133633,157.784725374961,0.835168302974809,1.11426867649356,0.897449619733417,5.27240234624159,5.87487278428814,11.7,8.7,0,0.502125878998987,0.570083217661303,6.66997364663725,"False",NA
2019-08-12,167.647275066667,25.481101125,6.34765330037286,11.7031155412977,30.6962239583333,-5.35546224092488,278.43177499375,0,62.3402270833333,178.506761,4.1945097375,-20.0089218541667,0.249821592875,100.980022916667,2.23726631458333,2.6612560625,28.4905927083333,"TFPR",-20.0089218541667,62.3402270833333,4.50079900110905,278.43177499375,474.772995833333,1.95268888860905,4.1945097375,30.6962239583333,2.5481101125,2.23726631458333,32.590450625,160.227966666667,178.506761,73.1277770416667,39.4572525,3.5625,3.4375,167.647275066667,16.6739893309077,447.975735416667,25.72364875,24.94583,36.17725,0,0,0,0,0,333.097831958932,147.6383532125,174.3122512625,-22.2953148725053,0.904110908997787,224,224,186.804107306286,164.508792433781,0.846976343562729,1.11426867649356,0.897449619733417,5.96440939154618,6.6459545587839,11.900001,8.8,0,0.558483529437006,0.619931751161279,7.37718845875098,"False",NA
2019-08-13,143.753729291667,26.4684420833333,6.45762612715701,10.8703791527225,30.8905404166667,-4.41275302556554,276.918625927083,0,61.0865502083333,179.856512083333,3.16695716666667,-4.61472339375,0.214243398583333,100.956802083333,1.91325040208333,2.61862522916667,28.5763539583333,"TFPR",-4.61472339375,61.0865502083333,4.56150232566679,276.918625927083,473.945758333333,1.91465811733346,3.16695716666667,30.8905404166667,2.64684420833333,1.91325040208333,32.4884676041667,154.408639375,179.856512083333,71.96379374375,39.3649460416667,5.39583333333333,5.0625,143.753729291667,16.2675131019792,448.84743125,25.6119891666667,25.27258,37.09278,0,0,0,0,0,332.10678400961,139.139005897917,176.689554916667,-5.1700857453843,0.901918346342699,225,225,161.053879776037,155.883794030653,0.787477256160047,1.12034575081715,0.892581597485087,5.11531188816643,5.7309179380117,10.1,7.8,0,0.567417617624921,0.623643125533133,6.29879556788464,"False",NA
2019-08-14,157.257166904167,18.9389633333333,6.29899818691725,13.9404540314172,29.4980254166667,-7.64145584449999,258.716672452083,0.195833333333333,63.8686016666667,172.938276547917,-7.15888927083333,2.16587277291667,0.3106479021875,101.097372916667,1.555268125,2.92403252083333,28.3993583333333,"TFPR",2.16587277291667,63.8686016666667,4.23415366553192,258.716672452083,468.717860416667,2.34025733219859,-7.15888927083333,29.4980254166667,1.89389633333333,1.555268125,33.7345328125,214.779539954167,172.938276547917,65.6567109208333,41.2246385416667,4.9375,5.10416666666667,157.257166904167,19.2457349006701,448.5961875,26.2444270833333,24.5318,37.05505,9.4,0,0,0,0,331.095276575766,159.423039677083,180.09716581875,2.36268493170991,0.902769838686795,226,226,171.547074830032,173.909759761742,0.885205710774632,1.09086967676693,0.916699786691066,5.58824948034017,6.09605190431167,9,7,13.900001,0.677339100479074,0.620050714634121,5.58045643170709,"False",NA
2019-08-15,154.1772033625,19.4663541666667,6.23726080452653,12.8637376648217,29.4303547916667,-6.6264768602952,248.084437904167,0,70.73484,155.143924554167,-20.6285892916667,9.89625918333333,0.229411712625,101.116952083333,1.21191047916667,2.83924977083333,28.2559170833333,"TFPR",9.89625918333333,70.73484,4.19117998494418,248.084437904167,468.704147916667,2.24454456827751,-20.6285892916667,29.4303547916667,1.94663541666667,1.21191047916667,35.5126233333333,185.308984166667,155.143924554167,67.34128266875,43.6692972916667,5.1875,5.29166666666667,154.1772033625,18.9545158724556,443.104904166667,27.355949375,24.35425,35.15085,0,0,0,0,0,330.06329990333,164.073462545833,175.772513845833,10.8830958732574,0.908085620002349,227,227,169.551469356285,180.434565229542,0.933442089186589,1.09971815325796,0.909323899980611,5.47844070104787,6.02474069048959,6.8,5.6,0,0.885991278013175,0.630662742092435,4.28850664622856,"False",NA
2019-08-16,142.2457470125,22.0369997916667,6.22274877426308,11.3162033965389,30.1206452083333,-5.09345462227579,240.612899208333,0,67.034211875,145.731892625,-55.0229143125,1.68817375208333,0.211798334395833,100.996508333333,1.64617031041667,2.78021275,28.4697847916667,"TFPR",1.68817375208333,67.034211875,4.36184013250116,240.612899208333,471.715352083333,2.15814015333449,-55.0229143125,30.1206452083333,2.20369997916667,1.64617031041667,34.5543122916667,144.514107083333,145.731892625,65.5789225208333,41.193470625,5.02083333333333,4.85416666666667,142.2457470125,18.2989688526877,442.413277083333,27.9151539583333,24.91705,35.9719,0,0,0,0,0,329.010854856208,143.933920764583,200.7548069375,1.85651532101964,0.913401401317903,228,228,156.430230213385,158.286745534405,0.716963757731558,1.09971815325796,0.909323899980611,5.05786559837152,5.56222661526807,9.7,7.4,0,0.573425424254441,0.631997315059231,6.13037395607454,"False",NA
2019-08-17,169.282824283333,22.4259487916667,6.2013614237323,11.8544775250873,30.0622177083333,-5.65311610135503,233.110376527083,0,66.6249747916667,136.407947083333,111.402798958333,-19.4507558916667,0.252061930020833,100.836852083333,2.24383045416667,2.7651575,28.4947160416667,"TFPR",-19.4507558916667,66.6249747916667,4.33036239022627,233.110376527083,471.75909375,2.0877675110596,111.402798958333,30.0622177083333,2.24259487916667,2.24383045416667,33.8460371875,155.260795,136.407947083333,66.9022356145833,39.82644,3.22916666666667,3.4375,169.282824283333,17.7601521172574,441.9589,27.865634375,24.80792,35.96222,0,0,0,0,0,327.937953370212,149.832068391667,25.005148125,-21.390349348655,0.920760921271449,229,229,186.163394899159,164.773045550504,5.99204882301279,1.09971815325796,0.909323899980611,6.01888763693682,6.6190799967593,11.5,8.3,0,0.575572173631244,0.631869489984098,7.26649913481713,"False",NA
2019-08-18,174.485137066667,23.2861710416667,6.36674819212859,11.8608210712653,30.0758783333333,-5.49407287913667,223.868424616667,0,65.662234375,126.7292925,14.5502899083333,-27.02290785625,0.259931691229167,100.88701875,2.7315626875,2.7183348125,28.37797125,"TFPR",-27.02290785625,65.662234375,4.34475836412142,223.868424616667,471.2859125,2.01614125995475,14.5502899083333,30.0758783333333,2.32861710416667,2.7315626875,33.2102433333333,156.09613125,126.7292925,65.51359381875,39.0121235416667,2.875,2.95833333333333,174.485137066667,17.2165463195371,439.660364583333,27.408363125,24.60811,36.12686,0,0,0,0,0,326.844618896953,147.462229210417,112.179002591667,-30.6306299393732,0.929222460111148,230,230,197.779961055292,167.149331115919,1.31452612167699,1.13350606464392,0.882218482275294,6.20393934190084,7.03220286872761,12.2,8.6,0,0.576410071207181,0.619741592809815,7.56084743227974,"False",NA
2019-08-19,151.031106120833,22.7490152083333,6.54813292334822,11.9121030038764,30.0555035416667,-5.36397008052822,240.742993595833,0,66.6660222916667,149.007283833333,2.39846271875,-1.83845866041667,0.225043481395833,101.143752083333,1.78518092708333,2.73753241666667,28.3623889583333,"TFPR",-1.83845866041667,66.6660222916667,4.36528665929583,240.742993595833,470.89049375,2.0903851384625,2.39846271875,30.0555035416667,2.27490152083333,1.78518092708333,32.7587525,141.049079583333,149.007283833333,66.2571338645833,38.49196,4.875,4.875,151.031106120833,17.763714418275,445.411916666667,27.025545,24.35419,37.01382,0,0,0,0,0,325.73088683661,149.192647460417,146.608821114583,-2.02178636287451,0.934831964886726,231,231,166.091649107709,164.069862744835,1.01762394872416,1.09971815325796,0.909323899980611,5.36990879750254,5.90538618595315,10.400001,7.6,0,0.567825540204577,0.548111455707917,5.70035968747379,"False",NA
2019-08-20,130.537968060417,20.202380125,6.65270540846874,12.0914353908752,28.9675777083333,-5.43872998240643,232.069065189583,0,68.3919022916667,142.516018541667,-0.32649825,-4.94636292916667,0.194263864,101.263502083333,1.81892084791667,2.67748339583333,28.238943125,"TFPR",-4.94636292916667,68.3919022916667,4.06448668713153,232.069065189583,465.40869375,2.04424867463153,-0.32649825,28.9675777083333,2.0202380125,1.81892084791667,32.4028333333333,131.381572708333,142.516018541667,64.8031544166667,38.1637466666667,5.97916666666667,5.79166666666667,130.537968060417,17.4467553654169,440.658808333333,26.64192,24.69627,35.47428,0,0,0,0,0,324.596804958549,125.59160513125,142.842516791667,-5.43960510580678,0.936604137297506,232,232,143.554973165448,138.115368059641,0.879231253775955,1.09971815325796,0.909323899980611,4.63637484185001,5.09870557889094,9,6.8,0,0.566522842098994,0.535501500536485,4.81951350482837,"False",NA
2019-08-21,151.457041989583,22.8002727083333,6.78311198472683,11.3794572335883,29.1161385416667,-4.59634524886143,245.014363345833,0,63.7538183333333,151.057305375,1.12494347916667,-4.76256852083333,0.225467955854167,101.221697916667,1.71629017083333,2.47795152083333,27.975109375,"TFPR",-4.76256852083333,63.7538183333333,4.12424782724238,245.014363345833,465.2513375,1.84422055640904,1.12494347916667,29.1161385416667,2.28002727083333,1.71629017083333,32.1067403125,150.15354125,151.057305375,66.41024711875,37.8818983333333,4.58333333333333,4.5,151.457041989583,15.7853173168188,437.704529166667,26.3315822916667,23.80429,35.48693,0,0,0,0,0,323.442433808733,146.69447346875,149.932361895833,-4.98216640213787,0.933863734686712,233,233,158.440594117825,153.458427715688,0.978404339222423,1.04610912795143,0.955923214204506,5.38014260852786,5.62821629246139,9.5,7,0,0.592443820259094,0.55373989257363,5.26052897944949,"False",NA
2019-08-22,98.3087387026042,22.6597405208333,6.7974870398939,9.24671229755983,29.2044408333333,-2.44922525766594,216.369401029167,0,64.3207272916667,126.400712208333,0.232149291666667,-1.48801582708333,0.146314654270833,101.011708333333,2.13953096458333,2.530846,27.782265,"TFPR",-1.48801582708333,64.3207272916667,4.14820183536283,216.369401029167,465.927339583333,1.8822277832795,0.232149291666666,29.2044408333333,2.26597405208333,2.13953096458333,31.8555832291667,124.675647291667,126.400712208333,60.933196825,37.6337720833333,5.35416666666667,5.35416666666667,98.3087387026042,16.099591041209,436.8918375,26.077394375,23.1845,35.14173,0,0,0,0,0,322.267847102933,96.8207228755208,126.168562916667,-1.55662693924807,0.930895596458914,234,234,102.841668914186,101.285041974938,0.767391818035291,1.04610912795143,0.955923214204506,3.4924779128957,3.65351302384893,9.5,7,0,0.384580318299888,0.552575127591054,5.24946371211502,"False",NA
2019-08-23,125.664738757708,20.1176756041667,6.76093287806486,10.8301405523549,28.664615625,-4.06920767429,229.6486146625,0,68.2473529166667,138.994384583333,0.265966979166667,15.2698563208333,0.1870728763125,100.9110375,2.17237797916667,2.626229375,27.7621904166667,"TFPR",15.2698563208333,68.2473529166667,4.01133393231123,229.6486146625,464.440927083333,1.99956637189456,0.265966979166667,28.664615625,2.01176756041667,2.17237797916667,31.6829188541667,142.01656,138.994384583333,62.9412666958333,37.45783,4.66666666666667,4.79166666666667,125.664738757708,17.1011393036287,436.727960416667,25.9080077083333,23.55719,35.81007,0,0,0,0,0,321.073132104719,140.934595078542,138.728417604167,15.6068975869106,0.930168558997693,235,235,128.438451997851,144.045349584762,1.0159028518632,1.02207232726987,0.978404339222423,4.46197818020285,4.5604644228673,9.400001,7,0,0.485155738054421,0.560021697915048,5.26420452042315,"False",NA
2019-08-24,159.998413427083,20.4456835416667,6.80449315635353,12.937362635837,29.1741910416667,-6.13286947948344,253.640819009708,0.0479166666666667,61.7578785416667,164.726930791667,3.45664829166667,13.2289103125,0.213652769416667,100.890815,1.33521505,2.55593054166667,27.750976875,"TFPR",13.2289103125,61.7578785416667,4.14229948248432,253.640819009708,466.3069125,2.09773112831766,3.45664829166667,29.1741910416667,2.04456835416667,1.33521505,31.6211117708333,120.763811458333,164.726930791667,69.0516033541667,37.426531875,5.52083333333333,5.54166666666667,159.998413427083,17.6534635032189,446.444616666667,25.8156916666667,24.09517,35.18699,2.3,0,0,0,0,319.858389987269,173.227323739583,161.2702825,13.4213928867851,0.927200420769894,236,236,162.326413675817,175.747806562602,1.07414286782553,1.01455014583501,0.985658524721782,5.68387432635205,5.76657552670831,8.2,6.3,8.5,0.703240917891257,0.549275227159375,4.50405686270687,"False",NA
2019-08-25,133.101158416667,14.2243549583333,6.74253511340055,11.4088366999941,28.6314591666667,-4.66630158659355,241.313770801667,0.195833333333333,59.524351875,160.429336270833,5.13766533333333,2.65809234375,0.228015753770833,100.704522916667,1.86462362708333,2.88786522916667,27.781789375,"TFPR",2.65809234375,59.524351875,3.99227158018371,241.313770801667,468.916397916667,2.56983608435038,5.13766533333333,28.6314591666667,1.42243549583333,1.86462362708333,37.220715625,161.400725833333,160.429336270833,55.5203218791667,44.83918875,3.8125,4.0625,133.101158416667,20.9095854960149,443.552270833333,29.6022425,23.40611,35.33026,9.4,0,0,0,0,318.623736178061,135.759250760417,155.2916709375,2.71676262787478,0.924009254426372,237,237,136.039010745238,138.755773373113,0.874221070201862,1.02207232726987,0.978404339222423,4.72587111491417,4.83018208879777,8.5,6.2000003,1.1,0.56825671632915,0.569091086106459,4.8372742319049,"False",NA
2019-08-26,189.484214754167,20.4980699583333,6.53337277558145,13.1602928394951,30.056889375,-6.62692006391365,255.149796758333,0,71.0987558333333,159.745413458333,2.98818835708333,-26.7805565270833,0.282147727145833,100.569210416667,2.998045625,2.95682510416667,28.1024972916667,"TFPR",-26.7805565270833,71.0987558333333,4.32139740946385,255.149796758333,476.262554166667,2.27159041363051,2.98818835708333,30.056889375,2.04980699583333,2.998045625,35.2642811458333,148.6373,159.745413458333,60.0388672666667,41.8765691666667,3.29166666666667,2.72916666666667,189.484214754167,19.1135913362778,440.897027083333,28.651993125,25.8228,34.82224,0,0,0,0,0,317.369300685503,162.703658227083,156.75722510125,-28.832949398711,0.912067119383739,238,238,204.005796904788,175.172847506078,1.03793402901839,1.07663742422799,0.928817796499189,6.73711759103099,7.25343292992866,11.7,8.5,0,0.619951532472535,0.597902353514365,6.99545753611807,"False",NA
2019-08-27,114.24563991375,19.6624979166667,6.10567453136514,10.2804612779127,29.6048672916667,-4.17478674654751,203.197168645833,0,69.7959414583333,122.409108541667,0.608910047916667,-7.16771292291667,0.169908017291667,100.953608333333,2.01272872291667,2.856040125,28.2279764583333,"TFPR",-7.16771292291667,69.7959414583333,4.18640614369864,203.197168645833,472.32040625,2.22015635203198,0.608910047916667,29.6048672916667,1.96624979166667,2.01272872291667,33.8650617708333,156.030453541667,122.409108541667,48.0385541683333,39.953665625,4.3125,4.25,114.24563991375,18.7322116744852,439.57089375,27.7764579166667,26.21406,33.97724,0,0,0,0,0,316.095228406657,107.077926990833,121.80019849375,-8.15273008209454,0.895610316935076,239,239,129.945754704412,121.793024622317,0.879127688747797,1.13742419231504,0.879179471261876,4.06022437583747,4.61819743130476,9.400001,7.2000003,0,0.491297546809278,0.623725800077431,5.86302314445365,"False",NA
2019-08-28,115.583804308333,15.5592711041667,5.61598515083581,9.19634813274521,28.22941125,-3.5803629819094,208.232112314583,0.0375,76.7620083333333,129.164098833333,0.168442291666666,12.4976226352083,0.171740627625,101.26544375,1.41527082916667,2.918216375,27.98155375,"TFPR",12.4976226352083,76.7620083333333,3.88017932353173,208.232112314583,464.5267125,2.32425221311507,0.168442291666666,28.22941125,1.55592711041667,1.41527082916667,33.4661678125,97.0464003333333,129.164098833333,49.1065591363542,39.4744295833333,5.08333333333333,5.125,115.583804308333,19.4896631589184,434.56526875,27.4579060416667,24.33768,32.73395,1.8,0,0,0,0,314.801679415167,128.081426943542,128.995656541667,14.2557178900278,0.877109775848421,240,240,131.843483754565,146.099201644593,0.992912710221141,1.14067437513008,0.87667437947483,4.10230214030532,4.67939093048756,6.4,5.1,12.1,0.731154832888681,0.629562103247588,4.02919746078457,"False",NA
2019-08-29,122.659421485417,20.3936302916667,5.07931627977037,9.64015139327508,28.9373397916667,-4.56083511350471,265.14985193125,0,68.7339033333333,170.433032541667,1.66760157708333,8.11663879583333,0.1825436176875,101.2752875,1.48458619791667,2.64917297916667,27.8122777083333,"TFPR",8.11663879583333,68.7339033333333,4.09461818976584,265.14985193125,468.325904166667,2.05525516059918,1.66760157708333,28.9373397916667,2.03936302916667,1.48458619791667,32.9703744791667,124.617988333333,170.433032541667,59.53904483125,38.5785552083333,4.8125,4.83333333333333,122.659421485417,17.4682268579851,433.148125,27.36219375,23.14232,35.06131,0,0,0,0,0,313.488829228624,130.77606028125,168.765430964583,9.28442366867131,0.856619259728134,241,241,140.307098131476,149.591521800147,0.774898387269217,1.14387542703483,0.874221070201862,4.35642116138208,4.98320311631949,8.5,6.6,0,0.586259190155234,0.654769960347739,5.56554466295578,"False",NA
2019-08-30,131.556688697917,20.0431278541667,4.27089255640798,9.04186701111007,28.4826485416667,-4.77097445470208,233.1988428875,0,67.962724375,144.660293333333,227.6795676875,-2.07686857708333,0.19575689,101.233472916667,1.63556606666667,2.56719708333333,27.7579102083333,"TFPR",-2.07686857708333,67.962724375,3.96925163534699,233.1988428875,465.508075,1.96493884993033,227.6795676875,28.4826485416667,2.00431278541667,1.63556606666667,32.2671688541667,102.3609175,144.660293333333,53.4467051229167,37.8067989583333,5.41666666666667,5.45833333333333,131.556688697917,16.7996707307714,430.4162375,26.72753875,23.25302,34.61957,0,0,0,0,0,312.156869054562,129.479820120833,-83.0192743541667,-2.36903076639182,0.833842286896325,242,242,150.063343674678,147.694312908286,-1.55963565242045,1.14067437513008,0.87667437947483,4.67035906838844,5.32735891196707,8,6.1,0.3,0.665919863995884,0.669841268437828,5.35873014750263,"False",NA
2019-08-31,137.553893913333,17.7502648958333,3.4459252611061,11.3673093369153,27.5344966666667,-7.92138407580925,261.0754401625,0,70.3980116666667,171.81333911875,175.3663221875,16.5389483920833,0.204527575479167,101.2733125,1.39523671875,2.53155641666667,27.4708870833333,"TFPR",16.5389483920833,70.3980116666667,3.75994935235155,261.0754401625,461.7068875,1.98492286276822,175.3663221875,27.5344966666667,1.77502648958333,1.39523671875,31.639639375,131.674636291667,171.81333911875,59.0620353208333,37.1377160416667,5.70833333333333,5.8125,137.553893913333,16.9691985606602,431.50681875,26.1415627083333,22.54279,34.04552,0,0,0,0,0,310.806006014387,154.092842305417,-3.55298306875,18.9184966547013,0.81557318158481,243,243,157.344519140418,176.263015795119,-43.3699906033128,1.14387542703483,0.874221070201862,4.87877671704521,5.58071280061767,7.5,6,0.4,0.744095040082357,0.701769264407692,5.26326948305769,"False",NA
2019-09-01,136.690232754167,19.5003873958333,2.69628423544699,12.2922642005365,28.1564183333333,-9.5959799650895,245.0380166625,0,68.9335620833333,162.525958833333,-264.721790625,17.8204477004167,0.2001246370625,101.27783125,1.09226929791667,2.54521889583333,27.273720625,"TFPR",17.8204477004167,68.9335620833333,3.92462444422159,245.0380166625,462.579920833333,1.97458570463825,-264.721790625,28.1564183333333,1.95003873958333,1.09226929791667,31.1696271875,168.795040479167,162.525958833333,54.668867125,36.6412116666667,7.1875,7.125,136.690232754167,16.917951263698,434.736720833333,25.6980427083333,22.49962,35.00038,0,0,0,0,0,309.436463344541,154.510680454583,427.247749458333,21.6120762139867,0.803289615355146,244,244,165.773597703808,187.385673917795,0.361641882609031,1.2127684207104,0.82455972873554,4.85106839539273,5.8832225566386,7.9,6.2000003,11.2,0.744711716030203,0.713012207599142,5.63279644003322,"False",NA
2019-09-02,156.794846164583,24.658685625,2.76654081750086,9.45954322753343,28.2898327083333,-6.69300241003258,254.72290195,0,59.177936875,156.954870208333,414.248890416667,-1.84312754375,0.233611771479167,101.223316666667,1.47963789166667,2.1393175625,26.8626733333333,"TFPR",-1.84312754375,59.177936875,3.99537502698138,254.72290195,459.09221875,1.52950646448138,414.248890416667,28.2898327083333,2.4658685625,1.47963789166667,30.7121738541667,157.783024791667,156.954870208333,59.3555236645833,36.144748125,6.4375,6.45833333333333,156.794846164583,12.8318478125547,420.67970625,25.2795995833333,20.54548,35.5088,0,0,0,0,0,308.048480574285,154.951718620833,-257.294020208333,-2.37854094682695,0.792706748802764,245,245,202.342460302617,199.96391935579,-0.60223598859922,1.29049178115347,0.774898387269217,5.56529119554145,7.18196254757199,9.900001,7.4,0,0.725450689103161,0.748190532102816,7.40708701600841,"False",NA
2019-09-03,157.6010025175,24.6238449791667,3.32614455771355,8.69338234455225,28.364969375,-5.3672377868387,247.001915874042,0,59.2506441666667,159.824600625,-59.3558271666666,1.93114596666667,0.234849055520833,101.05788125,1.52686821875,2.16157572916667,26.5970808333333,"TFPR",1.93114596666667,59.2506441666667,4.01958398457831,247.001915874042,460.754204166667,1.55719948666165,-59.3558271666665,28.364969375,2.46238449791667,1.52686821875,30.3517058333333,148.888960833333,159.824600625,55.2303057791667,35.7506191666667,6.16666666666667,5.97916666666667,157.6010025175,13.1268119589262,428.807189583333,24.9527925,21.00177,35.74525,0,0,0,0,0,306.642313679498,159.532148484167,219.180427791667,2.492127998191,0.784513487781666,246,246,203.382798450381,205.874926448572,0.727857638072519,1.29049178115347,0.774898387269217,5.59431268240254,7.21941453784307,10.1,7.5,0,0.714793518598324,0.7707159633756,7.78423123009356,"False",NA
2019-09-04,168.149085616667,26.5935799166667,3.91017171549512,9.07972822973621,28.9837125,-5.16955651424109,248.26840043125,0,56.4065183333333,158.058555,-394.761217708333,1.70969774166667,0.2507226319375,101.25069375,1.88748218541667,2.1289050625,26.6742627083333,"TFPR",1.70969774166667,56.4065183333333,4.16058124493131,248.26840043125,463.175404166667,1.50122325326464,-394.761217708333,28.9837125,2.65935799166667,1.88748218541667,30.18763,145.6197288125,158.058555,57.2757767395833,35.552403125,6.79166666666667,6.89583333333333,168.149085616667,12.4485349295957,430.241327083333,24.822856875,21.88031,36.41844,0,0,0,0,0,305.218235211982,169.858783358333,552.819772708333,2.2488245315639,0.781051581859581,247,247,221.172304015666,223.42112854723,0.307258878469874,1.31533456280505,0.760262847398633,5.97231909193282,7.85559772171968,9.7,7.2000003,0,0.809855435228833,0.743513814648246,7.21208400208799,"False",NA
2019-09-05,138.237719833333,26.3242411458333,4.45150278745876,9.37557551919944,28.61484125,-4.92407273174067,265.04224103125,0,56.24099,167.71685625,112.392058958333,7.54061703979167,0.206041034125,101.426379166667,1.16945821458333,2.04578589583333,26.3927029166667,"TFPR",7.54061703979167,56.24099,4.09573226004112,265.04224103125,459.945952083333,1.46330814545779,112.392058958333,28.61484125,2.63242411458333,1.16945821458333,29.8869086458333,192.420778541667,167.71685625,59.1235320581875,35.217754375,7.14583333333333,7.16666666666667,138.237719833333,11.9875039005762,421.744085416667,24.5560629166667,21.05098,36.46571,0,0,0,0,0,303.776534403784,145.778336873125,55.3247972916667,10.3600163622112,0.780724264426942,248,248,189.924117852783,200.284134214994,2.6349547401791,1.37389504168447,0.727857638072519,4.90817000936842,6.74331043961567,8.1,6.4,0,0.832507461680947,0.710231872568182,5.75287816780227,"False",NA
2019-09-06,128.216955133333,26.2197045208333,5.05851988096907,8.37103332747997,29.413748125,-3.3125134465109,248.6642672375,0,56.8451254166667,161.064718541667,181.825405208333,6.68101721583333,0.191129651145833,101.344285416667,1.26987105208333,2.2057629375,26.5675083333333,"TFPR",6.68101721583333,56.8451254166667,4.24246409914112,248.6642672375,464.446202083333,1.62049364705779,181.825405208333,29.413748125,2.62197045208333,1.26987105208333,29.8032146875,158.095374166667,161.064718541667,54.6044402875,35.1369847916667,6.35416666666667,6.16666666666667,128.216955133333,13.5303949399986,431.451097916667,24.4694445833333,23.19382,36.64365,0,0,0,0,0,302.317517246111,134.897972349167,-20.7606866666667,9.17901642624197,0.788769318826384,249,249,176.156638917566,185.335655343808,-6.4977606239662,1.37389504168447,0.727857638072519,4.55591127427507,6.25934391008087,7.6,6,0,0.823597882905378,0.681337870498862,5.17816781579135,"False",NA
2019-09-07,129.868744754167,25.7749131458333,5.4868332558169,8.14635643278655,29.2963960416667,-2.65952317696965,260.382912170833,0,58.504086875,163.206978272917,296.494313125,-1.8948009125,0.1918649559375,101.225725,1.58988390208333,2.25419308333333,26.6710445833333,"TFPR",-1.8948009125,58.504086875,4.2098853259456,260.382912170833,466.69124375,1.63239401136227,296.494313125,29.2963960416667,2.57749131458333,1.58988390208333,29.7347571875,154.748349791667,163.206978272917,57.6421687625,35.06248375,5.16666666666667,5.04166666666667,129.868744754167,13.5871402251932,427.157497916667,24.407030625,21.42863,36.10527,0,0,0,0,0,300.841506542482,127.973943841667,-133.287334852083,-2.54656922070405,0.799514159046819,250,250,174.540631651945,171.994062431241,-0.960135814732035,1.34397719776486,0.744060242735576,4.61407827380625,6.20121598869784,11.2,8,0,0.553679998990879,0.646348657429081,7.23910496320571,"False",NA
2019-09-08,129.261764414792,24.4502557916667,5.40764072928431,8.63997644074875,28.92433625,-3.23233571146444,257.64638502375,0,61.5500035416667,162.998541025,193.224634895833,-2.93376739375,0.192602019604167,101.1413375,2.05454355416667,2.32144010416667,26.6296022916667,"TFPR",-2.93376739375,61.5500035416667,4.13400882085548,257.64638502375,467.014170833333,1.68898324168882,193.224634895833,28.92433625,2.44502557916667,2.05454355416667,29.6024378125,145.233463958333,162.998541025,57.6684307208333,34.92399375,4.625,4.5625,129.261764414792,14.2531376279058,430.034747916667,24.280881875,21.01523,35.91925,0,0,0,0,0,299.348841935793,126.327997021042,-30.2260938708333,-3.85888565222985,0.808216176426238,251,251,170.022466383939,166.163580731709,-4.1794350788721,1.31533456280505,0.760262847398633,4.59085467994203,6.03850983334304,11.8,8.400001,0,0.511738121469749,0.600311112824322,7.083671131327,"False",NA
2019-09-09,104.241867152083,14.9847709583333,5.13362896444605,7.0423312586637,26.090768125,-1.90870229421766,194.785399541667,0.0395833333333333,73.8050902083333,116.594872375,370.5542430625,7.11239621145833,0.1366191804375,101.239254166667,2.21404909166667,2.4757303125,26.5258866666667,"TFPR",7.11239621145833,73.8050902083333,3.45360346113982,194.785399541667,453.357314583333,1.95512636530649,370.5542430625,26.090768125,1.49847709583333,2.21404909166667,29.5488541666667,118.377065625,116.594872375,44.9172837916667,34.791995625,4.75,4.95833333333333,104.241867152083,16.5966145604429,420.08406875,24.3057127083333,21.6636,34.45345,1.9,0,0,0,0,297.839879909065,111.354263363542,-253.9593706875,9.0708324968744,0.81620587458924,252,252,132.945422047024,142.016254543898,-0.438472748857786,1.27535534118037,0.784095198969786,3.69209577873669,4.70873407156133,9,6.5,8.1,0.523192674617926,0.530335158082104,4.77301642273893,"False",NA
2019-09-10,87.8857747708333,14.8438146875,4.95001908140566,5.68025296612266,26.1050283333333,-0.730233884717005,213.872449797917,0,76.4648008333333,137.360491458333,0.220132208333333,19.6453225020833,0.130650235729167,101.413170833333,2.07995734166667,2.54095958333333,26.41593,"TFPR",19.6453225020833,76.4648008333333,3.46195884559126,213.872449797917,454.69986875,1.97757737684126,0.220132208333334,26.1050283333333,1.48438146875,2.07995734166667,29.8691788541667,104.390162916667,137.360491458333,45.6783533458333,34.826198125,5.45833333333333,5.22916666666667,87.8857747708333,16.903351597993,423.86626875,24.9121595833333,22.15221,34.16988,0,0,0,0,0,296.314993759662,107.531097272917,137.14035925,23.4265165530006,0.827141500872797,253,253,104.801413019505,128.227929572505,0.784095198969786,1.19247299455207,0.838593414331893,3.11282966668959,3.71196531416787,7.9,5.9,4.9,0.469869027109857,0.5050844430682,3.99016710023878,"False",NA
2019-09-11,89.8276179583333,18.0882164375,4.50538024883266,6.18575779901811,26.8200629166667,-1.68037755018545,239.24920818125,0,71.9349575,154.952252395833,-0.170608354166667,28.1065298520833,0.1336318295625,101.4858875,2.58504413958333,2.43743735416667,26.2947991666667,"TFPR",28.1065298520833,71.9349575,3.65172996771791,239.24920818125,459.317947916667,1.84290832396791,-0.170608354166667,26.8200629166667,1.80882164375,2.58504413958333,29.7865120833333,107.71042625,154.952252395833,50.7900934020833,34.7976479166667,4.70833333333333,4.33333333333333,89.8276179583333,15.7299509072034,425.811085416667,24.77537625,21.6303,34.56876,0,0,0,0,0,294.774573546871,117.934147810417,155.12286075,32.2833281776478,0.838077127156355,254,254,103.176538876438,135.459867054086,0.760262847398633,1.14860597688672,0.870620578442826,3.18381128607612,3.65694467246641,7.5,5.7000003,8,0.487592622995521,0.501009273559503,3.75756955169627,"False",NA
2019-09-12,67.0382615625,19.7537985833333,4.03422378044035,5.37275837234251,27.6136,-1.33853459190216,222.24000365625,0,68.5600039583333,140.440576666667,1.19753441666667,26.6195997645833,0.0997698887291667,101.404885416667,2.21467168333333,2.450107875,26.2644560416667,"TFPR",26.6195997645833,68.5600039583333,3.8233013417547,222.24000365625,462.042291666667,1.84792148342137,1.19753441666667,27.6136,1.97537985833333,2.21467168333333,29.6393509375,114.726365208333,140.440576666667,48.4371778958333,34.7251822916667,5.625,5.41666666666667,67.0382615625,15.8672524481353,428.68003125,24.5535195833333,20.41208,34.66997,0,0,0,0,0,293.219026012754,93.6578613270833,139.24304225,29.1544213955509,0.847539789379634,255,255,73.4219050813321,102.576326476883,0.67262148121504,1.09522388215393,0.913055327129408,2.37790278218487,2.60433591648915,7.6,5.8,0,0.342675778485415,0.507569073741846,3.85752496043803,"False",NA
2019-09-13,122.117563981042,22.4643380416667,3.53203305081684,9.40422444664973,27.8667997916667,-5.87219139583289,243.804587164583,0,63.2422652083333,157.8049214375,-1.21826670416667,26.2540959020833,0.1818525279375,101.553154166667,1.39514201875,2.24458822916667,26.3018704166667,"TFPR",26.2540959020833,63.2422652083333,3.8971319821708,243.804587164583,460.500397916667,1.65069817800413,-1.21826670416667,27.8667997916667,2.24643380416667,1.39514201875,29.446664375,128.657931041667,157.8049214375,50.13863174875,34.6110525,6.25,6.22916666666667,122.117563981042,14.0340296534149,424.639379166667,24.28227625,20.35058,35.27974,0,0,0,0,0,291.648774476288,148.371659883125,159.023188141667,29.396867050561,0.857572310383652,256,256,136.735761394251,166.132628444812,0.933019024564816,1.11970593694023,0.893091629693999,4.33267469923165,4.85132158356042,7.5,5.8,0,0.646842877808055,0.513229878193569,3.84922408645177,"False",NA
2019-09-14,121.040698982917,27.0782271875,3.11810867984441,9.62503568108377,28.6596752083333,-6.50692700123936,224.0496195025,0,55.76805,139.210021041667,-0.623558833333333,13.2767678770833,0.18049590425,101.463735416667,1.81567410625,2.0377495,26.2350479166667,"TFPR",13.2767678770833,55.76805,4.10107998304772,224.0496195025,462.603347916667,1.39325726429772,-0.623558833333333,28.6596752083333,2.70782271875,1.81567410625,29.2544420833333,163.898583333333,139.210021041667,47.0433046833333,34.4719408333333,6.6875,6.66666666666667,121.040698982917,11.1530653496955,424.80705625,24.0369433333333,20.95251,37.14539,0,0,0,0,0,290.06425870082,134.31746686,139.833579875,15.2497749373555,0.86543825397211,257,257,139.028070298324,154.277845235679,0.960552300671048,1.14860597688672,0.870620578442826,4.29777178713276,4.93644636199579,9.400001,6.9,0,0.525153812429997,0.515686475053324,4.84745338118772,"False",NA
2019-09-15,107.942749583333,24.8038389166667,3.21996296657167,6.85635425529363,28.2300045833333,-3.63639128872195,234.606790010417,0,58.1810333333333,150.272822383333,0.105991229166667,26.169990378125,0.160755804958333,101.3303625,1.57976041041667,2.1092099375,26.0531329166667,"TFPR",26.169990378125,58.1810333333333,3.97567134656926,234.606790010417,461.082785416667,1.49528745490259,0.105991229166667,28.2300045833333,2.48038389166667,1.57976041041667,29.0310826041667,133.760812229167,150.272822383333,48.8138027729167,34.2802110416667,6.91666666666667,6.85416666666667,107.942749583333,12.5111574957067,425.562622916667,23.7819541666667,20.48112,35.43592,0,0,0,0,0,288.465934734974,134.112739961458,150.166831154167,30.8553970014906,0.854533127942244,258,258,127.268537118387,158.123934119878,0.893091629693999,1.17903738425835,0.848149527191652,3.83110791443241,4.51701945424384,8.1,6.2000003,0,0.557656722746153,0.504215943864958,4.08414914530616,"False",NA
2019-09-16,110.2753780125,24.527088,3.44515948067135,10.7151324189315,28.3368989583333,-7.26997293826018,226.295406387604,0,58.3731614583333,144.1092199375,0.604408375,34.2084652083333,0.156982588625,101.160572916667,2.33534217291667,2.159345,26.20351625,"TFPR",34.2084652083333,58.3731614583333,3.98333389720095,226.295406387604,464.687708333333,1.53062509720095,0.604408375,28.3368989583333,2.4527088,2.33534217291667,28.943028125,139.013424375,144.1092199375,47.5526105041667,34.2308770833333,5.875,5.72916666666667,110.2753780125,12.9199262455055,430.054141666667,23.6551791666667,21.66132,35.77314,0,0,0,0,0,286.854274727178,144.483843220833,143.5048115625,40.333059338726,0.823126947598838,259,259,130.018793239959,170.351852578685,1.00682229151534,1.17903738425835,0.848149527191652,3.91430345552523,4.61511010739587,8.2,6,0,0.562818305779985,0.538559943201501,4.41619153425231,"False",NA
2019-09-17,74.6375366583333,15.0878498958333,3.57471709702671,5.09086776464722,26.21311375,-1.51615066762051,135.636711333333,0,74.68903125,78.9837398958333,-0.626410625,23.80071325,0.1107414385,100.92393125,2.32801097916667,2.523974375,26.1108208333333,"TFPR",23.80071325,74.68903125,3.44145138744739,135.636711333333,454.951258333333,1.93266639786406,-0.626410625,26.21311375,1.50878498958333,2.32801097916667,28.8023127083333,45.2645372708333,78.9837398958333,31.6217134895833,34.1530666666667,3.39583333333333,3.125,74.6375366583333,16.6199634474236,429.919991666667,23.45155875,22.92235,31.33324,0,0,0,0,0,285.229766714043,98.4382499083333,79.6101505208333,28.061930693763,0.814134109645782,260,260,88.0004459891279,116.062376682891,1.23650375315611,1.17903738425835,0.848149527191652,2.64386639002201,3.11721731282011,6.4,4.7000003,0.4,0.487065205128142,0.527900273024824,3.37856174735887,"False",NA
2019-09-18,49.75610934375,12.7243598541667,3.7700834602516,5.5607292086113,25.8020354166667,-1.7906457483597,97.2773854775,0.0229166666666667,73.7006847916667,64.5339447916667,0.0794924375,4.91090394583333,0.0674288129791667,100.753860416667,1.8121875,2.4750398125,26.0687547916667,"TFPR",4.91090394583333,73.7006847916667,3.35058558967313,97.2773854775,451.474195833333,2.07814960425646,0.0794924375,25.8020354166667,1.27243598541667,1.8121875,29.0566402083333,238.475922791667,64.5339447916667,20.1240009020833,34.576715625,5.02083333333333,5.14583333333333,49.75610934375,17.2815003660354,438.854764583333,23.5365647916667,23.56121,29.9949,1.1,0,0,0,0,283.592914382902,54.6670132895833,64.4544523541667,5.79013934263933,0.805361051862646,261,261,58.6643130115273,64.4544523541667,0.848149527191652,1.17903738425835,0.848149527191652,1.76179690447995,2.07722441385249,5.1,4.2000003,1.7,0.407298904676959,0.537254786599923,2.73999941165961,"False",NA
2019-09-19,78.9014980458333,9.91618902145833,3.92114277780136,8.51052635380632,25.154303125,-4.58938357600496,147.694996839375,0.3125,81.27742125,104.052578775,2.88597149375,15.596452175,0.104528165104167,100.764783333333,2.09553425833333,2.70263008333333,25.8732825,"TFPR",15.596452175,81.27742125,3.22737819872899,147.694996839375,450.660270833333,2.23575929658316,2.88597149375,25.154303125,0.991618902145833,2.09553425833333,33.2909684375,179.08388125,104.052578775,27.7000248241667,42.4338777083333,5.16666666666667,5,78.9014980458333,18.8221851206542,434.717870833333,24.1480591666667,22.75958,30.32483,15,0,0,0,0,281.944236808864,94.4979502208333,101.16660728125,17.9141781864328,0.797203611040124,262,262,90.6267322407597,108.540910427193,0.9340824285836,1.14860597688672,0.870620578442826,2.79204602854246,3.20696075612669,5.5,4.1,15.1,0.583083773841216,0.567899619899254,3.1234479094459,"False",NA
2019-09-20,106.803165127083,14.7351981458333,4.16981081595611,5.99708578410421,27.029088125,-1.8272749681481,207.902317825,0,77.5130110416667,134.605835875,-293.98541009375,8.47688720833333,0.1585999811875,101.136385416667,3.54348570833333,2.74635185416667,26.243676875,"TFPR",8.47688720833333,77.5130110416667,3.60654372463865,207.902317825,461.284022916667,2.13302391005532,-293.98541009375,27.029088125,1.47351981458333,3.54348570833333,33.2110227083333,114.7763125,134.605835875,43.1744550604167,41.75603375,3.35416666666667,2.97916666666667,106.803165127083,18.1516280934436,431.162010416667,24.6660116666667,24.19958,32.3968,0,0,0,0,0,280.284268166789,115.280052335417,428.59124596875,9.73660331288622,0.789925623018477,263,263,122.674753815387,132.411357128273,0.268974351248934,1.14860597688672,0.870620578442826,3.78625177428528,4.348911417942,7.6,5.5,0.7,0.572225186571316,0.577570076430436,4.38953258087131,"False",NA
2019-09-21,93.37220536875,17.197696,4.33477120079281,3.77249480541641,27.2208579166667,0.562276395376399,211.6870763125,0,72.4907525,130.821783541667,545.725211239583,10.4367215791667,0.1387644640625,101.341825,3.09805837291667,2.5722595,26.3214929166667,"TFPR",10.4367215791667,72.4907525,3.67375197898965,211.6870763125,461.185122916667,1.95398237898965,545.725211239583,27.2208579166667,1.7197696,3.09805837291667,31.758838125,104.119524375,130.821783541667,43.784497625,38.83749625,3.375,3.27083333333333,93.37220536875,16.7759758747016,424.104322916667,24.68018,22.90395,32.82615,0,0,0,0,0,278.613557418681,103.808926947917,-414.903427697917,14.5229388028665,0.780221638989614,264,264,129.929577422656,144.452516225522,-0.25020021532215,1.39152306523694,0.718637028003362,3.31072929601059,4.60695617815437,7.8,5.7000003,0,0.590635407455689,0.618389212410196,4.82343585679953,"False",NA
2019-09-22,90.3297342610417,18.2521334791667,4.39576427171605,5.7413605158401,27.4324733333333,-1.34559624412405,200.450421854167,0,71.1875022916667,124.578907716042,935.317852083333,3.85083884791667,0.1343391343125,101.25695625,2.47003950416667,2.53529047916667,26.3530535416667,"TFPR",3.85083884791667,71.1875022916667,3.74709098452718,200.450421854167,462.108516666667,1.92187763661051,935.317852083333,27.4324733333333,1.82521334791667,2.47003950416667,30.7910791666667,110.070896458333,124.578907716042,40.7765297770833,37.0209222916667,4.1875,4.1875,90.3297342610417,16.4906131051535,427.013525,24.5612360416667,22.26198,33.81554,0,0,0,0,0,276.932667977001,94.1805731089583,-810.738944367291,7.33279981292,0.766636061349207,265,265,172.006641838265,179.339441651185,-0.116166336603526,1.90420843419275,0.525152594665369,3.20350823030235,6.10014739114762,7.9,5.9,0,0.772170555841471,0.655658589169694,5.17970285444058,"False",NA
2019-09-23,104.693883422917,19.1745349375,4.24964770464129,5.05547726067769,28.6019820833333,-0.8058295560364,207.384879179167,0,70.7025258333333,132.442751208333,353.199672604167,20.2161614166667,0.155771820125,101.259,2.15387035625,2.70377847916667,26.8297404166667,"TFPR",20.2161614166667,70.7025258333333,3.97960121250277,207.384879179167,469.519579166667,2.06214771875277,353.199672604167,28.6019820833333,1.91745349375,2.15387035625,30.3722717708333,110.160964791667,132.442751208333,40.5733979791667,36.213600625,4.10416666666667,4.04166666666667,104.693883422917,17.586615440613,435.150872916667,24.5309429166667,24.43015,34.41438,0,0,0,0,0,275.24217734451,124.910044839583,-220.756921395833,27.0900542200568,0.746257694888596,266,266,140.291864512762,167.381918732818,-0.565826176818305,1.34001968334716,0.746257694888596,3.71714007169982,4.98104086183624,7.9,6,0,0.630511501498259,0.671765129007238,5.30694451915718,"False",NA
2019-09-24,101.311377520833,19.3935770833333,3.99784121809195,5.23042135226641,27.9674804166667,-1.23258013417445,189.284377354167,0,68.287746875,118.557223895833,212.1816564375,10.99287213125,0.150574719458333,101.004895833333,2.3617497375,2.53577560416667,26.9011652083333,"TFPR",10.99287213125,68.287746875,3.82680523377017,189.284377354167,464.99408125,1.88744752543684,212.1816564375,27.9674804166667,1.93935770833333,2.3617497375,29.8860498958333,132.547397916667,118.557223895833,38.0239191375,35.5791185416667,3.16666666666667,2.9375,101.311377520833,15.9777600998649,432.290866666667,24.19298125,24.31857,33.83048,0,0,0,0,0,273.542676731276,112.304249652083,-93.6244325416667,15.5970759015507,0.704803400370519,267,267,143.744166767035,159.341242668586,-1.19951861499511,1.41883537944666,0.704803400370519,3.5948317260737,5.10047443611066,6.6,5,2.1000001,0.772799156986464,0.688355119413225,4.54314378812729,"False",NA
2019-09-25,91.4227460341667,20.7966844166667,3.73206944587158,5.04391086924131,27.0964275,-1.31184142336973,231.222708125,0,63.9927177083333,138.816372395833,-57.99514875,24.52374862625,0.135929261645833,100.8517,2.09138415208333,2.22196441666667,26.3564583333333,"TFPR",24.52374862625,63.9927177083333,3.7002414512825,231.222708125,459.378710416667,1.62057300961583,-57.99514875,27.0964275,2.07966844166667,2.09138415208333,29.2694844791667,116.791881041667,138.816372395833,45.5023549770833,34.8351458333333,4.1875,3.97916666666667,91.4227460341667,13.8565647364461,412.474729166667,23.703823125,20.65419,33.88463,0,0,0,0,0,271.834770649521,115.946494660417,196.811521145833,39.4339174074,0.621894811334365,268,268,147.006767652565,186.440685059965,0.589124528815072,1.60798897462154,0.621894811334365,3.24121589750051,5.21183942754886,7.8,5.9,0,0.668184541993444,0.707899061804732,5.52161268207691,"False",NA
2019-09-26,75.2357266729167,21.1271666875,3.52868006766236,3.98522505206673,27.1758714583333,-0.456544984404364,224.168492541667,0,63.0483904166667,135.538651041667,153.174870416667,32.6309782791667,0.111849740645833,100.881779166667,2.16670421666667,2.19003197916667,26.3669627083333,"TFPR",32.6309782791667,63.0483904166667,3.69326084979879,224.168492541667,459.318608333333,1.58054418104879,153.174870416667,27.1758714583333,2.11271666875,2.16670421666667,28.9554114583333,106.308814166667,135.538651041667,45.3979648208333,34.4685672916667,3.83333333333333,3.52083333333333,75.2357266729167,13.3028449030371,416.086716666667,23.442255625,21.78325,33.31916,0,0,0,0,0,270.119076487078,107.866704952083,-17.636219375,62.1361840551495,0.525152594665369,269,269,143.264505283188,205.400689338338,-6.11620340269686,1.90420843419275,0.525152594665369,2.66754187384574,5.07955573473938,7.3,5.7000003,0,0.695829552704024,0.691831188295548,5.0503676745575,"False",NA
2019-09-27,58.7367429291667,15.0791040625,3.37109399931872,2.65951010296583,26.4873914583333,0.711583896352897,188.696563833333,0.0145833333333333,72.3190152083333,118.512818541667,-182.116320989583,28.9812236041667,0.0872698514375,100.721808333333,2.94206017083333,2.6116394375,26.19344375,"TFPR",28.9812236041667,72.3190152083333,3.521076823996,188.696563833333,456.943008333333,2.013166417746,-182.116320989583,26.4873914583333,1.50791040625,2.94206017083333,28.7604485416667,109.866519791667,118.512818541667,39.1640354020833,34.2656275,3.875,3.95833333333333,58.7367429291667,16.9017972251975,425.9232875,23.2552695833333,21.65643,32.49925,0.7,0,0,0,0,268.396224060227,87.7179665333333,300.62913953125,NA,NA,270,270,160.819155137209,NA,0.291781317905862,NA,NA,2.08116917489856,5.69816867115715,8,5.9,0.7,NA,0.712271083894644,5.69816867115715,"True",5.69816867115715
2019-09-28,58.28574608125,20.7638464791667,3.33325621946508,2.35952725136597,28.38406875,0.973728968099107,193.658148875,0,67.6438847916667,117.398560666667,-64.43830228125,25.5738984791667,0.0867330912291667,100.937327083333,3.27231627083333,2.5333193125,26.50985875,"TFPR",25.5738984791667,67.6438847916667,3.93669698094181,193.658148875,467.82428125,1.86031233302514,-64.43830228125,28.38406875,2.07638464791667,3.27231627083333,28.7922377083333,108.653270625,117.398560666667,38.766198225,34.2583202083333,2.41666666666667,2.22916666666667,58.28574608125,15.8826087241193,430.330885416667,23.3261552083333,23.50117,34.20813,0,0,0,0,0,266.666855146747,83.8596445604167,181.836862947917,NA,NA,271,271,159.467118884812,NA,0.461180660515665,NA,NA,2.06898892939597,5.66065849299449,8.3,5.9,0,NA,0.682007047348734,5.66065849299449,"True",5.66065849299449
2019-09-29,50.7823231708333,21.9241022916667,3.23180644716793,2.5003890175493,28.744491875,0.731417429618627,180.63215811875,0,65.4509195833333,106.776562,-648.537622847222,29.0089955416667,0.0756068421666667,101.212866666667,3.37028560416667,2.51117552083333,26.71265125,"TFPR",29.0089955416667,65.4509195833333,4.01411049690725,180.63215811875,469.591545833333,1.82170026774058,-648.537622847222,28.744491875,2.19241022916667,3.37028560416667,28.6846944791667,107.549373958333,106.776562,37.637206875,34.161714375,3.29166666666667,2.54166666666667,50.7823231708333,15.4958061685616,433.373175,23.2076745833333,24.22673,34.05511,0,0,0,0,0,264.93162300008,79.7913187125,755.314184847222,NA,NA,272,272,164.112240455787,NA,0.105639904973636,NA,NA,1.80326782770621,5.82758536570214,8.6,6.2000003,0,NA,0.677626205314202,5.82758536570214,"True",5.82758536570214
2019-09-30,48.19804175,20.9517532708333,3.15428502594636,2.66898541098717,28.3682239583333,0.485299614959184,171.793134916667,0,67.7481364583333,104.262931791667,-114.633417361111,26.2205461,0.07181966225,101.216220833333,2.99050362291667,2.54951989583333,26.5763175,"TFPR",26.2205461,67.7481364583333,3.96310457570248,171.793134916667,467.091725,1.86792924861914,-114.633417361111,28.3682239583333,2.09517532708333,2.99050362291667,28.4919110416667,105.910144583333,104.262931791667,34.9116581729167,33.969605625,3.35416666666667,2.97916666666667,48.19804175,16.0591008340108,434.473179166667,23.0142164583333,22.92103,35.00749,0,0,0,0,0,263.191191845512,74.41858785,218.896349152778,NA,NA,273,273,138.454507523561,NA,0.339971809205734,NA,NA,1.71087596616764,4.91469115194159,7.3,5.3,0,NA,0.673245363279671,4.91469115194159,"True",4.91469115194159
2019-10-01,54.1403528708333,21.7553695833333,3.29177058981383,3.08439491444818,28.0769954166667,0.207375675365647,194.83855819375,0,64.9835633333333,113.287567145833,239.353919791667,29.93971081875,0.0806010480833333,101.150458333333,2.90077382083333,2.37787260416667,26.5573570833333,"TFPR",29.93971081875,64.9835633333333,3.89197145972517,194.83855819375,465.448279166667,1.71643450139184,239.353919791667,28.0769954166667,2.17553695833333,2.90077382083333,28.2696747916667,107.002789166667,113.287567145833,40.3624474416667,33.8317422916667,3.10416666666667,2.89583333333333,54.1403528708333,14.6474729614427,424.259735416667,22.7076072916667,22.90936,34.58036,0,0,0,0,0,261.446236359338,84.0800636895833,-126.066352645833,NA,NA,274,274,154.555885516357,NA,-0.666950870909982,NA,NA,1.92126621948095,5.48468907421014,8.2,5.8,0,NA,0.668864521245139,5.48468907421014,"True",5.48468907421014
2019-10-02,55.4477882041667,21.5267378541667,3.42447316800156,4.89578823794848,27.266375,-1.47131506994692,204.954216809792,0,63.6036039583333,123.313134375,243.782691458333,42.1481755333333,0.0824914190833333,101.133620833333,2.26344947708333,2.20666104166667,26.1963552083333,"TFPR",42.1481755333333,63.6036039583333,3.74704616101526,204.954216809792,459.901564583333,1.5943723755986,243.782691458333,27.266375,2.15267378541667,2.26344947708333,27.9652919791667,121.903795208333,123.313134375,40.8573546020833,33.5369602083333,4.8125,4.60416666666667,55.4477882041667,13.4386430323203,419.117833333333,22.39362375,20.61441,34.4623,0,0,0,0,0,259.697441132008,97.5959637375,-120.469557083333,NA,NA,275,275,146.168473683441,NA,-0.810129680065058,NA,NA,1.96611735195617,5.18297269784273,7.8,5.7000003,0,NA,0.664483679210607,5.18297269784273,"True",5.18297269784273
2019-10-03,64.8993113083333,22.5278106875,3.59992231446543,5.19376565263763,27.4854225,-1.5938433381722,212.510043754167,0,61.238714375,133.248109541667,223.714001666667,41.5816525797917,0.0965364353125,101.292758333333,1.66880569166667,2.17032885416667,25.978003125,"TFPR",41.5816525797917,61.238714375,3.80739033294653,212.510043754167,461.688864583333,1.55460926419653,223.714001666667,27.4854225,2.25278106875,1.66880569166667,27.6787290625,142.217410479167,133.248109541667,41.5378420333333,33.2767597916667,5.25,5.25,64.8993113083333,13.128629961467,423.964766666667,22.0806983333333,20.31351,34.54086,0,0,0,0,0,257.945500116284,106.480963888125,-90.465892125,NA,NA,276,276,126.561937472915,NA,-1.17702883801772,NA,NA,2.30174646966897,4.48869929279731,6.8,5.1,0,NA,0.660102837176075,4.48869929279731,"True",4.48869929279731
2019-10-04,63.5174589083333,23.1698356458333,3.81296718592863,4.51719958983454,27.67475125,-0.70423240390591,211.864572275,0,59.2594454166667,128.293617458333,619.3332209375,45.4835904020833,0.094475371375,101.353733333333,1.6638067375,2.1119395625,26.1221414583333,"TFPR",45.4835904020833,59.2594454166667,3.81832711801461,211.864572275,460.515670833333,1.50134355343127,619.3332209375,27.67475125,2.31698356458333,1.6638067375,27.4955641666667,116.672462083333,128.293617458333,41.6655915166667,33.176198125,5.02083333333333,4.75,63.5174589083333,12.5580316114213,418.610302083333,21.8149302083333,20.91813,34.605,0,0,0,0,0,256.191116061467,109.001049310417,-491.039603479167,NA,NA,277,277,120.15338601461,NA,-0.221980159111629,NA,NA,2.25315054124308,4.26219296842003,6.5,4.8,0,NA,0.655721995141543,4.26219296842003,"True",4.26219296842003
2019-10-05,74.4346386104167,23.5572469166667,4.23084369118881,5.23417556688337,27.4573820833333,-1.00333187569456,209.2645287125,0,57.510870625,128.722945354167,87.6203364583333,40.0124843458333,0.110771980479167,101.125264583333,1.13041076875,2.00150335416667,25.86573125,"TFPR",40.0124843458333,57.510870625,3.79593020575014,209.2645287125,457.16575625,1.44020551408347,87.6203364583333,27.4573820833333,2.35572469166667,1.13041076875,27.1727820833333,175.859070833333,128.722945354167,39.7924474979167,32.93669125,5.89583333333333,5.8125,74.4346386104167,11.8374657755787,416.4166125,21.4088729166667,19.99941,34.87519,0,0,0,0,0,254.434999934787,114.44712295625,41.1026088958334,NA,NA,278,278,108.356491637073,NA,2.78442478545082,NA,NA,2.63985868687396,3.84291280333137,5.9,4.6,0,NA,0.651341153107011,3.84291280333137,"True",3.84291280333137
2019-10-06,43.6030729833333,22.6464129375,4.69503696214259,3.47345176282788,27.4000995833333,1.2215851993147,201.3253081875,0,59.682898125,119.516210354167,425.139653645833,43.05700479375,0.0648597023958333,101.1084625,1.62145744791667,2.092333,25.923985,"TFPR",43.05700479375,59.682898125,3.75199094952829,201.3253081875,459.028627083333,1.48734965577829,425.139653645833,27.4000995833333,2.26464129375,1.62145744791667,26.9941495833333,115.087632708333,119.516210354167,38.7976314545833,32.8537810416667,5.16666666666667,4.83333333333333,43.6030729833333,12.3630370708827,416.01716875,21.134518125,21.41757,33.77241,0,0,0,0,0,252.677870331066,86.6600777770833,-305.623443291667,NA,NA,279,279,131.349573607372,NA,-0.283551801012793,NA,NA,1.54631719041024,4.65811443380995,7.2000003,5.4,0,NA,0.64696031107248,4.65811443380995,"True",4.65811443380995
2019-10-07,42.1053385604167,15.0696589583333,4.85664919577918,4.7443011540521,22.6357529166667,0.112348041727078,132.05279013125,0,63.0782864583333,81.507563375,-32.22505125,31.0704687916667,0.0621116743958333,101.4509125,2.66725982708333,1.73970779166667,24.9271320833333,"TFPR",31.0704687916667,63.0782864583333,2.75461661906794,132.05279013125,435.308785416667,1.2476507232346,-32.22505125,22.6357529166667,1.50696589583333,2.66725982708333,26.4282384375,237.0263806875,81.507563375,26.7626806470833,32.4263285416667,5.8125,5.8125,42.1053385604167,9.87997951647172,411.526241666667,20.4301483333333,20.35788,24.90167,0,0,0,0,0,250.92045287179,73.1758073520833,113.732614625,NA,NA,280,280,100.11717918509,NA,0.64340213749028,NA,NA,1.48633975445792,3.53418707970871,5.5,4,0,NA,0.642579469037948,3.53418707970871,"True",3.53418707970871
2019-10-08,56.6293167164792,17.4238870833333,5.18341907574872,5.52568622344463,21.2320029166667,-0.342267147695903,223.362020722917,0,54.1193483333333,114.372188958333,-24.8571566666667,53.8558174375,0.0837290701458333,101.323147916667,1.29056157291667,1.29098741666667,23.6612225,"TFPR",53.8558174375,54.1193483333333,2.6109819395332,223.362020722917,423.037552083333,0.868593231199865,-24.8571566666667,21.2320029166667,1.74238870833333,1.29056157291667,25.8368633333333,138.063242770833,114.372188958333,45.2766051708333,31.7983285416667,6.10416666666667,5.97916666666667,56.6293167164792,4.36352548123711,359.32431875,19.875398125,14.27429,28.48308,0,0,0,0,0,249.163479594747,110.485134153979,139.229345625,NA,NA,281,281,123.10382054489,NA,0.793547751431365,NA,NA,1.99634027370625,4.33975066362323,6.8,4.9,0,NA,0.638198627003416,4.33975066362323,"True",4.33975066362323
2019-10-09,49.74333349375,19.0743101666667,5.49414014357833,4.26813372966085,24.44302875,1.22600641391748,184.358976104167,0,61.788111875,101.598906520833,366.750213125,42.1475257979167,0.0739097375416667,100.93288125,3.27648435208333,1.87523710416667,23.3859554166667,"TFPR",42.1475257979167,61.788111875,3.23771688123117,184.358976104167,445.44314375,1.3302858645645,366.750213125,24.44302875,1.90743101666667,3.27648435208333,25.6793423958333,125.533582708333,101.598906520833,37.0176357041667,31.5855077083333,4.29166666666667,4.02083333333333,49.74333349375,10.7394405442902,399.700702083333,19.7731770833333,16.27917,32.04571,0,0,0,0,0,247.407688335404,91.8908592916667,-265.151306604167,NA,NA,282,282,146.973673903545,NA,-0.346560084762647,NA,NA,1.75903146896825,5.19730583674485,8.2,5.6,0,NA,0.633817784968884,5.19730583674485,"True",5.19730583674485
2019-10-10,50.0843392875,22.92974625,5.55735731317181,3.38140955858848,28.0985658333333,2.17594775458333,168.6035963875,0,61.839043125,87.1372461458333,-272.061366041667,40.5000603958333,0.0745418798958333,100.734147916667,4.85402902083333,2.26926108333333,24.9088685416667,"TFPR",40.5000603958333,61.839043125,3.89610354021818,168.6035963875,466.78234375,1.60312891521818,-272.061366041667,28.0985658333333,2.292974625,4.85402902083333,25.9534340625,138.0675625,87.1372461458333,34.8258515375,32.008345,2.75,2.04166666666667,50.0843392875,13.6126866467282,420.141852083333,19.898523125,22.68561,34.63645,0,0,0,0,0,245.653822101195,90.5843996833333,359.1986121875,NA,NA,283,283,113.515888748819,NA,0.252184715112565,NA,NA,1.77736857851248,4.02839643477985,6.4,4.4,9.5,NA,0.629436942934352,4.02839643477985,"True",4.02839643477985
2019-10-11,117.905943179167,6.46748341666667,4.35625576099987,5.11749462414105,14.1304484166667,-0.761238863141176,51.163270095,0.1125,71.21053875,31.12933689375,-97.4450970833334,2.20932241875,0.172022802333333,101.496177083333,3.76132573958333,1.4048248625,22.085944375,"TFPR",2.20932241875,71.21053875,1.71901246134003,51.163270095,388.8055125,1.07226411967337,-97.4450970833333,14.1304484166667,0.646748341666667,3.76132573958333,24.9261845833333,288.831465208333,31.12933689375,9.94957951104167,31.1085825,5.5625,5.75,117.905943179167,5.92164461985878,378.721170833333,18.7437866666667,8.422515,25.64591,5.4,0,0,0,0,243.902628439927,120.115265597917,128.574433977083,NA,NA,284,284,17.8519929834262,NA,0.934208006074719,NA,NA,4.12826899410654,0.62505610089982,1,1,6.3,NA,0.62505610089982,0.62505610089982,"True",0.62505610089982
2019-10-12,46.2385549958333,12.2476543125,4.1369978935371,3.78051314115932,13.9310191666667,0.356484752377784,131.958314802708,0,40.9085310416667,77.59798674375,290.212865625,34.7990875895833,0.0676426268958333,101.718797916667,2.04845648125,0.654082239583333,19.4080095833333,"TFPR",34.7990875895833,40.9085310416667,1.60698113186237,131.958314802708,387.618227083333,0.382215700612373,290.212865625,13.9310191666667,1.22476543125,2.04845648125,24.6357059375,213.3660375,77.59798674375,26.1114414638958,30.148866875,7.29166666666667,7.27083333333333,46.2385549958333,-7.61823252997753,359.36934375,19.122545,10.52114,18.18611,0,0,0,0,0,242.154858803487,81.0376425854167,-212.61487888125,NA,NA,285,285,97.5164073325007,NA,-0.381147561317559,NA,NA,1.61865273056639,3.41371392375909,5.5,3.6000001,0,NA,0.620675258865289,3.41371392375909,"True",3.41371392375909
2019-10-13,45.89951469375,13.8768424166667,3.93603993667797,2.77271067903677,18.3976239583333,1.1633292576412,108.551840815,0,55.51191125,68.7648326807083,175.145883660714,23.8828374208333,0.0675061893958333,101.2388375,1.38488424375,1.15173774791667,19.84991125,"TFPR",23.8828374208333,55.51191125,2.17996621379966,108.551840815,411.819179166667,0.792281972132989,175.145883660714,18.3976239583333,1.38768424166667,1.38488424375,25.2335651041667,125.070254166667,68.7648326807083,20.2287412866667,30.5041895833333,3.97916666666667,4.02083333333333,45.89951469375,3.13256186188562,392.26090625,19.962940625,12.79095,24.5706,0,0,0,0,0,240.411267908064,69.7823521145833,-106.381050980006,NA,NA,286,286,59.6016255761648,NA,-0.655965996497803,NA,NA,1.61367897015649,2.09540101722457,3.4,2.5,1.8000001,NA,0.616294416830757,2.09540101722457,"True",2.09540101722457
2019-10-14,46.911863625,13.3851912708333,3.68559314130463,1.84641767926979,24.3138170833333,1.83917546203484,122.063486816042,0.00416666666666667,74.5577035416667,83.66922686875,131.689930193452,26.57252275,0.0694689445416667,101.078883333333,2.03569836458333,2.27744791666667,21.9568070833333,"TFPR",26.57252275,74.5577035416667,3.11394128631206,122.063486816042,445.925889583333,1.77542215922873,131.689930193452,24.3138170833333,1.33851912708333,2.03569836458333,26.2545847916667,102.409057145833,83.66922686875,21.727796420375,31.2543989583333,2.97916666666667,3.04166666666667,46.911863625,15.1464464490227,429.259425,21.254770625,19.82753,31.59754,0.2,0,0,0,0,238.672613092077,73.484386375,-48.0207033247024,NA,NA,287,287,84.8011353855651,NA,-1.53026468350785,NA,NA,1.65869748794029,2.9983765165015,4.9,3.5,0.7,NA,0.611913574796225,2.9983765165015,"True",2.9983765165015
2019-10-15,49.3826157285,13.0206885208333,3.1703531270162,2.19184048694968,26.3789297916667,0.978512640066522,109.573298666042,0.0145833333333333,78.0212316666667,69.55839405,387.04308075,18.4535129520833,0.0718029174583333,100.883141666667,1.91151095416667,2.6628275625,23.8327308333333,"TFPR",18.4535129520833,78.0212316666667,3.47081497752088,109.573298666042,455.50840625,2.16874612543754,387.04308075,26.3789297916667,1.30206885208333,1.91151095416667,26.8232189583333,163.684959791667,69.55839405,20.38331513125,31.7698847916667,4.75,4.4375,49.3826157285,18.3445020503406,435.8768125,21.876553125,23.79307,31.54547,0.7,0,0,0,0,236.939653673008,67.8361286805833,-317.4846867,NA,NA,288,288,90.8852973916479,NA,-0.213667403570502,NA,NA,1.7495485918081,3.21992348363697,5.3,3.9,3.1000001,NA,0.607532732761693,3.21992348363697,"True",3.21992348363697
2019-10-16,31.2865295416667,11.6037849166667,2.40081104212773,2.82996330289118,18.6306491666667,-0.42915226076345,44.9018578808333,0,62.36392125,15.22549179375,439.89486985625,-3.18953638958333,0.0459551770833333,101.301422916667,2.51273447083333,1.40338873333333,22.485759375,"TFPR",-3.18953638958333,62.36392125,2.18260066336142,44.9018578808333,408.77874375,1.02222217169476,439.89486985625,18.6306491666667,1.16037849166667,2.51273447083333,26.1927252083333,320.898650270833,15.22549179375,9.03289842916667,31.228904375,7.5,7.39583333333333,31.2865295416667,5.56928017510175,388.135270833333,21.1565460416667,11.87761,23.69855,0,0,0,0,0,235.213150304335,28.0969931520833,-424.6693780625,NA,NA,289,289,60.0327801677971,NA,-0.0661620418224462,NA,NA,1.10017981644543,2.11103161754506,3.5,2.6000001,0,NA,0.603151890727161,2.11103161754506,"True",2.11103161754506
2019-10-17,43.335001034625,12.3732061041667,2.23747036261047,3.80174763349153,15.7503202916667,-1.56427727088106,173.782078391667,0,55.8303364583333,82.1802933333333,-492.0310736875,49.00664725,0.0637176760625,101.17041875,1.66314854166667,0.93618446875,20.1355916666667,"TFPR",49.00664725,55.8303364583333,1.86906290563127,173.782078391667,396.884652083333,0.631742295214604,-492.0310736875,15.7503202916667,1.23732061041667,1.66314854166667,25.4145121875,137.928672708333,82.1802933333333,33.7182762291667,30.4270897916667,4.79166666666667,4.52083333333333,43.335001034625,-0.0655150803031326,339.00114375,20.4019345833333,9.021571,23.76175,0,0,0,0,0,233.493864333734,92.341648284625,574.211367020833,NA,NA,290,290,76.8364682010684,NA,0.160814734065121,NA,NA,1.51965402366152,2.69446971911683,4.5,3.3,0,NA,0.59877104869263,2.69446971911683,"True",2.69446971911683
2019-10-18,39.7706411395833,14.7067398541667,2.27238146176523,3.04804116864839,17.1683640625,-0.775659706883152,206.114410208333,0,54.84890875,109.312034270833,83.7604719791667,67.6037190145833,0.0586408943125,100.592677083333,1.45429378333333,0.97343861875,19.386515625,"TFPR",67.6037190145833,54.84890875,2.12246703724246,206.114410208333,403.523483333333,0.651793051825791,83.7604719791665,17.1683640625,1.47067398541667,1.45429378333333,25.1198126041667,137.620363166667,109.312034270833,37.12118528125,30.1172152083333,5.375,5.125,39.7706411395833,-0.242834527684641,343.8422875,20.12241,7.35609,27.41987,0,0,0,0,0,231.782557163725,107.374360154167,25.5515622916668,NA,NA,291,291,67.7072496542382,NA,4.20226203503748,NA,NA,1.39655825493436,2.37756082663239,4,2.9,0,NA,0.594390206658098,2.37756082663239,"True",2.37756082663239
2019-10-19,41.0258428604167,18.8989383541667,2.49427943194811,3.28430240313877,23.7348214583333,-0.790022971190664,178.638983177417,0,61.754655,104.872775541667,28.7492605989583,48.2871847375,0.0609875339791667,100.366091666667,1.72696701875,1.74905320833333,21.0696908333333,"TFPR",48.2871847375,61.754655,3.13687037101254,178.638983177417,438.445791666667,1.24697653559587,28.7492605989583,23.7348214583333,1.88989383541667,1.72696701875,25.6464897916667,198.524711916667,104.872775541667,32.48651226875,30.6608225,5.39583333333333,4.95833333333333,41.0258428604167,9.74032985500744,397.166095833333,20.6321570833333,15.76361,33.38543,0,0,0,0,0,230.079989615898,89.3130275979167,76.1235149427083,NA,NA,292,292,98.5075012791359,NA,1.17326463005728,NA,NA,1.44977005682764,3.48105525127904,5.9,4.3,0,NA,0.590009364623566,3.48105525127904,"True",3.48105525127904
2019-10-20,23.5457850604167,18.5961768541667,2.41365228145095,2.00208310182922,24.474425625,0.411569179621733,133.346223821875,0,62.1458091666667,76.8703415,-155.059102994792,45.1468703004167,0.0349208197291667,100.42165625,3.40596960416667,1.94965775,21.6992702083333,"TFPR",45.1468703004167,62.1458091666667,3.26312393205496,133.346223821875,446.344470833333,1.40350624663829,-155.059102994792,24.474425625,1.85961768541667,3.40596960416667,25.6844848958333,184.949619541667,76.8703415,24.8767892541667,30.8237272916667,4.95833333333333,4.35416666666667,23.5457850604167,11.2307298152229,414.745389583333,20.5452425,15.11717,33.44471,0,0,0,0,0,228.386921299869,68.6926553608333,231.929444494792,NA,NA,293,293,117.578704147934,NA,0.296179105289824,NA,NA,0.832654963058197,4.15796251038214,7.1,5,7.7000003,NA,0.585628522589034,4.15796251038214,"True",4.15796251038214
2019-10-21,62.9389089583333,18.2240505625,2.06160240193113,1.94461091950341,21.517236875,0.116991482427724,204.915460929583,0.0875,53.8469014583333,103.157729770833,-223.552421875,33.3371001458333,0.0549009365625,100.719675,2.54959888125,1.397444425,22.4730977083333,"TFPR",33.3371001458333,53.8469014583333,2.63383118407714,204.915460929583,424.5410625,0.811426127827141,-223.552421875,21.517236875,1.82240505625,2.54959888125,26.1146870833333,233.444186152083,103.157729770833,39.3795901791667,31.1539475,7.04166666666667,6.9375,62.9389089583333,0.496144615467684,362.162910416667,21.0754266666667,14.71183,27.22202,4.2,0,0,0,0,226.704109988045,96.2760091041667,326.710151645833,NA,NA,294,294,77.4723129834188,NA,0.294683249415934,NA,NA,2.21938070702034,2.73186427298046,4.7000003,3.4,0,NA,0.581247680554502,2.73186427298046,"True",2.73186427298046
2019-10-22,53.5052525708333,15.6406799791667,1.6550944274236,2.60469189912654,16.9032513333333,-0.949597471702941,208.582590145833,0,47.5171370833333,90.6624714583333,-48.2095483333333,53.8429899791667,0.0789146014791667,101.62575,1.47406148958333,0.812474820833333,19.7146447916667,"TFPR",53.8429899791667,47.5171370833333,2.05993631108481,208.582590145833,396.512889583333,0.495868313168148,-48.2095483333333,16.9032513333333,1.56406799791667,1.47406148958333,25.5917742708333,163.831123958333,90.6624714583333,41.4767971625,30.338195,5.8125,5.89583333333333,53.5052525708333,-5.91848140259948,320.0695625,20.8453535416667,7.65552,26.02609,0,0,0,0,0,225.032310997299,107.34824255,138.872019791667,NA,NA,295,295,106.807791521671,NA,0.773001233157276,NA,NA,1.87837549543531,3.74963445037981,6.5,4.4,0,NA,0.57686683851997,3.74963445037981,"True",3.74963445037981
2019-10-23,35.7171608447917,16.1695394166667,1.44425577669698,1.02396467007157,19.000602125,0.420291106625407,201.092217979167,0,54.3831302083333,93.63151375,168.817217916667,35.2248161833333,0.0528064896666667,101.3567125,3.99759637083333,1.14924130625,19.3310097916667,"TFPR",35.2248161833333,54.3831302083333,2.37830793434953,201.092217979167,413.44585625,0.761353992682859,168.817217916667,19.000602125,1.61695394166667,3.99759637083333,25.5868764583333,122.292524166667,93.63151375,40.11239281875,30.265078125,4.41666666666667,4.25,35.7171608447917,2.71128964772966,346.097539583333,20.9086747916667,9.035772,28.40061,0,0,0,0,0,223.372276578595,70.941977028125,-75.1857041666667,NA,NA,296,296,118.802896440698,NA,-0.943556728162917,NA,NA,1.25642806465494,4.1791477743437,7.3,4.9,0,NA,0.572485996485439,4.1791477743437,"True",4.1791477743437
2019-10-24,39.8640164833333,13.3823000208333,1.37363719397003,1.08182830560311,21.1667014583333,0.291808888366919,174.104102895833,0.13125,65.3153708333333,94.2814679375,370.040502470833,42.121135625,0.0608850324791667,101.092225,4.24346902083333,1.65594952083333,20.5668366666667,"TFPR",42.121135625,65.3153708333333,2.62286993593158,174.104102895833,429.936895833333,1.28463993384824,370.040502470833,21.1667014583333,1.33823000208333,4.24346902083333,26.2886780208333,122.351620833333,94.2814679375,33.6669806908333,31.209739375,3.14583333333333,3.16666666666667,39.8640164833333,10.3536221141354,383.781254166667,21.3676166666667,11.97404,28.61645,6.3,0,0,0,0,221.724755315585,81.9851521083333,-275.759034533333,NA,NA,297,297,70.9113051357475,NA,-0.297307220585091,NA,NA,1.40522860312545,2.49966267958399,4.4,3.2,28,NA,0.568105154450907,2.49966267958399,"True",2.49966267958399
2019-10-25,110.9163075,5.6778666875,1.30969416647025,4.73095654163507,9.89931777083333,-3.42126237516482,55.36459362375,0.0479166666666667,72.1278022916667,33.6995489791667,-321.848647291667,12.61626396875,0.189644808958333,101.286960416667,5.37669933333333,0.888438485416667,17.7960870833333,"TFPR",12.61626396875,72.1278022916667,1.22220875877363,55.36459362375,366.845152083333,0.654422090023625,-321.848647291667,9.89931777083333,0.56778666875,5.37669933333333,32.8051972916667,306.19190625,33.6995489791667,10.8028709354167,40.8989454166667,3.35416666666667,3.64583333333333,110.9163075,0.693322488877823,355.98299375,24.7114491666667,7.951897,11.65268,2.3,0,0,0,0,220.090491533153,123.53257146875,355.548196270833,NA,NA,298,298,38.7971938239553,NA,0.347442548617659,NA,NA,3.86788092756919,1.3529383497993,2.4,1.7,0,NA,0.563724312416375,1.3529383497993,"True",1.3529383497993
2019-10-26,32.8081655395833,8.53279245833333,1.57899455543617,2.00891678198924,13.0067802708333,-0.429922226553066,181.326480222917,0,64.278558125,95.5000863958333,-418.209411875,73.6246102916667,0.0480104858541667,100.858504166667,2.81000214791667,0.9498015125,16.9810239583333,"TFPR",73.6246102916667,64.278558125,1.55056672699368,181.326480222917,383.5709,0.697287481160343,-418.209411875,13.0067802708333,0.853279245833333,2.81000214791667,30.7503386458333,251.169096666667,95.5000863958333,35.9884359375,37.7442629166667,3.91666666666667,4.29166666666667,32.8081655395833,1.56737113270434,333.732939583333,23.756414375,8.76695,20.76127,0,0,0,0,0,218.47022471687,106.43277583125,513.709498270833,NA,NA,299,299,75.1641638268681,NA,0.20718475361952,NA,NA,1.14748647509613,2.6289144785977,4.7000003,3.2,0,NA,0.559343470381843,2.6289144785977,"True",2.6289144785977
2019-10-27,56.7933426354167,12.6625227708333,1.87230423189096,0.85738358563756,16.2083537916667,1.0149206462534,202.420620911458,0,60.6163495833333,90.6099649791667,-418.949108506944,31.9175178333333,0.0837546713333333,100.972072916667,2.29668285625,1.03855793541667,17.521145625,"TFPR",31.9175178333333,60.6163495833333,1.9908094697114,202.420620911458,399.192835416667,0.724557192628068,-418.949108506945,16.2083537916667,1.26625227708333,2.29668285625,30.1384733333333,123.627269166667,90.6099649791667,40.6534331895833,36.698620625,6.5,6.41666666666667,56.7933426354167,1.66869586577932,328.035620833333,23.5783260416667,7.268536,26.13891,0,0,0,0,0,216.864688944239,88.71086046875,509.559073486111,NA,NA,300,300,85.4202666374678,NA,0.174093378147191,NA,NA,1.99248016060254,2.99679819307548,5.4,3.8,0,NA,0.554962628347311,2.99679819307548,"True",2.99679819307548
2019-10-28,21.8280418916667,9.02123714583333,2.1092053202919,1.82451228558965,18.6399641666667,0.284693034702249,117.67224123125,0,78.1004064583333,68.1441427958333,-716.353451913194,17.1567641041667,0.0321750077916667,101.0531375,3.11153215208333,1.68806208333333,18.5411925,"TFPR",17.1567641041667,78.1004064583333,2.21609785330861,117.67224123125,414.671908333333,1.31397413872528,-716.353451913194,18.6399641666667,0.902123714583333,3.11153215208333,29.6950936458333,108.1455575,68.1441427958333,22.4323451210833,35.8030991666667,4.1875,4.14583333333333,21.8280418916667,10.666713459816,387.576166666667,23.587088125,12.66999,24.68798,0,0,0,0,0,215.274612328626,38.9848059958333,784.497594709028,NA,NA,301,301,61.0627386728913,NA,0.049693977723785,NA,NA,0.767582292814223,2.14726896661984,3.9,3,3.9,NA,0.55058178631278,2.14726896661984,"True",2.14726896661984
2019-10-29,37.2441043308712,2.94744563125,1.97405193690121,5.19946096971415,14.939524375,-3.22540903281294,23.622945635,0.0770833333333333,70.543059375,15.8062599104167,219.368389403472,0.26045108125,0.0386700467083333,100.9990625,2.39267358125,1.4231994375,18.8842366666667,"TFPR",0.26045108125,70.543059375,1.71147110261578,23.622945635,392.77521875,1.41672653949078,219.368389403472,14.939524375,0.294744563125,2.39267358125,34.1824914583333,298.2620115,15.8062599104167,3.8060599975,41.4609258333333,4.4375,5.4375,37.2441043308712,11.6478670050164,388.764589583333,26.9040570833333,11.04264,18.77676,3.7,0,0,0,0,213.700716476654,37.5045554121212,-203.562129493056,NA,NA,302,302,15.5877643909808,NA,-0.184241319863971,NA,NA,1.30504698711573,0.546200944278248,1,1,7.2000003,NA,0.546200944278248,0.546200944278248,"True",0.546200944278248
2019-10-30,108.273298579545,2.21251188333333,1.71458725184054,3.58158533680724,8.38502104166667,-1.8669980849667,21.7453438772917,0.133333333333333,49.4130883333333,13.11896919375,-24.68300625,-15.14850484375,0.137605192083333,101.239625,4.35857566666667,0.549053304166667,16.419248125,"TFPR",-15.14850484375,49.4130883333333,1.1041310990772,21.7453438772917,359.0801875,0.882879910743862,-24.68300625,8.38502104166667,0.221251188333333,4.35857566666667,37.951564375,314.065670833333,13.11896919375,3.29210340458333,45.2073954166667,2.91666666666667,4.3125,108.273298579545,4.38211171126338,353.745929166667,30.6957333333333,5.83957,10.91836,6.4,0,0,0,0,212.143715959865,93.1247937357954,37.80197544375,NA,NA,303,303,7.77989377521662,NA,2.46349013887824,NA,NA,3.77027318120422,0.270910051121858,0.5,0.5,13.400001,NA,0.541820102243716,0.270910051121858,"True",0.270910051121858
2019-10-31,39.5043378683333,6.47583783333333,1.57624335435171,1.12246083824058,5.39291497916667,0.453782516111128,198.921242375,0.00208333333333333,49.2521220833333,81.4586112916667,-403.601485208333,72.25191773125,0.0573595927083333,102.387295833333,3.7111169,0.429242708333333,13.973924375,"TFPR",72.25191773125,49.2521220833333,0.916268273745043,198.921242375,343.026772916667,0.26868449041171,-403.601485208333,5.39291497916667,0.647583783333333,3.7111169,37.3761567708333,309.082875,81.4586112916667,40.2854903833333,44.5548727083333,4.64583333333333,4.60416666666667,39.5043378683333,-11.3125314433921,265.84963125,30.1974408333333,1.280359,11.03891,0.1,0,0,0,0,210.604317801349,111.756255599583,485.0600965,NA,NA,304,304,68.1028614352852,NA,0.230396720748567,NA,NA,1.3717074342378,2.36473274492041,4.4,2.9,0,NA,0.537439260209184,2.36473274492041,"True",2.36473274492041
2019-11-01,47.9628145377083,7.6558168125,1.58186545765328,3.21118390167732,7.02026934766667,-1.62931844402405,196.868937722917,0,51.5335572916667,104.434459125,-95.5819080625,38.305139730625,0.06999747225,102.210983333333,1.66069708333333,0.49259431875,12.94888375,"TFPR",38.305139730625,51.5335572916667,1.0852094919525,196.868937722917,353.677085416667,0.319627810702501,-95.5819080625,7.02026934766667,0.76558168125,1.66069708333333,36.2962415625,141.392765625,104.434459125,36.7853492791667,43.3648277083333,6.27083333333333,6.22916666666667,47.9628145377083,-9.37700942707176,298.0279625,29.2276554166667,-2.00963,16.00698,0,0,0,0,0,209.083220978012,86.2679542683333,200.0163671875,NA,NA,305,305,50.5825733023788,NA,0.431304475135596,NA,NA,1.66798632913086,1.75909277997635,3.3,2.3,0,NA,0.533058418174652,1.75909277997635,"True",1.75909277997635
2019-11-02,16.9132183547917,9.63434725,1.54893445063284,2.43507830396207,10.3504891666667,-0.886143853329231,178.926814833333,0,54.9754170833333,79.698456875,410.769799270833,61.2583560958333,0.0210698961666667,102.252514583333,1.31399995833333,0.624965595833333,13.561821875,"TFPR",61.2583560958333,54.9754170833333,1.35972082614028,178.926814833333,365.064039583333,0.396286101140281,410.769799270833,10.3504891666667,0.963434725,1.31399995833333,35.8037267708333,264.673714791667,79.698456875,35.1534315758333,42.8610908333333,7.8125,7.58333333333333,16.9132183547917,-7.32049490025649,300.98911875,28.7463627083333,2.512355,20.1225,0,0,0,0,0,207.581115939097,78.171574450625,-331.071342395833,NA,NA,306,306,69.7082646118364,NA,-0.236117006941549,NA,NA,0.590052570350449,2.43191685024455,4.6,3.1000001,0,NA,0.52867757614012,2.43191685024455,"True",2.43191685024455
2019-11-03,31.1237034416667,10.2066538125,1.42603063220275,1.152238531415,11.8590776875,0.273792100787746,178.998055697917,0,55.6799852083333,86.3433569791667,-27.6985644166667,29.5073903916667,0.0456274853958333,101.77016875,2.58015012916667,0.731047310416667,13.5871222916667,"TFPR",29.5073903916667,55.6799852083333,1.50491364719883,178.998055697917,378.573004166667,0.484248265948827,-27.6985644166668,11.8590776875,1.02066538125,2.58015012916667,35.5351866666667,167.116315833333,86.3433569791667,36.03815975,42.7089295833333,5.125,4.83333333333333,31.1237034416667,-3.79364721156422,321.956466666667,28.36144375,2.300793,21.18313,0,0,0,0,0,206.098684141514,60.6310938333333,114.041921395833,NA,NA,307,307,64.5291742890261,NA,0.531656193540321,NA,NA,1.08737856735912,2.25447595665403,4.3,3,0,NA,0.524296734105589,2.25447595665403,"True",2.25447595665403
2019-11-04,20.0208612895833,10.4906891875,1.39153047370713,0.371439365090294,17.3936502916667,1.02009110861683,148.852985270833,0,70.0141139583333,71.6386676104167,-178.078314229167,29.1911676875,0.0295616777291667,101.21190625,3.21354883333333,1.40805672708333,15.4743272916667,"TFPR",29.1911676875,70.0141139583333,2.10646457724997,148.852985270833,407.773297916667,1.05739565849997,-178.078314229167,17.3936502916667,1.04906891875,3.21354883333333,35.7200053125,125.855970416667,71.6386676104167,28.4175931791667,42.895328125,3.91666666666667,3.625,20.0208612895833,7.23050814265473,358.976575,28.5446825,9.592672,25.72035,0,0,0,0,0,204.636597602482,49.2120289770833,249.716981839583,NA,NA,308,308,69.5729820843198,NA,0.197071214839113,NA,NA,0.703190696400766,2.44360484870873,4.7000003,3.2,0,NA,0.519915892071057,2.44360484870873,"True",2.44360484870873
2019-11-05,14.4623858895833,11.8641323333333,1.2892752991099,0.531324119835371,21.5161014583333,0.757951179274533,116.447137043542,0,75.611150625,65.4402115083333,-251.011950257917,26.1784395125,0.0214081924583333,101.604189583333,2.01065940625,1.90261966666667,17.6608295833333,"TFPR",26.1784395125,75.611150625,2.64115907334004,116.447137043542,430.11499375,1.4547458400067,-251.011950257917,21.5161014583333,1.18641323333333,2.01065940625,35.974613125,117.125483333333,65.4402115083333,20.9515069292083,43.0824208333333,5.29166666666667,4.6875,14.4623858895833,12.257812051746,400.059577083333,28.8668054166667,16.00488,28.23309,0,0,0,0,0,203.195518469913,40.6408254020833,316.45216176625,NA,NA,309,309,59.9418210688816,NA,0.128426442642231,NA,NA,0.50997873389817,2.11369370514975,4.1,3.1000001,0,NA,0.515535050036525,2.11369370514975,"True",2.11369370514975
2019-11-06,34.3512390416667,14.5324926875,2.69071275312324,1.89284675260495,21.7445133333333,0.797866000518293,153.197984223333,0,64.7388977083333,81.5397668958333,-120.176715597917,27.9749058229167,0.0507688752083333,101.748514583333,3.385397,1.64408772916667,18.936825625,"TFPR",27.9749058229167,64.7388977083333,2.6603168975418,153.197984223333,433.291147916667,1.2070676287918,-120.176715597917,21.7445133333333,1.45324926875,3.385397,35.9863171875,115.116062916667,81.5397668958333,29.0503289191667,42.9827854166667,3.39583333333333,3.39583333333333,34.3512390416667,9.35816395888997,390.683254166667,28.9898489583333,16.52181,28.14112,0,0,0,0,0,201.776098610936,62.3261448645833,201.71648249375,NA,NA,310,310,65.2163871153152,NA,0.30897893961895,NA,NA,1.21157450194724,2.30019393600897,4.5,3.2,0,NA,0.511154208001993,2.30019393600897,"True",2.30019393600897
2019-11-07,33.0438608916667,5.98287927083333,4.78931754662776,3.00361363826762,13.8897045625,1.78570390836015,21.711707275,0.0395833333333333,76.7418741666667,5.94084657708333,131.6313535,-1.07694255833333,0.0411586772916667,101.728760416667,2.58415672916667,1.2525238125,17.9124554166667,"TFPR",-1.07694255833333,76.7418741666667,1.62068313244288,21.711707275,384.2662625,1.02239520535954,131.6313535,13.8897045625,0.598287927083333,2.58415672916667,36.5879011458333,263.64726375,5.94084657708333,4.34924945,45.152628125,7.08333333333333,7.39583333333333,33.0438608916667,6.53223770772229,372.844645833333,28.0231741666667,7.839641,19.53659,1.9,0,0,0,0,200.378979218862,31.9669183333333,-125.690506922917,NA,NA,311,311,17.3725176256304,NA,-0.254330411388491,NA,NA,1.15670617025075,0.608128039160953,1.2,1,5.1,NA,0.506773365967461,0.608128039160953,"True",0.608128039160953
2019-11-08,38.0434747083333,4.5140573375,6.56103420156987,5.57079889118362,8.62332664583333,0.99023531038625,25.61472755625,0.00625,73.7009220833333,2.26847266666667,-18.282691,2.8285242375,0.0553461727708333,102.193539583333,2.752856675,0.869888827083333,15.75491375,"TFPR",2.8285242375,73.7009220833333,1.12197302319344,25.61472755625,359.453689583333,0.670567289443439,-18.282691,8.62332664583333,0.45140573375,2.752856675,36.3911053125,322.93608125,2.26847266666667,4.91736024166667,45.5703864583333,5.5625,5.97916666666667,38.0434747083333,0.858361475948391,341.024795833333,27.2118241666667,6.302208,10.98292,0.3,0,0,0,0,199.004790438856,40.8719989458333,20.5511636666667,NA,NA,312,312,28.848498940811,NA,1.98879244060162,NA,NA,1.32504344972071,1.00478504786586,2,1.4,0.7,NA,0.502392523932929,1.00478504786586,"True",1.00478504786586
2019-11-09,32.01354659875,8.13372422916667,8.94422204992328,7.23328820569864,10.71662275,1.71093384422464,178.24988025,0,58.6606977083333,86.4520618125,-251.824565916667,68.48531253125,0.0467558091875,101.9844625,1.0617640875,0.739028835416667,14.8020014583333,"TFPR",68.48531253125,58.6606977083333,1.35912316188129,178.24988025,367.258445833333,0.545750738964627,-251.824565916667,10.71662275,0.813372422916667,1.0617640875,35.7962522916667,204.543587916667,86.4520618125,32.4118518939583,44.349531875,6.04166666666667,5.97916666666667,32.01354659875,-1.81716917269288,307.87246875,27.2429727083333,3.380766,19.62583,0,0,0,0,0,197.654151012512,100.49885913,338.276627729167,NA,NA,313,313,49.9449413259585,NA,0.297090756179768,NA,NA,1.11724869759962,1.74304088664439,3.5,2.5,0,NA,0.498011681898398,1.74304088664439,"True",1.74304088664439
2019-11-10,29.7737930604167,11.1179646458333,10.2154445494014,8.52564532324019,14.7628122083333,1.68979922616117,173.405501583333,0,59.9906279166667,84.73682125,198.40364350625,34.9081710625,0.0437902503333333,101.452858333333,2.62820847291667,0.988349952083333,15.1122966666667,"TFPR",34.9081710625,59.9906279166667,1.80646307289732,173.405501583333,391.4724125,0.694666608313984,198.40364350625,14.7628122083333,1.11179646458333,2.62820847291667,35.6366961458333,130.542635,84.73682125,32.5646585020833,43.9451504166667,5.04166666666667,4.625,29.7737930604167,1.24647162004539,335.36839375,27.328241875,5.70047,23.76117,0,0,0,0,0,196.327667941444,64.6819641229167,-113.66682225625,NA,NA,314,314,64.8134264780556,NA,-0.569048758811062,NA,NA,1.04310805732334,2.27070186337378,4.6,3.1000001,0,NA,0.493630839863866,2.27070186337378,"True",2.27070186337378
2019-11-11,106.5679322875,6.71233746666667,10.2104735409289,11.9892934005424,13.3386728958333,-1.7788198596135,35.4495067829583,0.0208333333333333,64.3634177083333,19.4879060541667,13.5083154166667,6.03670014259259,0.216682792958333,101.44443125,4.36383710416667,1.31107607916667,16.276381875,"TFPR",6.03670014259259,64.3634177083333,1.68302258636796,35.4495067829583,384.635345833333,1.0117888397013,13.5083154166667,13.3386728958333,0.671233746666667,4.36383710416667,35.6512057291667,233.693820833333,19.4879060541667,6.3176441720625,43.8683420833333,4.5,4.54166666666667,106.5679322875,3.72493141901695,374.991385416667,27.434069375,1.143174,23.48065,1,0,0,0,0,195.025936169986,112.604632430093,5.9795906375,NA,NA,315,315,41.951614125281,NA,18.8314952070316,NA,NA,3.72846397408934,1.467749993488,3,2.1000001,3.9,NA,0.489249997829334,1.467749993488,"True",1.467749993488
2019-11-12,76.538505875,4.64790433333333,8.02419240514314,9.38949378946695,1.37242551189583,-1.36530138432381,137.713357533958,0.00416666666666667,11.111495125,55.8576476041667,-29.9964599791667,43.2679020949074,0.109075433854167,102.664452083333,3.89006716666667,0.122249713145833,12.5669585416667,"TFPR",43.2679020949074,11.111495125,0.683297183145522,137.713357533958,326.6078625,0.218506749812189,-29.9964599791667,1.37242551189583,0.464790433333333,3.89006716666667,34.4430175,334.315004166667,55.8576476041667,29.7626853314375,42.4822185416667,7.89583333333333,7.89583333333333,76.538505875,-7.80648566671316,274.5148375,26.4038164583333,-1.404312,6.343973,0.2,0,0,0,0,193.749538286974,119.806407969907,85.8541075833333,NA,NA,316,316,57.6913550241581,NA,1.3954650667543,NA,NA,2.64754327595536,1.99560152538663,4.2000003,2.7,0,NA,0.47514318639135,1.99560152538663,"True",1.99560152538663
2019-11-13,15.85521017125,7.30656997916667,8.24745479753532,7.90047475184938,2.67413334375,0.346980045685934,63.2159490154167,0,14.4177187916667,22.0289351104167,-2.75903315208333,22.9405133041667,0.021761431625,93.4905375,1.56637821875,0.113967905416667,10.9913288541667,"TFPR",22.9405133041667,14.4177187916667,0.760097963512699,63.2159490154167,333.601120833333,0.0294409655960324,-2.75903315208333,2.67413334375,0.730656997916667,1.56637821875,33.860639375,166.203845,22.0289351104167,12.7830386674167,41.7312129166667,3.54166666666667,3.5,15.85521017125,-23.5034919822036,305.197147916667,25.9900658333333,-2.948329,6.356729,0,0,0,0,0,192.499044246568,38.7957234754167,24.7879682625,44.7496068147331,0.512641673012731,317,317,30.9284457466575,75.6780525613906,1.56510299934941,1.95068027560679,0.512641673012731,0.549123198260211,1.07116379172431,2,1.4,3,0.535581895862156,0.513422394104439,1.02684478820888,"False",NA
2019-11-14,5.88570536041667,5.205977,7.94801354159622,7.30212881769566,5.3071065,0.645884723900555,18.4321964964583,0.13125,31.1191895833333,4.3557383125,-11.6205041895833,1.70773344375,0.00645684166666667,102.00785,1.41372317291667,0.280241395833333,11.478561875,"TFPR",1.70773344375,31.1191895833333,0.894120407495314,18.4321964964583,343.150752083333,0.373522707495313,-11.6205041895833,5.3071065,0.5205977,1.41372317291667,38.5890717708333,167.849839916667,4.3557383125,3.68440808958333,47.5215933333333,4.5625,6.14583333333333,5.88570536041667,-12.0757330500084,332.7587,29.6565502083333,1.502776,6.542604,6.3,0,0,0,0,191.275011107972,7.59343880416667,15.9762425020833,3.33124194471718,0.512641673012731,318,318,11.4811293545979,14.8123712993151,0.475295664996101,1.95068027560679,0.512641673012731,0.204352457200905,0.398626307533585,0.90000004,0.7,12.6,0.442918099796512,0.472847594940603,0.425562854360447,"False",NA
2019-11-15,23.0620761333333,9.01078210416667,7.17360009710756,6.88060207073782,6.86229779791667,0.292998026369736,175.944047727083,0.00208333333333333,37.41557875,90.0190135,16.614856125,59.4619522395833,0.0336088242291667,102.292672916667,1.71813716041667,0.389948027083333,11.296344375,"TFPR",59.4619522395833,37.41557875,1.05479668701783,175.944047727083,349.502325,0.153718476601162,16.614856125,6.86229779791667,0.901078210416667,1.71813716041667,39.9363576041667,290.869912291667,90.0190135,33.72574604375,47.4164804166667,5.39583333333333,4.8125,23.0620761333333,-15.7908560820858,297.30304375,32.4562347916667,0.3702694,15.64871,0.1,0,0,0,0,190.077982793882,82.5240283729167,73.404157375,115.991257382828,0.512641673012731,319,319,44.9867370278354,160.977994410664,1.12424188661857,1.95068027560679,0.512641673012731,0.801901517057814,1.56425347230384,3.5,2.4,0,0.446929563515383,0.442364442971339,1.54827555039969,"False",NA
2019-11-16,32.7561670208333,9.3228270625,6.31544507604864,5.71864476320338,7.986147108125,0.596800312845265,162.718159822917,0,35.3748927083333,81.24417875,-268.7767473375,34.7878486083333,0.04783447075,101.795785416667,1.29309684583333,0.398570954166667,11.2403850833333,"TFPR",34.7878486083333,35.3748927083333,1.1451341950995,162.718159822917,355.243241666667,0.212851488849498,-268.7767473375,7.986147108125,0.93228270625,1.29309684583333,39.00644875,151.02873445625,81.24417875,32.77144375,46.3462525,6.02083333333333,5.95833333333333,32.7561670208333,-15.7379063932822,306.540710416667,31.666645,-0.125316,16.60282,0,0,0,0,0,188.908489867393,67.5440156291667,350.0209260875,59.4222344692622,0.585434878359015,320,320,55.9518543081162,115.374088777378,0.19297136426718,1.70813191520638,0.585434878359015,1.14019654977653,1.94760611628149,3.1000001,2.2,0,0.628260017243706,0.427929376686547,1.32658111052123,"False",NA
2019-11-17,15.1039336564583,10.5990433333333,5.68478331940578,5.04960786317774,11.4746368541667,0.635175456228039,130.41132833125,0,45.5279179166667,60.330566875,156.032434962121,40.6533693791667,0.0221147982708333,101.285489583333,1.30994979375,0.639764872916667,12.135996875,"TFPR",40.6533693791667,45.5279179166667,1.44089139855108,130.41132833125,371.091435416667,0.380987065217744,156.032434962121,11.4746368541667,1.05990433333333,1.30994979375,38.80711,165.476104104167,60.330566875,26.3166279625,46.2422595833333,6.52083333333333,6.125,15.1039336564583,-7.28864099846194,327.3273,31.3719604166667,3.633138,20.26076,0,0,0,0,0,187.767049327059,55.757303035625,-95.7018680871212,64.6203646129116,0.629110801566785,321,321,24.0083839267143,88.6287485396258,-0.582614573258559,1.58954511273614,0.629110801566785,0.527497249780406,0.838480675370201,2.7,2,0,0.310548398285259,0.376293476463037,1.0159923864502,"False",NA
2019-11-18,13.9445631304167,12.712431,4.69417036628998,5.40002300692866,12.8382717291667,-0.705852640638672,165.104972908333,0,39.8730897916667,85.2634425,88.8822654375,59.26651709,0.0168869354375,101.028510416667,1.10527016041667,0.557385310416667,12.7215275,"TFPR",59.26651709,39.8730897916667,1.58370822556048,165.104972908333,376.0985375,0.312465125560485,88.8822654375,12.8382717291667,1.2712431,1.10527016041667,38.5883792708333,223.496352083333,85.2634425,32.7370488258333,46.1169097916667,6.52083333333333,6.27083333333333,13.9445631304167,-10.1352314121543,328.99408125,31.05984875,5.423163,22.59768,0,0,0,0,0,186.654164419744,73.2110802204167,-3.6188229375,88.0987920082301,0.672727919861414,322,322,20.7283847135248,108.827176721755,-20.2306334089375,1.48648505655304,0.672727919861414,0.487641436163127,0.72487170781255,2.5,2,0,0.28994868312502,0.358400508081582,0.896001270203956,"False",NA
2019-11-19,19.46969673125,13.7279744791667,3.68908335690698,2.66145614094651,15.2067788958333,1.02762721596048,151.739660716667,0,46.6542697916667,68.8791350833333,-202.388693295455,39.5382530060417,0.0287006900833333,101.052591666667,1.76662754375,0.829415339583333,13.2774289583333,"TFPR",39.5382530060417,46.6542697916667,1.87827713776523,151.739660716667,388.930108333333,0.505479689848562,-202.388693295455,15.2067788958333,1.37279744791667,1.76662754375,38.3074041666667,135.360607916667,68.8791350833333,30.4520970833333,45.9124670833333,6.04166666666667,5.75,19.46969673125,-3.41180700702888,336.52166875,30.70234125,6.220294,25.52872,0,0,0,0,0,185.570324470816,59.0079497372917,271.267828378788,77.1264902708363,0.711523351151168,323,323,37.9791533856954,115.105643656532,0.217526531214366,1.95068027560679,0.512641673012731,0.682399896415271,1.33114401801339,3.9,2.7,0,0.341318978977791,0.385957988792107,1.50523615628922,"False",NA
2019-11-20,16.98546953125,15.2424614791667,2.70959263505268,1.24736403989242,20.0194675,1.46222859516026,103.460137283333,0,58.44268,54.6945436875,365.172379583333,9.42213356666667,0.0251469652708333,101.056745833333,4.73085414583333,1.38869237291667,15.1081747916667,"TFPR",9.42213356666667,58.44268,2.44151988183558,103.460137283333,418.028604166667,0.91727373391891,365.172379583333,20.0194675,1.52424614791667,4.73085414583333,38.5797235416667,134.648779166667,54.6945436875,20.7277522916667,46.204775625,3.41666666666667,3.14583333333333,16.98546953125,5.23175055321691,389.990766666667,30.9546714583333,12.45523,26.76387,0,0,0,0,0,184.516004731223,26.4076030979167,-310.477835895833,18.3795701026293,0.736924131359435,324,324,33.1332203865295,51.5127904891588,-0.0850547125907452,1.95068027560679,0.512641673012731,0.59808624130886,1.166675034033,6.7000003,4.4,3.3,0.174130594297585,0.335776962274436,2.24970574797181,"False",NA
2019-11-21,24.4633219958333,13.8677835416667,1.66908149395576,1.60233550344219,22.0769389583333,0.0667459905135708,64.0913526833333,0.0270833333333333,66.8386977083333,40.681462525,432.665188916667,-4.92304735625,0.0365764100625,101.053114583333,3.54846254166667,1.7817555,17.371693125,"TFPR",-4.92304735625,66.8386977083333,2.66521778682906,64.0913526833333,427.73716875,1.27843943266239,432.665188916667,22.0769389583333,1.38677835416667,3.54846254166667,40.9276922916667,141.55270625,40.681462525,11.1520029191667,48.0394304166667,3.625,3.39583333333333,24.4633219958333,10.2770864669774,415.479279166667,33.8159541666667,20.25987,24.62786,1.3,0,0,0,0,183.49166624089,19.5402746395833,-391.983726391667,-9.60329137371503,0.758252521650447,325,325,47.7201196930898,38.1168283193748,-0.0498497088628084,1.95068027560679,0.512641673012731,0.863102386907479,1.68363680196956,5.3,3.5,0.7,0.317667321126332,0.339673492560101,1.80026951056854,"False",NA
2019-11-22,23.5014237916667,9.20489534166667,1.57645369090532,1.6381469985648,14.1671696666667,-0.0616933076594828,24.5354407261667,0.0479166666666667,61.4937747916667,12.5831328229167,-41.1145518229167,4.02624710208333,0.0275381221666667,101.180325,2.81854386875,1.09180853958333,17.108978125,"TFPR",4.02624710208333,61.4937747916667,1.67004715953506,24.5354407261667,387.1261125,0.749557625368394,-41.1145518229166,14.1671696666667,0.920489534166667,2.81854386875,42.3411313541667,267.096483958333,12.5831328229167,4.091765163125,49.9093375,5.64583333333333,5.5,23.5014237916667,1.21891784011553,379.2655625,34.7729252083333,9.152225,20.41639,2.3,0,0,0,0,182.497755707863,27.52767089375,53.6976846458332,5.0089257286899,0.775315233883257,326,326,29.2373724975829,34.2462982262728,0.512641673012731,1.24406813632926,0.803814494397865,0.822889884956871,1.02373108558249,1.6,1.3000001,1.3000001,0.639831928489059,0.318418740202569,0.50946998432411,"False",NA
2019-11-23,19.7933308697917,9.3202823125,1.75720792570436,1.76656201920475,9.87393075,-0.00935409350039573,162.751533697917,0,45.1430183333333,75.0521314375,-129.114946885417,70.414843325,0.0267574047708333,101.434110416667,2.21614038333333,0.544921179166667,15.1522733333333,"TFPR",70.414843325,45.1430183333333,1.24767175542199,162.751533697917,364.151845833333,0.315643524171988,-129.114946885417,9.87393075,0.93202823125,2.21614038333333,42.49050125,320.967104166667,75.0521314375,30.6401051114583,50.0543304166667,6.25,6.125,19.7933308697917,-9.72307143580027,307.092552083333,34.9266720833333,5.019572,16.18292,0,0,0,0,0,181.53470540256,90.2081741947917,204.167078322917,87.6008629052497,0.794546502076212,327,327,24.6242522469302,112.22511515218,0.441835064378576,1.24406813632926,0.803814494397865,0.69021766625653,0.858677805721294,3.1000001,2.2,0,0.276992831620004,0.276863169136448,0.858275852009307,"False",NA
2019-11-24,31.01845980625,9.94464075,2.12486545916389,4.51760930088218,11.5460265833333,-2.39274384171829,158.862348377083,0,46.57947,75.0226316875,-8.34939977916667,43.2504722916667,0.0411517495,101.202329166667,1.62351899375,0.648908595833333,14.0391002083333,"TFPR",43.2504722916667,46.57947,1.46876660825003,158.862348377083,369.7013875,0.474302533250026,-8.34939977916667,11.5460265833333,0.994464075,1.62351899375,41.046098125,181.497455416667,75.0226316875,30.2057994689583,48.6276304166667,5.4375,5.375,31.01845980625,-4.98241335940199,316.067475,33.4645658333333,3.01447,20.87995,0,0,0,0,0,180.602933066436,74.2689320979167,83.3720314666667,48.5516572676043,0.83765718489376,328,328,34.8203741990623,83.3720314666667,0.890813511334559,1.12256941242603,0.890813511334559,1.08337784492079,1.21616683080811,3.6000001,2.5,0,0.337824110284916,0.295822692863441,1.06496172389066,"False",NA
2019-11-25,22.77120860625,12.644883,2.65855231132761,1.06261078414794,17.4206280416667,1.59594152717967,155.938131025,0,60.7653520833333,72.6776578541667,7.84895917916667,29.3390390416667,0.0336169412291667,100.295879166667,3.4556774375,1.24315590208333,15.037073125,"TFPR",29.3390390416667,60.7653520833333,2.14607827396026,155.938131025,402.522945833333,0.881589973960255,7.84895917916667,17.4206280416667,1.2644883,3.4556774375,40.6488039583333,151.8560125,72.6776578541667,29.8900169958333,48.3713191666667,4.45833333333333,3.25,22.77120860625,4.0645862358005,349.152477083333,32.92628875,8.306354,26.87214,0,0,0,0,0,179.70284183436,52.1102476479167,64.828698675,31.0697503117121,0.880767867711308,329,329,24.1144832551376,55.1842335668497,0.803814494397865,1.0589900462516,0.944295938889697,0.799811577768634,0.846992499733772,6,3.9,0,0.141165416622295,0.297524516867687,1.78514710120612,"False",NA
2019-11-26,4.84035276875,11.2188248333333,2.68795914263537,1.09953010356383,21.502066875,1.58842903907154,30.67056349875,0,74.6661770833333,4.143157375,9.273622295,-10.6730474854167,0.00715912404166667,100.086221875,3.2533595625,1.91996735416667,16.8738383333333,"TFPR",-10.6730474854167,74.6661770833333,2.58178355056551,30.67056349875,419.787129166667,1.45990106723217,9.273622295,21.502066875,1.12188248333333,3.2533595625,40.7785367708333,170.88799375,4.143157375,5.88867107083333,48.5815733333333,3.5625,3.1875,4.84035276875,12.3478172987415,399.148385416667,32.9755002083333,18.74773,25.09158,0,0,0,0,0,178.83482016992,-5.83269471666667,-5.13046492,-11.6679809740762,0.923878550528855,330,330,5.29156682669692,-6.37641414737923,1.13687449531702,1.09321925064223,0.914729592817299,0.170680246890721,0.186590931605305,3.7,2.6000001,0,0.0504299815149473,0.24696743498,0.913779509426,"False",NA
2019-11-27,43.9235798875,15.2319174583333,2.1668934860488,0.904850910635696,14.9614377083333,1.2620425754131,93.905604875625,0,26.822005625,41.3167933541667,-11.5507796125,22.1277784375,0.0642707541458333,101.62738125,2.96250239583333,0.474450370833333,16.3481241666667,"TFPR",22.1277784375,26.822005625,1.71153261685223,93.905604875625,389.172633333333,0.188340871018895,-11.5507796125,14.9614377083333,1.52319174583333,2.96250239583333,39.9300546875,140.250880145833,41.3167933541667,17.9024377214583,48.0007670833333,6.20833333333333,6.02083333333333,43.9235798875,-19.5210663413761,354.486258333333,31.8593422916667,11.65826,20.46902,0,0,0,0,0,177.999241812868,66.051358325,52.8675729666667,23.8220081373761,0.941015303331349,331,331,47.2866212240026,71.1086293613787,1.24937375821367,1.07656573861047,0.928879643978548,1.53913053951162,1.65697520608727,5.4,3.5,0,0.306847260386531,0.230438122019404,1.24436585890478,"False",NA
2019-11-28,15.7479737091458,9.628705,1.85797643669854,1.84548613344935,13.49484375,0.0124903032491944,30.3168414952083,0,54.2671941666667,24.5239199145833,-4.05401930416667,14.3846468154167,0.0230095196041667,101.733189583333,1.85066360625,0.852880175,15.7300704166667,"TFPR",14.3846468154167,54.2671941666667,1.54963191641978,30.3168414952083,385.811291666667,0.586761416419781,-4.05401930416667,13.49484375,0.9628705,1.85066360625,39.1014807291667,196.46553875,24.5239199145833,4.90695379422917,47.4038233333333,5,5.3125,15.7479737091458,-1.21080882130228,384.925322916667,30.799138125,11.84801,15.61106,0,0,0,0,0,177.196465737888,30.1326205245625,28.57793921875,15.4860179234899,0.958152056133843,332,332,16.9537289478049,32.4397468712948,1.05440144910073,1.07656573861047,0.928879643978548,0.55105245519388,0.593244193438915,1.8000001,1.4,2.5,0.329580089156059,0.203494898523563,0.366290837691904,"False",NA
2019-11-29,28.085042821875,7.85153986666667,1.85325880764292,2.68350791824703,18.6430164583333,-0.83024911060411,41.82110039625,0.0166666666666667,68.9278814583333,31.0605322604167,12.28157687375,-8.09281919791667,0.00517391035416667,101.272202083333,3.650951925,1.68502745833333,16.3712952083333,"TFPR",-8.09281919791667,68.9278814583333,2.27454128828955,41.82110039625,411.11565,1.48938730162289,12.28157687375,18.6430164583333,0.785153986666667,3.650951925,39.274554375,211.007190375,31.0605322604167,6.348939525625,47.531283125,3.375,3.66666666666667,28.085042821875,12.1225940269885,406.704014583333,31.017825625,11.42348,25.19368,0.8,0,0,0,0,176.426836123816,19.9922236239583,18.7789553866667,-8.20058153085947,0.964248047284533,333,333,28.4590175346751,20.2584360038156,1.06460786621566,1.01331579642488,0.986859184005758,0.987612397827211,1.00076324346336,3.5,2.4,0,0.285932355275247,0.200926128728742,0.703241450550598,"False",NA
2019-11-30,20.2631942125,14.55913625,1.96262816601906,0.389400413935058,24.0191785416667,1.57322775208401,62.4190781625,0,68.412573125,30.611833883875,11.0408709583333,2.65167808333333,0.0273639382916667,100.5720625,3.78017952083333,2.09090335,18.8017635416667,"TFPR",2.65167808333333,68.412573125,3.02992505028783,62.4190781625,436.75994375,1.57401142528783,11.0408709583333,24.0191785416667,1.455913625,3.78017952083333,40.1075714583333,228.155352083333,30.611833883875,11.4951559407292,48.4062295833333,4.04166666666667,3.83333333333333,20.2631942125,12.9414837280596,416.44785625,31.8089133333333,15.28107,29.24795,0,0,0,0,0,175.690682332463,22.9148722958333,19.5709629255417,2.68698728887531,0.962203381785281,334,334,20.5330147815514,23.2200020704267,1.17086074829397,1.01331579642488,0.986859184005758,0.716256853581042,0.725794384031251,4.5,3,0,0.161287640895834,0.21494393787546,0.967247720439571,"False",NA
2019-12-01,21.5052221708333,11.4141475416667,1.56311639062957,0.550812930167419,11.4332193541667,1.01230346046215,159.987598104167,0,35.6100966666667,51.65061375,-24.5378895354167,54.5140181791667,0.0314208886875,101.488825,2.80774297916667,0.467310110416667,16.9751416666667,"TFPR",54.5140181791667,35.6100966666667,1.37652650553567,159.987598104167,367.0142625,0.235111751369004,-24.5378895354167,11.4332193541667,1.14141475416667,2.80774297916667,38.9243458333333,309.075041666667,51.65061375,33.4228525,47.6481083333333,5.20833333333333,4.75,21.5052221708333,-15.2831874978417,292.100127083333,30.2005833333333,5.496535,16.62719,0,0,0,0,0,174.98831889612,76.01924035,76.1885032854167,55.2399157475426,0.961666027398581,335,335,21.7915813313319,77.0314970788745,0.997778366444835,1.01331579642488,0.986859184005758,0.751029329984376,0.761029883651561,5.1,3.3,0,0.149221545814032,0.198470349844732,1.01219878420813,"False",NA
2019-12-02,15.0094076404583,9.19325627083333,1.43231534343036,0.71795240121273,8.5375555625,0.714362942217627,155.7406494375,0,42.6142702083333,55.3909683333333,-19.254132625,61.355085375,0.0218987559375,101.945158333333,1.77689820833333,0.450817727083333,14.4887733333333,"TFPR",61.355085375,42.6142702083333,1.17243711428428,155.7406494375,351.656004166667,0.253111487200942,-19.254132625,8.5375555625,0.919325627083333,1.77689820833333,37.6136792708333,288.58860875,55.3909683333333,32.5746918958333,46.5274666666667,6.85416666666667,6.8125,15.0094076404583,-12.1069056504858,283.88100625,28.699891875,1.428602,17.24608,0,0,0,0,0,174.320045512881,76.3644930154583,74.6451009583333,62.1720772014845,0.957849012807278,336,336,15.2092698570567,77.3813470585412,1.02303422508712,1.01331579642488,0.986859184005758,0.522730744473319,0.529691320651751,4.3,2.8,0,0.123184028058547,0.17368596373477,0.746849644059512,"False",NA
2019-12-03,18.5878977833333,10.8398029583333,1.45400498774722,2.28973180504783,10.5808729375,-0.83572681730061,155.494348429167,0,46.9411377083333,61.2949835416667,-10.0795595520833,46.7005089583333,0.0272705878541667,101.203291666667,1.98297072916667,0.5632222875,13.6715633333333,"TFPR",46.7005089583333,46.9411377083333,1.41494115461511,155.494348429167,363.080204166667,0.330960858781773,-10.0795595520833,10.5808729375,1.08398029583333,1.98297072916667,36.9916859375,155.002603958333,61.2949835416667,32.1123119770833,46.0461577083333,6.04166666666667,6,18.5878977833333,-8.62126750949169,300.993147916667,27.9372141666667,1.358485,21.63577,0,0,0,0,0,173.686147048838,65.2884067416667,71.37454309375,47.0620027800345,0.954031998215976,337,337,18.7317808021048,65.7937835821393,0.914729592817299,1.00774068269842,0.992318775225296,0.648619681240251,0.653640440384683,4.4,2.8,0,0.148554645541973,0.149814795703695,0.659185101096258,"False",NA
2019-12-04,19.0279047954167,12.0958693125,1.48482552967509,1.39933115809985,12.5352612916667,0.0854943715752359,152.417747064583,0,45.5832777083333,63.9239751666667,-6.97585310208333,46.829502445,0.0279199536041667,101.311879166667,1.35172035208333,0.60434431875,13.8264116666667,"TFPR",46.829502445,45.5832777083333,1.56521281153306,152.417747064583,371.986016666667,0.355625880283055,-6.97585310208333,12.5352612916667,1.20958693125,1.35172035208333,36.68631,175.7845170625,63.9239751666667,30.84537873875,45.9613816666667,6.39583333333333,6.16666666666667,19.0279047954167,-8.14821340989335,314.33763125,27.4112383333333,4.067866,22.18424,0,0,0,0,0,173.086893546269,65.8574072404167,70.89982826875,47.1919947643516,0.944944116349472,338,338,19.1751937688537,66.3671885332054,0.928879643978548,1.00774068269842,0.992318775225296,0.665213299521642,0.670362504600008,3.5,2.3,0,0.191532144171431,0.144385801389394,0.505350304862879,"False",NA
2019-12-05,19.6053211064583,10.6834422708333,1.55459822679106,0.977354216146971,16.1290329375,0.577244010644091,107.208005191667,0,62.01945,50.0145383541667,5.46014801729167,13.4232324791667,0.0288633994375,101.170854166667,2.98000575833333,1.19440766875,14.5455997916667,"TFPR",13.4232324791667,62.01945,1.93142551091163,107.208005191667,395.4312,0.863081283828298,5.46014801729167,16.1290329375,1.06834422708333,2.98000575833333,36.7018110416667,149.109427291667,50.0145383541667,21.80558775625,46.1722633333333,4.77083333333333,4.70833333333333,19.6053211064583,3.87325533647002,360.043316666667,27.23135875,7.955248,23.49718,0,0,0,0,0,172.522540236898,33.028553585625,44.554390336875,14.0136351397025,0.935856234482968,339,339,20.4676345439911,34.4812696836936,0.741308619327897,1.04398364264734,0.957869413992153,0.687760945714034,0.718011177377117,4.6,3.1000001,0,0.15608938638633,0.133589580770196,0.6145120715429,"False",NA
2019-12-06,13.7271787515208,11.6822787083333,1.55231610080309,0.518697964077333,17.0607933333333,1.03361813672576,150.31961337625,0,57.8601372916667,65.082100675,-1.49052351458333,51.9706268333333,0.0175899043958333,101.605091666667,3.13026529166667,1.13484241875,15.84375375,"TFPR",51.9706268333333,57.8601372916667,1.96811769170955,150.31961337625,399.290320833333,0.799889820876217,-1.49052351458333,17.0607933333333,1.16822787083333,3.13026529166667,36.7832777083333,286.0696,65.082100675,31.3378408604167,46.5306458333333,5.14583333333333,4.6875,13.7271787515208,2.74136484646429,345.390645833333,27.0359095833333,10.23406,20.88691,0,0,0,0,0,171.993327559326,65.6978055848542,66.5726241895833,56.3792215791424,0.92508940522778,340,340,14.891635903689,71.2708574828314,0.986859184005758,1.08482858519192,0.921804618397923,0.481984338347301,0.522870387853968,4.4,2.9,0,0.11883417905772,0.134459966076804,0.591623850737938,"False",NA
2019-12-07,11.5420491541667,9.16193,1.38909620495357,0.83794086492486,12.1399197083333,0.551155340028706,146.487690454167,0,56.6430614583333,56.8545965,-10.1776553125,46.8348086458333,0.0169027077083333,101.94981875,1.32565323333333,0.797294789583333,15.0157191666667,"TFPR",46.8348086458333,56.6430614583333,1.48361543474893,146.487690454167,372.920297916667,0.567422434748927,-10.1776553125,12.1399197083333,0.916193,1.32565323333333,36.1949698958333,219.704588645833,56.8545965,30.42125815,46.1622739583333,4.85416666666667,4.58333333333333,11.5420491541667,-1.31331600200858,313.708454166667,26.2276658333333,6.193165,20.46252,0,0,0,0,0,171.499481179763,58.3768578,67.0322518125,51.5337205605379,0.91454558583076,341,341,12.7000569235748,64.2337774841128,0.870877170638538,1.10032947823568,0.908818694563598,0.403356332454832,0.443824862833085,3.6000001,2.5,0,0.123284680695727,0.184754504362388,0.665116234180048,"False",NA
2019-12-08,9.50517127083333,10.0413362083333,1.43370666842115,1.45303958542559,15.1163913125,-0.0193329170044386,114.09831290625,0,65.1178679166667,49.0336740208333,2.69147144583333,23.8850473791667,0.0140076475,101.161627083333,3.66169113125,1.14408015833333,14.7208227083333,"TFPR",23.8850473791667,65.1178679166667,1.82717863123048,114.09831290625,390.598939583333,0.823045010397146,2.69147144583333,15.1163913125,1.00413362083333,3.66169113125,35.9865202083333,147.6742875,49.0336740208333,23.8937029791667,46.10230375,3.95833333333333,3.47916666666667,9.50517127083333,3.5106107307138,349.427997916667,25.8707366666667,7.352339,23.09827,0,0,0,0,0,171.041212015193,33.39021865,46.342202575,26.9311645145553,0.903505439959237,342,342,10.7173884635923,37.6485529781476,0.720514278447629,1.12753238823573,0.886892483474218,0.33312108056948,0.375604807546172,5.1,3.4,0,0.0736480014796416,0.215270120621509,1.0978776151697,"False",NA
2019-12-09,14.3101571020833,13.009349125,1.55140207681714,2.25548740933781,21.2471677083333,-0.704085332520674,100.663536755625,0,66.434055625,58.557466136875,10.0218038166667,26.1257733229167,0.0211195606875,100.69389375,3.21692993958333,1.70378575,16.7623783333333,"TFPR",26.1257733229167,66.434055625,2.56151073225545,100.663536755625,424.217208333333,1.26057581975545,10.0218038166667,21.2471677083333,1.3009349125,3.21692993958333,36.4507453125,206.225104375,58.557466136875,20.0184834404167,46.7177616666667,4.1875,3.89583333333333,14.3101571020833,9.65989301005203,402.12961875,26.1837289583333,14.32336,26.3642,0,0,0,0,0,170.618716258122,40.435930425,48.5356623202083,29.4576555892935,0.895377169148746,343,343,16.1351656133405,45.592821202634,0.833117927972811,1.12753238823573,0.886892483474218,0.504480045838143,0.568817590901151,4.4,3,0,0.129276725204807,0.243368013711409,1.0708192603302,"False",NA
2019-12-10,30.6135864375,2.74485719583333,1.19721561823943,5.46719431575507,7.95333091666667,-4.26997869751564,13.0539511675,0,53.5877060416667,4.4609353625,-17.4971013083333,14.17173405,-0.0662906609375,101.8268,3.26348697916667,0.915292547916667,15.4069245833333,"TFPR",14.17173405,53.5877060416667,1.08030900356195,13.0539511675,356.67655,0.805823283978615,-17.4971013083333,7.95333091666667,0.274485719583333,3.26348697916667,38.8809194791667,283.620521216667,4.4609353625,2.24476089354167,49.8886552083333,6.3125,7.97916666666667,30.6135864375,1.87461661260119,350.328291666667,27.87318375,5.839124,13.84974,0,0,0,0,0,170.23217540212,44.7853204875,21.9580366708333,15.9790891388381,0.890380658450359,344,344,34.5178102283353,50.4968993671733,2.03958674260654,1.12753238823573,0.886892483474218,1.06558304225613,1.20147939249855,2.4,1.5,11.1,0.500616413541062,0.244030824084405,0.585673977802571,"False",NA
2019-12-11,34.0634670641667,6.87605141666667,1.17064732506596,0.685997825147473,8.0251339375,0.48464949991849,144.229254202083,0,56.0373854166667,64.5471418958333,-14.65741995625,50.3965538335,0.0495889193333333,102.641547916667,1.66148823541667,0.591202029166667,14.0898825,"TFPR",50.3965538335,56.0373854166667,1.09325842852694,144.229254202083,355.20544375,0.405653286860274,-14.65741995625,8.0251339375,0.687605141666667,1.66148823541667,41.1800125,49.5645108333333,64.5471418958333,30.1039641141667,51.1035716666667,3.91666666666667,4.1875,34.0634670641667,-5.7702059301827,305.627285416667,31.2564533333333,4.67387,13.65483,0,0,0,0,0,169.881756267365,84.4600208976667,79.2045618520833,56.8237467027367,0.888662765533266,345,345,38.4076623704489,95.2314090731855,1.06635298425611,1.12753238823573,0.886892483474218,1.18574581564206,1.33696681135141,3.3,2.2,0,0.405141457985276,0.26569473912202,0.876792639102666,"False",NA
2019-12-12,24.6537391629167,5.97810685416667,1.12743932388791,1.46368616311289,7.54497805625,-0.336246839224974,98.9023369083333,0,63.981914375,40.6783522083333,-11.13829895625,20.2179756666667,0.0359528719166667,101.87871875,1.52227453125,0.684561433333333,12.768390625,"TFPR",20.2179756666667,63.981914375,1.09619352803768,98.9023369083333,351.178983333333,0.498382842621013,-11.13829895625,7.54497805625,0.597810685416667,1.52227453125,39.9921084375,161.9233775,40.6783522083333,21.3558265958333,49.9808422916667,6.45833333333333,6.45833333333333,24.6537391629167,-3.41801269201126,314.310820833333,30.0033745833333,0.4244466,15.60748,0,0,0,0,0,169.567611025467,44.8717148295833,51.8166511645833,23.281224630601,0.886446463757881,346,346,28.3890558035644,51.6702804341654,0.86597095375884,1.15151116088168,0.868424062198689,0.85780235572138,0.987768986443769,2.8,1.9,0,0.352774638015632,0.264436209733707,0.740421387254378,"False",NA
2019-12-13,12.9001376224167,9.768567875,1.25692045062264,1.4916137366149,14.0211566458333,-0.234693285992256,127.980277854167,0,63.1561795833333,61.94380931875,-0.680375333333333,43.6437269375,0.0170997680833333,100.8371375,2.10726480625,0.972480072916667,13.8288714583333,"TFPR",43.6437269375,63.1561795833333,1.66917216654951,127.980277854167,381.81115,0.692315379049508,-0.680375333333333,14.0211566458333,0.9768567875,2.10726480625,39.7814404166667,212.285846041667,61.94380931875,26.7858811395833,50.008395,5.54166666666667,5.16666666666667,12.9001376224167,1.14966022264691,342.560570833333,29.5544858333333,6.909139,22.58059,0,0,0,0,0,169.289877222868,56.5438645599167,62.6241846520833,50.114675649954,0.880789604683002,347,347,14.8128094952336,64.9274851451876,0.902907796309897,1.14826755564942,0.870877170638538,0.451628378333251,0.518590214050635,4.2000003,2.8,0,0.123473851668686,0.299861943831348,1.25942025405024,"False",NA
2019-12-14,25.3344644126458,10.1228391875,1.19464183146285,1.58993991616686,12.781985125,-0.39529808470401,149.143615483333,0,59.194898125,70.6639156875,-4.62980295833333,27.8297371958333,0.0372111776458333,100.575879166667,2.09270269166667,0.845322797916667,13.594315,"TFPR",27.8297371958333,59.194898125,1.6009342493907,149.143615483333,376.76591875,0.588650330640695,-4.62980295833333,12.781985125,1.01228391875,2.09270269166667,38.9503719791667,183.336818541667,70.6639156875,30.92787991875,49.4382852083333,5.91666666666667,5.8125,25.3344644126458,-0.847521283038559,329.21410625,28.46245875,3.898884,23.15757,0,0,0,0,0,169.048677802197,53.1642016084792,75.2937186458333,31.9559843042254,0.870983889242787,348,348,29.0907435247962,61.0467278290215,0.706090794353683,1.14826755564942,0.870877170638538,0.885898685409694,1.01724871804843,3.7,2.5,0,0.274932085959035,0.249108761028815,0.921702415806615,"False",NA
2019-12-15,10.6316498229167,12.1418989375,1.32895520329101,0.254682738664135,20.8998454166667,1.07427246462687,122.595089448333,0,71.8476879166667,59.0268825833333,15.2678968458333,15.6826248333333,0.0158024908541667,100.432802083333,4.70309475,1.766458625,15.3178020833333,"TFPR",15.6826248333333,71.8476879166667,2.54220890500835,122.595089448333,420.578429166667,1.32801901125835,15.2678968458333,20.8998454166667,1.21418989375,4.70309475,38.937240625,158.624929166667,59.0268825833333,25.3714901666667,49.485005625,2.35416666666667,2.1875,10.6316498229167,10.8631431392041,382.38171875,28.389475625,13.3034,27.39455,0,0,0,0,0,168.844121120965,26.31427465625,43.7589857375,17.3690213966773,0.860344866197339,349,349,11.7749008994797,29.143922296157,0.601345625652825,1.10753280023377,0.902907796309897,0.374675217551734,0.414965092873267,6.4,4.1,0,0.064838295761448,0.212599441911687,1.36063642823479,"False",NA
2019-12-16,13.6614658958333,6.68397504166667,1.01627411949767,1.5626192633211,10.9464994166667,-0.546345143823431,46.6058505272917,0,65.2301566666667,6.60111533333333,-17.5785617541667,14.3162615541667,0.0198430277291667,100.971872916667,4.3476385625,0.99292158125,15.63575375,"TFPR",14.3162615541667,65.2301566666667,1.4088531296519,46.6058505272917,368.493016666667,0.740455625485233,-17.5785617541667,10.9464994166667,0.668397504166667,4.3476385625,38.5063854166667,284.243958333333,6.60111533333333,10.6288584875,49.39581,6.1875,6.08333333333333,13.6614658958333,-0.293236135426534,339.117129166667,27.6169608333333,3.325241,20.91862,0,0,0,0,0,168.676300967095,27.97772745,24.1796770875,15.8557292479652,0.850539150757124,350,350,15.1305215789104,30.9862508268756,1.15707614079195,1.10753280023377,0.902907796309897,0.476879429062631,0.528159609443616,1.4,1.1,0,0.377256863888297,0.186553630620117,0.261175082868164,"False",NA
2019-12-17,17.0064491145833,7.508363125,0.790584067135716,0.679726077758515,5.44891168333333,0.110857989377201,149.3856723,0,38.04216625,57.60840875,-20.3547311166667,56.2725374145833,0.0247081701041667,102.1870375,3.79180960416667,0.33327774375,13.0714370833333,"TFPR",56.2725374145833,38.04216625,0.920579018442342,149.3856723,341.379947916667,0.169742705942342,-20.3547311166667,5.44891168333333,0.7508363125,3.79180960416667,37.2284947916667,327.3993385,57.60840875,32.7467484666667,48.262620625,7.8125,7.75,17.0064491145833,-18.3628648336209,282.34943125,26.1943689583333,0.3183451,11.09814,0,0,0,0,0,168.54529657079,73.2789865291667,77.9631398666667,62.3236809390329,0.849324158808139,351,351,18.8352002099075,81.1588811489404,0.939918359554132,1.10753280023377,0.902907796309897,0.590545582502783,0.654048602654988,4.5,2.9,0,0.145344133923331,0.219554910962623,0.987997099331805,"False",NA
2019-12-18,11.4373500922292,8.3849414375,0.662840192565573,1.7215149459088,4.68837585916667,-1.05867475334323,157.5044243125,0,31.8756077083333,54.6063857291667,-20.1191428395833,61.6957248691667,0.0166520845625,102.554825,1.021158575,0.249379614583333,11.2279792708333,"TFPR",61.6957248691667,31.8756077083333,0.942187760548355,157.5044243125,330.812672916667,0.103693616798355,-20.1191428395833,4.68837585916667,0.83849414375,1.021158575,36.2544814583333,233.296129,54.6063857291667,34.6012701458333,47.2865395833333,6.27083333333333,6.04166666666667,11.4373500922292,-22.1358932813883,262.515897916667,25.2224233333333,-3.943118,15.12388,0,0,0,0,0,168.451172612352,73.1330749613958,74.72552856875,69.756872670633,0.843860063495956,352,352,12.9317513614596,82.6886240320926,0.978689296176887,1.13065974698508,0.884439375034369,0.396873306662485,0.448728672496137,3,2,0,0.149576224165379,0.244959178926766,0.734877536780297,"False",NA
2019-12-19,13.76624250275,8.42981291666667,0.642748291532037,0.757579904127933,5.22915413625,-0.114831612595896,149.426657679167,0,33.8179758333333,54.1509709166667,-13.1733546666667,36.4208757641667,0.0200822994375,102.331502083333,1.85350487916667,0.283768610416667,10.3768045208333,"TFPR",36.4208757641667,33.8179758333333,0.965495299436089,149.426657679167,337.342564583333,0.122514007769423,-13.1733546666667,5.22915413625,0.842981291666667,1.85350487916667,35.6854646875,140.449893333333,54.1509709166667,32.9036604875,46.856008125,6.35416666666667,6.35416666666667,13.76624250275,-22.6572450475911,274.970541666667,24.51492125,-3.65909,14.45165,0,0,0,0,0,168.393979225589,50.1871182669167,67.3243255833333,44.1643406102249,0.835904240123567,353,353,16.6930918067757,60.8574324170006,0.745452967141804,1.2126106164003,0.824667033650549,0.477930386453483,0.579543460513792,3.4,2.2,0,0.170453958974645,0.261041606088595,0.887541460701221,"False",NA
2019-12-20,16.64839344875,5.72414816666667,0.965294770140422,2.0225993575642,8.735074125,-1.05730458742378,18.2464930110417,0,61.179128125,4.61085097708333,-3.00156285833333,-0.9789294,0.0242350574791667,102.110533333333,2.5801308125,0.765553641666667,11.0394739583333,"TFPR",-0.9789294,61.179128125,1.13728872378673,18.2464930110417,357.991645833333,0.564873907120066,-3.00156285833333,8.735074125,0.572414816666667,2.5801308125,35.6468694791667,102.793445895833,4.61085097708333,4.66148257083333,47.0146120833333,4.29166666666667,4.20833333333333,16.64839344875,-2.68842927754309,349.017485416667,24.279126875,3.634424,11.55165,0,0,0,0,0,168.373751996556,15.66946404875,7.61241383541667,-1.25660101088611,0.824642587152835,354,354,21.370681110741,20.1140800998549,2.05840938072074,1.28364824969616,0.779029613631849,0.579920507945667,0.744413944987365,2.1000001,1.4,1.9,0.35448281406623,0.243498336843167,0.511346531720485,"False",NA
2019-12-21,17.001652404375,6.3621821875,1.27360313843526,1.23938124289331,9.32795733333333,0.0342218955419451,91.0040494651875,0,64.8325214583333,40.2773765875,-4.27908541041667,29.6496391395833,0.0247972626041667,102.164325,1.43622715208333,0.757919741666667,11.9917510416667,"TFPR",29.6496391395833,64.8325214583333,1.1913837874038,91.0040494651875,361.065039583333,0.555165568653804,-4.27908541041667,9.32795733333333,0.63621821875,1.43622715208333,36.05349375,260.162994791667,40.2773765875,19.57616188125,47.4716295833333,5.9375,5.6875,17.001652404375,-1.6332642589333,329.9145375,24.6353579166667,3.61628,14.04806,0,0,0,0,0,168.390511957411,46.6512915439583,44.5564619979167,38.5128656431267,0.813774888719413,355,355,22.0839906913632,60.5968563344899,1.04701516799381,1.29893201943597,0.769863229974288,0.592560136625067,0.769695334903651,1.7,1.3000001,0,0.45276196170803,0.246963682365054,0.419838260020591,"False",NA
2019-12-22,9.54593211041667,5.810283,1.46579021114894,1.97843680674731,6.17207764583333,-0.512646595598367,130.54492690625,0,59.7471122916667,51.574330375,-12.06362668125,49.43087474375,0.009305230875,101.948297916667,1.92630503958333,0.577095,11.3081947916667,"TFPR",49.43087474375,59.7471122916667,0.983432168947468,130.54492690625,343.6158875,0.402403868947468,-12.06362668125,6.17207764583333,0.5810283,1.92630503958333,35.749349375,300.832191708333,51.574330375,29.0464658541667,47.2030595833333,6.20833333333333,5.97916666666667,9.54593211041667,-6.1711515320972,293.691752083333,24.2956391666667,0.830857,13.76822,0,0,0,0,0,168.444265575258,58.9768068541667,63.63795705625,63.4518558457649,0.802907190285991,356,356,12.2536190452547,75.7054748910196,0.926755187977463,1.28364824969616,0.779029613631849,0.331708227894196,0.4257966861462,2.4,1.7,0,0.17741528589425,0.241277581036668,0.579066194488004,"False",NA
2019-12-23,16.2535429875,8.0028821875,1.6581035809179,5.20961294039304,7.85077284791667,-3.55150935947514,145.705893935417,0,51.0890395833333,71.7131968125,-8.54834533333333,45.9247617941667,0.0236647875625,101.559722916667,0.944236789583333,0.566111739583333,10.758753875,"TFPR",45.9247617941667,51.0890395833333,1.18918007473728,145.705893935417,349.718197916667,0.388891855987284,-8.54834533333333,7.85077284791667,0.80028821875,0.944236789583333,35.391326875,227.350105125,71.7131968125,29.8823966083333,46.8977064583333,6.77083333333333,6.5,16.2535429875,-7.31128530177387,305.60790625,23.8849472916667,-1.988904,20.09194,0,0,0,0,0,168.535004735927,62.1783047816667,80.2615421458333,53.7094559520882,0.793324484703944,357,357,19.0086767366399,72.7181326887281,0.77469611372144,1.16950973404745,0.85505915075986,0.565690350433076,0.661580371288194,2.6000001,1.8000001,0,0.254453979170306,0.230894427480479,0.600325534538689,"False",NA
2019-12-24,13.008519665,10.01617025,1.78914078192547,1.44112269956532,10.2303029895833,0.348018082360144,152.686444445833,0,49.7035477083333,69.2672032916667,-5.33120020833333,45.4291179660417,0.019060433125,101.250929166667,1.36588701875,0.607680560416667,10.896637375,"TFPR",45.4291179660417,49.7035477083333,1.39169325874037,152.686444445833,358.432904166667,0.390076233740366,-5.33120020833333,10.2303029895833,1.001617025,1.36588701875,35.22502625,171.725517291667,69.2672032916667,33.2735443041667,46.832214375,6.375,6.29166666666667,13.008519665,-6.4698102359355,308.287208333333,23.617838125,-0.2174426,21.54234,0,0,0,0,0,168.662706722685,58.4376376310417,74.5984035,56.0319191075765,0.788781673801298,358,358,16.0446065037724,72.0765256113489,0.783363113542258,1.23339218581044,0.810772122204518,0.45377709534847,0.559685123502562,3.3,2.2,0,0.169601552576534,0.193752596790666,0.639383569409197,"False",NA
2019-12-25,9.8392348625,9.4879156875,1.92113561685428,1.60338205737287,12.50970875,0.317753559481411,135.515957620833,0,60.201909375,63.5989489958333,1.6050205625,37.5880016708333,0.014458035625,100.996285416667,1.81962279583333,0.895057141666667,12.6021233333333,"TFPR",37.5880016708333,60.201909375,1.57991680790307,135.515957620833,372.121910416667,0.631125239153066,1.6050205625,12.50970875,0.94879156875,1.81962279583333,35.1891652083333,135.071508541667,63.5989489958333,29.151872080625,46.9707704166667,6.85416666666667,6.60416666666667,9.8392348625,-0.249185428428208,329.356777083333,23.40756,3.483468,22.87892,0,0,0,0,0,168.827334189993,47.4272365333333,61.9939284333333,47.9828588058808,0.788342320733375,359,359,12.5602478498233,60.5431066557041,0.765030346227137,1.27654721381779,0.783363113542258,0.343970089561769,0.439094059466732,4,2.7,0,0.109773514866683,0.15000142902177,0.600005716087081,"False",NA
2019-12-26,6.51291882791667,9.25926879166667,2.1124682646814,1.49575210960715,16.2490995833333,0.616716155074248,74.9565620302083,0,70.0617735416667,39.58812862625,9.69163604375,16.3329941085,0.0095808503125,101.292677083333,2.04850494375,1.29304411875,13.4430166666667,"TFPR",16.3329941085,70.0617735416667,1.8863906547301,74.9565620302083,396.674304166667,0.960463775563437,9.69163604375,16.2490995833333,0.925926879166667,2.04850494375,35.5152438541667,147.566339375,39.58812862625,15.1092743972917,47.4169797916667,5.70833333333333,4.875,6.51291882791667,6.09861746072228,376.4151375,23.6135079166667,11.05328,22.34317,0,0,0,0,0,169.028835132441,22.8459129364167,29.8964925825,20.9658192996737,0.790190229809284,360,360,8.36029685386841,29.3261161535421,0.764166996291384,1.28364824969616,0.779029613631849,0.22850157923979,0.293315652243965,3,2.1000001,0,0.0977718840813217,0.189946750021923,0.569840250065768,"False",NA
2019-12-27,6.33371846875,8.78189872916667,2.13693166499034,1.46993070300534,15.5233456041667,0.667000961985005,91.8489548460417,0,70.3701677083333,41.0571762729167,3.65143224583333,21.5205055725,0.009343131375,101.242035416667,2.34226504375,1.25654115,14.272043125,"TFPR",21.5205055725,70.3701677083333,1.81470626830369,91.8489548460417,390.929972916667,0.936516395387024,3.65143224583333,15.5233456041667,0.878189872916667,2.34226504375,35.5624382291667,138.44728125,41.0571762729167,19.7964024520833,47.622535625,5.83333333333333,5.25,6.33371846875,5.62576301613489,359.934595833333,23.5023408333333,8.441083,21.78904,0,0,0,0,0,169.267142849118,27.85422404125,37.4057440270833,27.4719414285251,0.791430298273443,361,361,8.0852906643891,35.5572320929142,0.74465098250906,1.27654721381779,0.783363113542258,0.222059940003961,0.283469997712602,3,2.2,0.4,0.094489999237534,0.180731758568679,0.542195275706036,"False",NA
2019-12-28,13.711609533125,8.43905545833333,2.40563763445535,2.54138745171955,18.3108779166667,-0.135749817264208,25.3364427775,0,73.951674375,15.1850041533333,9.06001172083333,-10.7557417604167,0.0140572902291667,100.49920625,3.738231875,1.58322397916667,14.9609814583333,"TFPR",-10.7557417604167,73.951674375,2.13389545682225,25.3364427775,406.4908875,1.28998991098892,9.06001172083333,18.3108779166667,0.843905545833333,3.738231875,35.8343466666667,187.206448541667,15.1850041533333,5.14626676625,47.916721875,4.875,4.1875,13.711609533125,10.3002906795617,401.485722916667,23.7519714583333,14.63266,23.23758,0,0,0,0,0,169.542175903705,2.95586777270833,6.1249924325,-13.7302121768036,0.783476691712641,362,362,17.5035169464682,3.77330476966463,0.482591253015125,1.27654721381779,0.783363113542258,0.482015818967718,0.615315950719341,4.2000003,2.8,1.7,0.146503787325763,0.180230839115753,0.756969578355413,"False",NA
2019-12-29,29.5138230025,9.6385514375,2.39801709459413,1.6966666241216,13.2669004166667,0.701350470472529,123.519781182292,0,55.2857033333333,54.3367059791667,-8.359126533125,39.4722290104167,0.0432126678958333,100.7344125,2.74742472291667,0.860263352083333,15.1208064583333,"TFPR",39.4722290104167,55.2857033333333,1.55438898664941,123.519781182292,378.7004,0.590533842899412,-8.359126533125,13.2669004166667,0.96385514375,2.74742472291667,35.7696163541667,299.690073416667,54.3367059791667,27.1630325125,47.8613760416667,5.02083333333333,4.625,29.5138230025,-2.81732654861042,336.680360416667,23.6778566666667,4.856429,18.55538,0,0,0,0,0,169.853838080675,68.9860520129167,62.6958325122917,50.6684576808274,0.779577344499516,363,363,37.8853672390014,88.5538249198288,1.10032914866218,1.28364824969616,0.779029613631849,1.03252144480401,1.32539434539642,2.9,2,0,0.457032532895316,0.191973726490598,0.556723806822733,"False",NA
2019-12-30,16.5020946170833,8.86035939583333,2.14407040450762,2.29368575403073,7.03525676458333,-0.149615349523111,155.685304770833,0,37.9003597916667,55.9514423333333,-18.2771739770833,61.3874672833333,0.0240609612083333,101.622479166667,1.81710324166667,0.355455325,13.007538125,"TFPR",61.3874672833333,37.9003597916667,1.05877094937177,155.685304770833,341.278316666667,0.172735009788432,-18.2771739770833,7.03525676458333,0.886035939583333,1.81710324166667,34.6928692708333,300.47763125,55.9514423333333,34.871237,46.9768204166667,7.4375,7.4375,16.5020946170833,-17.8138756704702,276.415697916667,22.408918125,0.5818841,14.92735,0,0,0,0,0,170.202018338026,77.8895619004167,74.2286163104167,79.2407063828471,0.778946382992392,364,364,21.3013778238948,100.542084206742,1.0493198684277,1.29082872921133,0.77469611372144,0.573895851034594,0.740801252090638,3.9,2.5,0,0.189949038997599,0.210814094972453,0.822174970392566,"False",NA
2019-12-31,12.5738090458333,9.48647427083333,2.13005303009216,1.94700005052567,6.856527390625,0.183052979566487,152.383072622917,0,33.8585108333333,63.0580023333333,-11.74680033125,50.1261650458333,0.0183322078333333,101.844670833333,1.15356191875,0.302054464583333,12.6108179166667,"TFPR",50.1261650458333,33.8585108333333,1.07494619568821,152.383072622917,344.288160416667,0.126298768604872,-11.74680033125,6.856527390625,0.948647427083333,1.15356191875,33.9539159375,252.8323871875,63.0580023333333,32.9673036104167,46.329638125,7.04166666666667,7.02083333333333,12.5738090458333,-24.2642122729854,287.93039375,21.57819375,-2.134859,16.1744,0,0,0,0,0,170.586590757064,62.6999740916667,74.8048026645833,64.7460304479699,0.778929736864501,365,365,16.2411032757862,80.9871337237561,0.838181130866779,1.29166135866905,0.774196729884697,0.437207006302703,0.564723395780576,3.4,2.2,0,0.166095116406052,0.239895118906183,0.815643404281021,"False",NA
