"Date","LE_raw","VPD","Reco","GPP","Tair","NEE","SW_IN","P","RH","Rn_raw","G_raw","H_raw","ET_raw","Pa","WS","WVP","Tsoil","siteCode","H_qaqc","rh","es","sw_in","lw_out","vp","G_qaqc","t_avg","vpd","ws","theta_mean","wd","Rn_qaqc","sw_out","theta_1","LE_qc_flag","H_qc_flag","LE_qaqc","t_dew","lw_in","theta_2","t_min","t_max","ppt","Rn_subday_gaps","H_subday_gaps","LE_subday_gaps","G_subday_gaps","rso","flux","energy","H_corr","ebr_5day_clim","DOY_y","DOY_x","LE_corr","flux_corr","ebr","ebc_cf","ebr_corr","ET_qaqc","ET_corr","gridMET_ETr","gridMET_ETo","gridMET_prcp","ETrF","ETrF_filtered","ET_fill","ET_gap","ET_fill_val"
2019-02-20,19.1069082352941,9.70606411764706,2.74031942842234,1.73215174998603,14.7817352941176,1.00816767843631,45.7981670588235,0,49.3998117647059,7.2029,-12.4409082352941,-4.07721764705882,0.02793,100.515176470588,2.72785058823529,0.834035294117647,14.7015235294118,"DAFO",-4.07721764705882,49.3998117647059,1.68572977269932,45.7981670588235,389.277941176471,0.71512336093461,-12.4409082352941,14.7817352941176,0.970606411764706,2.72785058823529,45.8439647058823,77.4054352941176,7.2029,9.04518588235294,46.9972470588235,3,3,19.1069082352941,2.0034369248607,359.725941176471,44.6906823529412,13.357,16.899,0,0,0,0,0,236.27511875436,15.0296905882353,19.6438082352941,-6.51371175193247,0.625943824709346,51,51,30.5249568428386,24.0112450909061,0.765110838397994,1.59758745197997,0.625943824709346,0.669411887323734,1.06944403139463,3.8,2.7,0.8,0.281432639840691,0.375432604116706,1.42664389564348,"False",NA
2019-02-21,14.7515483333333,4.2732325,2.36239583035809,3.68859790126704,12.0267770833333,-1.32620207090895,34.9431477083333,0,82.6973895833333,29.233191875,-2.40760458333333,4.037790625,0.0214914583333333,100.834854166667,3.23616708333333,1.16160229166667,14.43355,"DAFO",4.037790625,82.6973895833333,1.40616711290206,34.9431477083333,376.780833333333,0.978843862902064,-2.40760458333333,12.0267770833333,0.42732325,3.23616708333333,45.1391072916667,109.377122916667,29.233191875,3.87674645833333,46.8560916666667,4.89583333333333,4.875,14.7515483333333,6.37280966222819,374.948145833333,43.4221229166667,11.187,13.322,0,0,0,0,0,237.954954475263,18.7893389583333,31.6407964583333,6.41801338835775,0.629134029593104,52,52,23.4473858342617,29.8653992226195,0.593832680004638,1.58948642572514,0.629134029593104,0.515461988372279,0.81931983349503,1.3000001,1.1,1.9,0.630245977284948,0.37609441051445,0.488922771278226,"False",NA
2019-02-22,2.85040520833333,4.80714125,3.1260324294818,3.50297352901216,17.2693875,-0.376941099530365,80.8005516666667,0,81.3297645833333,65.3517347916667,7.85534020833333,6.43078583333333,-0.00199916666666667,100.883604166667,2.58779520833333,1.725100625,15.22339375,"DAFO",6.43078583333333,81.3297645833333,2.05941853718635,80.8005516666667,396.148083333333,1.57870441218635,7.85534020833333,17.2693875,0.480714125,2.58779520833333,45.5469895833333,179.864604166667,65.3517347916667,8.40570166666667,47.3097916666667,5.20833333333333,5.27083333333333,2.85040520833333,12.3020970841841,392.680416666667,43.7841875,10.78,23.702,0,0,0,0,0,239.642984048184,9.28119104166667,57.4963945833333,10.1399531753182,0.634202714957952,53,53,4.49447020819253,14.6344233835108,0.161422139751995,1.57678290618213,0.634202714957952,0.100102556549131,0.157840000031801,3.2,2.3,0,0.0493250000099377,0.385812048991827,1.23459855677385,"False",NA
2019-02-23,39.6919016666667,11.0519154166667,3.71838849909729,2.36747674747339,21.3807729166667,1.35091175162391,113.621212291667,0,59.48449375,63.9639760416667,1.95933833333333,22.370605,0.0950795833333333,100.963979166667,3.63140520833333,1.57973208333333,17.4291270833333,"DAFO",22.370605,59.48449375,2.55893152878064,113.621212291667,421.296458333333,1.45373998711398,1.95933833333333,21.3807729166667,1.10519154166667,3.63140520833333,46.1926416666667,138.545022916667,63.9639760416667,14.4223272916667,47.9422520833333,4.02083333333333,3.89583333333333,39.6919016666667,9.8691723144071,386.061,44.44303125,16.435,23.778,0,0,0,0,0,241.33842613794,62.0625066666667,62.0046377083333,34.5746837666988,0.647022692989795,54,54,61.3454552625602,95.920139029259,1.00093330048319,1.54554084552916,0.647022692989795,1.39945003950022,2.16290719732498,4,2.9,0,0.540726799331246,0.357307018029049,1.42922807211619,"False",NA
2019-02-24,41.49216,12.7864060416667,2.60221361922727,3.22650918460676,14.5775645833333,-0.624295565379488,184.555491666667,0,32.0369125,90.7823958333333,-9.30305625,67.9517922916667,0.06067,102.067791666667,3.03757666666667,0.508858125,13.64091875,"DAFO",67.9517922916667,32.0369125,1.68839174010468,184.555491666667,333.401,0.409751135938016,-9.30305625,14.5775645833333,1.27864060416667,3.03757666666667,45.04199375,84.8803041666667,90.7823958333333,23.4411685416667,46.6981979166667,3.8125,3.64583333333333,41.49216,-5.73305784213848,263.069520833333,43.3857895833333,8.7525,19.1613,0,0,0,0,0,243.040498561066,109.443952291667,100.085452083333,100.933348699939,0.67323429933627,55,55,61.6310845138259,162.564433213765,1.09350510002734,1.48536698291499,0.67323429933627,1.45339667856815,2.15882743942343,5.7000003,3.9,0,0.378741636105428,0.34712741893148,1.97862639204766,"False",NA
2019-02-25,28.2751960416667,5.8607575,2.05593766081704,2.55531807780886,13.0458895833333,-0.499380416991817,57.314185625,0,67.0415958333333,35.9502479166667,-1.79346833333333,-3.447409375,0.0412677083333333,101.973166666667,3.53863770833333,1.03243958333333,14.7706875,"DAFO",-3.447409375,67.0415958333333,1.51185413412734,57.314185625,380.3978125,0.92577838412734,-1.79346833333333,13.0458895833333,0.58607575,3.53863770833333,44.8792625,142.92475,35.9502479166667,6.975321875,46.620225,3.54166666666667,3.25,28.2751960416667,4.96418920947607,366.009479166667,43.1383,10.128,16.541,0,0,0,0,0,244.748418956982,24.8277866666667,37.74371625,-4.84557598431012,0.676770874723188,56,56,39.7427737723085,34.8971977879984,0.657799208276601,1.40557022889401,0.711455023337297,0.988979948377016,1.39008077241187,3.2,2.2,6.5,0.43440024137871,0.299940992539235,0.959811176125551,"False",NA
2019-02-26,12.1043058333333,4.488918125,2.02717943045587,3.12494422869787,16.3209104166667,-1.097764798242,26.7312564583333,0,88.55371875,23.5555491666667,6.97684729166667,0.61432375,0.005744375,101.540854166667,2.76386145833333,1.73835333333333,15.7648395833333,"DAFO",0.61432375,88.55371875,1.86094007385657,26.7312564583333,398.9508125,1.41204826135657,6.97684729166667,16.3209104166667,0.4488918125,2.76386145833333,47.420415625,148.708979166667,23.5555491666667,2.60572541666667,49.73580625,6.375,5.9375,12.1043058333333,11.788684901671,398.3813125,45.105025,14.25,18.703,0,0,0,0,0,246.46140546371,12.7186295833333,16.578701875,0.862229342413855,0.684477443741408,57,57,16.9889047249942,17.8511340674081,0.767166795037946,1.40354225669096,0.712483001657273,0.424701045063627,0.596085863207614,3.2,2.4,11.900001,0.186276832252379,0.367360617249885,1.17555397519963,"False",NA
2019-02-27,15.7039525,4.60851166666667,1.928968309389,2.75292277197983,20.11539375,-0.823954462590834,88.480964375,0,79.5947645833333,68.2137914583333,7.05486916666667,10.1730245833333,0.0220327083333333,101.357833333333,1.629890625,1.92903770833333,17.1927020833333,"DAFO",10.1730245833333,79.5947645833333,2.37221885858475,88.480964375,419.827645833333,1.91136769191808,7.05486916666667,20.11539375,0.460851166666667,1.629890625,49.5080947916667,238.122166666667,68.2137914583333,9.46351979166667,51.9774666666667,5.125,5.75,15.7039525,16.2505785215715,409.023229166667,47.0387229166667,16.878,23.609,0,0,0,0,0,248.178677396959,25.8769770833333,61.1589222916667,15.4652429728308,0.690927237671097,58,58,23.8734743101068,39.3387172829375,0.423110416496977,1.52022074125013,0.657799208276601,0.553012968326885,0.84070178463083,4,3.2,1.1,0.210175446157708,0.314150404767545,1.25660161907018,"False",NA
2019-02-28,41.8340595238095,2.73644208333333,0.941893616301485,4.80740798950065,10.8105870833333,-3.86551437319916,32.043546875,0.0166666666666667,77.8207583333333,26.5949833333333,-20.1167891666667,8.09909270833333,0.014193125,101.2650625,2.63421583333333,1.14520729166667,16.1991833333333,"DAFO",8.09909270833333,77.8207583333333,1.35711148487326,32.043546875,371.5983125,1.08346727653993,-20.1167891666667,10.8105870833333,0.273644208333333,2.63421583333333,54.6565479166667,73.5144120833333,26.5949833333333,2.98172875,56.71070625,4.33333333333333,4.79166666666667,41.8340595238095,6.75929690611592,369.131291666667,52.6023895833333,6.65489,19.545,0.8,0,0,0,0,249.899455931369,49.9331522321429,46.7117725,12.7198097899198,0.705389331511922,59,59,65.7013444648593,78.421154254779,1.06896290934245,1.57052280397187,0.636730646298794,1.4601080540254,2.29313299510988,1.2,1.2,12.400001,1.91094416259157,0.301232158499969,0.361478590199962,"False",NA
2019-03-01,22.0307292261905,4.342661875,1.10644173083696,2.96866334299762,13.289995625,-1.86222161216065,109.557077083333,0,76.89435625,93.8772191666667,-0.629092708333333,20.7619885416667,0.0326947916666667,101.2916875,1.65528354166667,1.29925791666667,14.7403125,"DAFO",20.7619885416667,76.89435625,1.58579598379172,109.557077083333,384.7330625,1.15152979629172,-0.629092708333333,13.289995625,0.4342661875,1.65528354166667,52.6986395833333,125.658152083333,93.8772191666667,11.475674375,55.6509041666667,4.41666666666667,4.47916666666667,22.0307292261905,7.98133614820672,380.529729166667,49.746375,7.1339,19.241,0,0,0,0,0,251.622964782684,42.7927177678571,94.506311875,31.7859824004936,0.717968081964373,60,60,33.7283863753407,65.5143687758343,0.45280274850274,1.53097003866962,0.653180646741447,0.770747409218828,1.17999119089626,2.6000001,2.2,0,0.45384274827384,0.396581002551341,1.03111064629159,"False",NA
2019-03-02,16.0244570833333,5.25168270833333,2.18984339525698,3.91088491514796,18.5538833333333,-1.72104151989099,98.9607541666667,0,79.1113354166667,82.7221225,6.56917208333333,30.9827133333333,0.0237716666666667,101.245729166667,2.28853520833333,1.70960583333333,16.3644645833333,"DAFO",30.9827133333333,79.1113354166667,2.15670462468336,98.9607541666667,403.7599375,1.63153635385003,6.56917208333333,18.5538833333333,0.525168270833333,2.28853520833333,51.595071875,154.7205,82.7221225,11.0436602083333,54.0778166666667,4.33333333333333,4.04166666666667,16.0244570833333,13.8723356067527,398.564395833333,49.1123270833333,16.158,22.967,0,0,0,0,0,253.348430889623,47.0071704166667,76.1529504166667,47.4933292112409,0.726707815247193,61,61,24.5638529944812,72.0571822057221,0.617273134651639,1.53289767427001,0.652359264930204,0.563452838244029,0.863715545305105,3.9,3.1000001,0.4,0.221465524437207,0.468637354244492,1.82768568155352,"False",NA
2019-03-03,32.3543207291667,4.22864416666667,2.11735066845864,3.62113324591696,11.9419833333333,-1.50378257745833,61.1905266666667,0,68.1082083333333,45.5497277083333,-12.2036983333333,26.9575558333333,0.0402395833333333,101.1729375,3.85189895833333,1.03641041666667,16.341,"DAFO",26.9575558333333,68.1082083333333,1.44049144245488,61.1905266666667,377.017354166667,1.01762702578821,-12.2036983333333,11.9419833333333,0.422864416666667,3.85189895833333,50.59773125,62.5765583333333,45.5497277083333,6.774540625,52.88275625,3.5,4.6875,32.3543207291667,6.14460984662637,368.1514375,48.31270625,6.1784,18.41,0,0,0,0,0,255.075085094179,59.3118765625,57.7534260416667,41.3231746409205,0.733210856092384,62,62,49.5958629983254,90.9190376392459,1.02698455533545,1.53289767427001,0.652359264930204,1.13046250577986,1.7328833459594,0.7,0.7,0,2.47554763708485,0.528056981050176,0.369639886735123,"False",NA
2019-03-04,29.1883395833333,3.66474520833333,1.40244337988948,1.84912563161968,2.22592875,-0.446682251730199,54.39995125,0,56.9635229166667,41.6499654166667,-21.8641666666667,44.1517754166667,0.0421477083333333,102.052208333333,4.693771875,0.4143525,12.53451875,"DAFO",44.1517754166667,56.9635229166667,0.72019152894404,54.39995125,329.657770833333,0.353717008110706,-21.8641666666667,2.22592875,0.366474520833333,4.693771875,48.482221875,63.06089375,41.6499654166667,6.052386875,50.7448395833333,4.16666666666667,4.35416666666667,29.1883395833333,-7.72091269969318,322.959333333333,46.2196041666667,1.08582,6.1696,0,0,0,0,0,256.802162819115,73.340115,63.5141320833333,67.6801538510999,0.737477204499948,63,63,44.7427378630948,112.422891714195,1.15470545836594,1.53289767427001,0.652359264930204,1.01046900310427,1.54894558478047,1.7,1.1,0,0.911144461635572,0.500759315279772,0.851290835975613,"False",NA
2019-03-05,37.04088125,5.80343104166667,1.84429204207321,2.45780327807721,3.27484083333333,-0.613511236004003,293.015071041667,0,34.77814375,205.565329166667,-11.372124375,101.08984375,0.0535572916666667,102.600541666667,3.882630625,0.266701041666667,10.6627708333333,"DAFO",101.08984375,34.77814375,0.788498401813262,293.015071041667,333.9854375,0.208155297646595,-11.372124375,3.27484083333333,0.580343104166667,3.882630625,47.191328125,59.8303375,205.565329166667,33.414503125,49.4857625,3.22916666666667,3.33333333333333,37.04088125,-14.4275413523186,279.951291666667,44.89689375,-1.3644,7.3117,0,0,0,0,0,258.528904741364,138.130725,216.937453541667,154.960386376693,0.741743552907512,64,64,56.7798807210364,211.74026709773,0.636730646298794,1.53289767427001,0.652359264930204,1.28358925339106,1.96761098124113,3.6000001,2.5,0,0.546558590718132,0.462544985981417,1.6651619957876,"False",NA
2019-03-06,26.605704375,6.39427958333333,2.74622142076563,3.36071368357154,8.53237229166667,-0.614492262805913,238.680648125,0,50.6915208333333,169.9513375,-1.92200145833333,82.797625625,0.0386960416666667,102.487208333333,2.96522895833333,0.593665416666667,10.695594375,"DAFO",82.797625625,50.6915208333333,1.15295770523435,238.680648125,351.145854166667,0.51352974690102,-1.92200145833333,8.53237229166667,0.639427958333333,2.96522895833333,46.9820916666667,148.099395833333,169.9513375,25.6177095833333,49.1555520833333,3.22916666666667,2.9375,26.605704375,-3.53254019903676,308.034520833333,44.80863125,1.552,13.375,0,0,0,0,0,260.254557460086,109.40333,171.873338958333,126.920287755641,0.734866066339144,65,65,40.7838223587528,167.704110114394,0.636534617079396,1.53289767427001,0.652359264930204,0.926588935688467,1.42036602452117,2.8,2,0.6,0.507273580186132,0.473628621067211,1.32616013898819,"False",NA
2019-03-07,18.7842852083333,4.404506875,4.46116205345896,5.0128200516977,17.4148104166667,-0.551657998238735,68.8982747916667,0,79.4741645833333,57.3411677083333,10.0074208333333,-1.127428125,0.02768875,101.608875,2.893796875,1.638635625,13.5511729166667,"DAFO",-1.127428125,79.4741645833333,2.02869782194224,68.8982747916667,404.266416666667,1.58824713444224,10.0074208333333,17.4148104166667,0.4404506875,2.893796875,47.54338125,222.021895833333,57.3411677083333,7.70003458333333,49.6315604166667,4.375,4.10416666666667,18.7842852083333,13.2598891053045,400.409395833333,45.4552020833333,11.712,20.96,0,0,0,0,0,261.978374158123,17.6568570833333,47.333746875,-1.68067351876041,0.712371359919589,66,66,28.0020074170926,26.3213338983322,0.373028932823804,1.49071455775543,0.670819235511926,0.659771958513529,0.983531663354932,2.7,2.1000001,0.4,0.364270986427753,0.448636626946646,1.21131889275595,"False",NA
2019-03-08,24.7686083333333,5.9568425,5.45992314793597,2.5929131239026,21.8647583333333,2.86701002403337,81.4191745833333,0,82.5350958333333,65.6708125,11.7170645833333,10.472935625,0.0364764583333333,101.053104166667,4.45751895833333,2.17120291666667,16.4344666666667,"DAFO",10.472935625,82.5350958333333,2.62832437392365,81.4191745833333,429.716208333333,2.03264012392365,11.7170645833333,21.8647583333333,0.59568425,4.45751895833333,48.2485239583333,259.773645833333,65.6708125,9.41723729166667,50.2584625,4.02083333333333,3.70833333333333,24.7686083333333,17.4242314676044,423.384666666667,46.2385854166667,20.319,24.436,0,0,0,0,0,263.699615255588,35.2415439583333,53.9537479166667,15.612157598623,0.713878224655754,67,67,36.9229250178426,52.5350826164656,0.653180646741447,1.49071455775543,0.670819235511926,0.873694614189963,1.3024292804055,5.8,4.2000003,0,0.224556772483706,0.369796521901993,2.14481982703156,"False",NA
2019-03-09,32.3153089583333,7.1698575,5.73200168893125,3.63767016089246,22.6980541666667,2.09433152803879,137.577791875,0,79.3275958333333,104.2322625,8.58562854166667,30.0020964583333,0.04762375,100.712770833333,4.094813125,2.190955625,18.1009229166667,"DAFO",30.0020964583333,79.3275958333333,2.76521411880454,137.577791875,437.3409375,2.04822836880454,8.58562854166667,22.6980541666667,0.71698575,4.094813125,48.3853729166667,261.847020833333,104.2322625,16.90665875,50.432775,3.89583333333333,3.33333333333333,32.3153089583333,17.5499484640961,420.902854166667,46.3379708333333,20.906,25.347,0,0,0,0,0,265.41754905434,62.3174054166667,95.6466339583333,41.6526057946584,0.716091340929766,68,68,44.864092315795,86.5166981104534,0.651537883118961,1.38832317443233,0.720293385874572,1.14081531692609,1.58382034223586,5.5,4,0,0.287967334951974,0.34826730327781,1.91547016802796,"False",NA
2019-03-10,31.3678729166667,7.80266375,5.79599895733523,5.75048961094735,22.2583354166667,0.0455093463878762,109.007969791667,0,78.5914229166667,82.7284729166667,5.66388541666667,26.5946341666667,0.04626,101.208625,2.30624541666667,2.10439791666667,18.3592833333333,"DAFO",26.5946341666667,78.5914229166667,2.69771684966823,109.007969791667,423.810041666667,1.91745047466823,5.66388541666667,22.2583354166667,0.780266375,2.30624541666667,48.204115625,203.569354166667,82.7284729166667,13.3587422916667,50.3125041666667,4.35416666666667,4.4375,31.3678729166667,16.5118976814684,410.890166666667,46.0957270833333,20.382,25.652,0,0,0,0,0,267.131452372137,57.9625070833333,77.0645875,35.8813712427607,0.719175075819955,69,69,42.3214053694098,78.2027766121705,0.752128947466738,1.34919589485212,0.741182213654455,1.10689879565633,1.49342331111628,5,3.9,0,0.298684662223256,0.319423822561247,1.59711911280623,"False",NA
2019-03-11,37.9062083333333,8.26085791666667,6.03255113106927,5.95116730679785,22.5288125,0.0813838242714185,138.308676041667,0,77.2649083333333,106.109565416667,5.964495,31.0394489583333,0.0559129166666667,101.628833333333,2.59801395833333,2.10032416666667,19.3267104166667,"DAFO",31.0394489583333,77.2649083333333,2.74986926514362,138.308676041667,435.051291666667,1.92378347347695,5.964495,22.5288125,0.826085791666667,2.59801395833333,47.9686041666667,181.576375,106.109565416667,17.1846722916667,50.1778541666667,4.4375,4.10416666666667,37.9062083333333,16.5471625319667,420.037166666667,45.7593541666667,19.627,26.329,0,0,0,0,0,268.840611165216,68.9456572916667,100.145070416667,42.5060816889396,0.71675278695571,70,70,51.9095680499202,94.4156497388598,0.688457824282406,1.36942127245876,0.730235479842171,1.33797030986494,1.83224500424729,5.1,3.9,0,0.359263726322998,0.367388244032215,1.8736800445643,"False",NA
2019-03-12,50.824595,7.11132583333333,5.95272419901731,6.16098438473148,21.5249354166667,-0.208260185714169,139.255738958333,0,76.6680875,110.595675416667,3.40296395833333,30.89310875,0.0699697916666667,101.3525,4.32439166666667,1.97738333333333,19.5859666666667,"DAFO",30.89310875,76.6680875,2.58274191921722,139.255738958333,429.041145833333,1.87160933588389,3.40296395833333,21.5249354166667,0.711132583333333,4.32439166666667,47.6005260416667,199.5154375,110.595675416667,17.8141289583333,50.01303125,4.25,4.1875,50.824595,16.0451520993287,418.196416666667,45.1880208333333,18.966,24.986,0,0,0,0,0,270.54432113814,81.71770375,107.192711458333,42.3056802946319,0.718258184755462,71,71,69.6002815571012,111.905961851733,0.762343844448457,1.36942127245876,0.730235479842171,1.79221350089917,2.45429529291912,6.2000003,4.4,0,0.395854060348854,0.410103819187168,2.54264380199159,"False",NA
2019-03-13,35.9075583333333,6.96001291666667,6.39157984572139,4.32363733044579,22.5676354166667,2.0679425152756,51.674815,0,79.8756479166667,35.6126125,4.158835625,-11.107363125,0.048519375,100.3550625,5.61359166666667,2.19761625,19.8611,"DAFO",-11.107363125,79.8756479166667,2.7392689618925,51.674815,433.4753125,2.04326767022584,4.158835625,22.5676354166667,0.696001291666667,5.61359166666667,47.164325,253.264,35.6126125,6.71275645833333,49.7024416666667,4.04166666666667,4.29166666666667,35.9075583333333,17.4880292163851,424.126083333333,44.6262083333333,21.506,23.949,0,0,0,0,0,272.241888339713,24.8001952083333,31.453776875,-14.9860087308819,0.719260156597351,72,72,48.4463302974965,33.4603215666147,0.788464778232879,1.34919589485212,0.741182213654455,1.26747169293786,1.71006760495303,5.6,4,1,0.305369215170184,0.429503628936902,2.40522032204665,"False",NA
2019-03-14,83.6924979166667,14.1913595833333,6.14308153849598,5.84643901446558,20.543875,0.2966425240304,184.803794791667,0,47.0755333333333,135.3045125,-4.72170375,22.0427177083333,0.157418958333333,101.0798125,4.23206875,1.15593208333333,19.1547875,"DAFO",22.0427177083333,47.0755333333333,2.44121125290039,184.803794791667,422.274645833333,1.02207529456706,-4.72170375,20.543875,1.41913595833333,4.23206875,46.42740625,106.952508333333,135.3045125,23.4189522916667,49.1510520833333,3.5,3.70833333333333,83.6924979166667,4.98236977190166,396.19475,43.7037604166667,16.673,23.146,0,0,0,0,0,273.932629743837,105.735215625,140.02621625,29.3070992448514,0.719761142518295,73,73,111.274134838917,140.581234083769,0.755110139062977,1.32955925093446,0.752128947466738,2.94843786984461,3.92012284565739,5.6,4,0,0.700021936724534,0.462117099141431,2.58785575519201,"False",NA
2019-03-15,52.8817395833333,11.6580375,4.42752347643399,3.71264694215888,13.7054416666667,0.714876534275106,99.6660604166667,0,33.1294,56.2840585416667,-12.0785933333333,11.1091854166667,0.0771920833333333,102.097208333333,4.06103895833333,0.521046875,17.0270458333333,"DAFO",11.1091854166667,33.1294,1.57368606013414,99.6660604166667,384.192875,0.40788231013414,-12.0785933333333,13.7054416666667,1.16580375,4.06103895833333,44.6687197916667,72.3295291666667,56.2840585416667,13.1662672916667,47.5797458333333,3.4375,3.60416666666667,52.8817395833333,-5.68858710290471,353.977520833333,41.75769375,11.463,16.326,0,0,0,0,0,275.615873814184,63.990925,68.362651875,14.7703202410754,0.719761142518295,74,74,70.3094060685278,85.0797263096032,0.936050946604681,1.32955925093446,0.752128947466738,1.85080838526873,2.46075941034111,4.7000003,3.1000001,0,0.523565798568376,0.4108080208624,1.93079782129569,"False",NA
2019-03-16,31.9255979166667,9.28523145833333,3.917969008961,3.75716684291449,11.9987625,0.160802166046513,75.277954375,0,41.59886875,41.458375,-8.30273895833333,5.71134083333333,0.0465460416666667,102.270520833333,2.30267145833333,0.582651666666667,15.63651875,"DAFO",5.71134083333333,41.59886875,1.40630059832244,75.277954375,374.366854166667,0.477777452489105,-8.30273895833333,11.9987625,0.928523145833333,2.30267145833333,43.4489197916667,136.905759791667,41.458375,10.5394879166667,46.2744666666667,3.85416666666667,4.1875,31.9255979166667,-3.63336474868328,351.086291666667,40.6233729166667,9.8515,13.744,0,0,0,0,0,277.290961051606,37.63693875,49.7611139583333,7.59356604019806,0.720758119765561,75,75,42.4469740517181,50.0405400919161,0.756352415693802,1.32955925093446,0.752128947466738,1.11554337285681,1.4831810112004,3.5,2.5,0,0.423766003200113,0.355360581693335,1.24376203592667,"False",NA
2019-03-17,43.2178233333333,10.2412529166667,4.11461500053924,5.22873802034137,13.3889291666667,-1.11412301980213,188.366599375,0,42.9111791666667,127.199535416667,-5.16826145833333,53.4418383333333,0.0631658333333333,102.1004375,2.3846425,0.633304583333333,14.7266833333333,"DAFO",53.4418383333333,42.9111791666667,1.55119953573369,188.366599375,363.744354166667,0.527074244067026,-5.16826145833333,13.3889291666667,1.02412529166667,2.3846425,42.0960802083333,122.990770833333,127.199535416667,25.2811977083333,44.2610895833333,4.85416666666667,4.875,43.2178233333333,-2.76544903807612,327.860708333333,39.9310708333333,10.352,17.427,0,0,0,0,0,278.957244523233,96.6596616666667,132.367796875,70.7735674158074,0.72225608293377,76,76,57.233800869053,128.00736828486,0.730235479842171,1.32431012148891,0.755110139062977,1.51212317371509,2.00252002388883,3.8,2.8,0,0.526978953654957,0.339246279700361,1.28913586286137,"False",NA
2019-03-18,0.00994958333333332,0.538541666666667,4.09371618258807,5.0854988089018,13.798295625,-0.991782626313732,173.220654166667,0,3.01235416666667,104.470960416667,-4.08925666666667,-13.2423651041667,-2.625e-05,102.013833333333,3.01054041666667,0.042065,14.9116125,"DAFO",-13.2423651041667,3.01235416666667,1.61315747799036,173.220654166667,381.508375,1.5593033113237,-4.08925666666667,13.798295625,0.0538541666666667,3.01054041666667,40.8252791666667,113.57371875,104.470960416667,24.1732266666667,42.5719333333333,0.458333333333333,2.33333333333333,0.00994958333333332,12.6732616695345,336.93075,39.078625,8.0252,18.516,0,0,0,0,0,280.614090372252,-13.2324155208333,108.560217083333,-17.5225844166515,0.724029512511337,77,77,0.0131655042356433,-17.5094189124158,-0.121890098199378,1.32322166613108,0.75573127737839,0.000348256465863746,0.000460820501001147,4.6,3.4,0,0.000100178369782858,0.243865501457439,1.12178130670422,"False",NA
2019-03-19,0.732988385416667,0,4.33014290231865,5.16429294563153,15.5169479166667,-0.834150043312881,200.010188958333,0,0.016975625,129.620377083333,-2.95952833333333,-21.978809375,4.8125e-05,101.957208333333,3.42367291666667,0.000272291666666667,13.5340095833333,"DAFO",-21.978809375,0.016975625,1.7986888669592,200.010188958333,347.924,1.7986888669592,-2.95952833333333,15.5169479166667,0,3.42367291666667,40.008653125,149.206347916667,129.620377083333,25.9021420833333,41.5652416666667,0.166666666666667,1.79166666666667,0.732988385416667,15.2274579425317,305.309708333333,38.4520645833333,11.324,20.73,0,0,0,0,0,282.260878307406,-21.2458209895833,132.579905416667,-29.058953100373,0.72381534532648,78,78,0.969109597864239,-28.0898435025087,-0.160249178959759,1.32213499851481,0.756352415693802,0.0256983887166775,0.0339767391277574,4.4,3.2,0,0.00772198616539942,0.165315991850938,0.727390364144126,"False",NA
2019-03-20,12.4391184089583,2.84091625378788,4.44675721106722,8.95988545597531,16.6731507121212,-4.51312824490809,231.589198525,0,3.3932549175,225.8521781875,-0.678295625,29.1521658958333,0.002791880725,101.85938,2.178943925,0.052805879,15.70452025,"DAFO",29.1521658958333,3.3932549175,1.92304888186809,329.087998770833,395.41704,1.70429116549388,-0.678295625,16.66238125,0.307620125,2.15488160416667,39.277391625,193.0032205,225.8521781875,30.992503325,40.708599,3.525,4.725,12.4391184089583,14.4811132337083,335.36938,37.84618425,9.8716,23.47493,0,0,0,0,0,283.897002071279,41.5912843047917,226.5304738125,38.5747775280141,0.723989404306773,79,79,16.4597109863036,55.0344885143177,0.183601277147449,1.32322166613108,0.75573127737839,0.43659147854436,0.577707303658098,3,2.3,0,0.192569101219366,0.156596745604609,0.469790236813826,"False",NA
2019-03-21,2.992280153125,7.62094666666667,4.37336449585532,6.30846126769447,17.027815,-1.93509677183915,342.568241779167,0,5.25985244916667,228.265112166667,-1.48489587666667,21.3287378541667,0.00299749777083333,101.875710416667,2.2912948125,0.079503605375,15.7897539583333,"DAFO",21.3287378541667,5.25985244916667,2.00168659992541,342.568241779167,399.76508125,1.23959193325874,-1.48489587666667,17.027815,0.762094666666667,2.2912948125,38.3952113541667,129.8563624375,228.265112166667,42.7236624645833,39.6136860416667,3.70833333333333,4.72916666666667,2.992280153125,2.51002133672351,328.185616666667,37.1767366666667,12.07916,23.72369,0,0,0,0,0,285.521869886502,24.3210180072917,229.750008043333,28.2458634188566,0.725983897251022,80,80,3.96270689311383,32.2085703119704,0.105858616565117,1.32431012148891,0.755110139062977,0.105060665584211,0.139132902803532,4.3,3.5,0,0.0323564890240772,0.140366221122556,0.603574750826993,"False",NA
2019-03-22,-2.73043614020833,16.6318952083333,4.42273790544391,6.88561302012553,17.9899245833333,-2.46287511468162,334.8702209375,0,11.8000775191667,243.496385875,-0.738161460416667,73.51988670625,-0.000314876791666667,101.684483333333,2.4328634125,0.203295913291667,15.814105625,"DAFO",73.51988670625,11.8000775191667,2.13466216654219,334.8702209375,404.92065,0.471472645708857,-0.738161460416667,17.9899245833333,1.66318952083333,2.4328634125,37.4585570833333,232.758710416667,243.496385875,40.0983062270833,38.4640714583333,4.52083333333333,4.14583333333333,-2.73043614020833,-9.37731243105966,353.645129166667,36.4530427083333,11.00175,24.96427,0,0,0,0,0,287.13490487905,70.7894505660417,244.234547335417,100.679696804297,0.727369100663438,81,81,-3.73911733349148,96.9405794708054,0.289842085562219,1.36942127245876,0.730235479842171,-0.0959557486278287,-0.131403843385654,5,3.9,0,-0.0262807686771309,0.164027302123252,0.820136510616261,"False",NA
2019-03-23,29.5472916979167,20.1922825,4.38300605194095,8.04496653061769,18.6660585416667,-3.66196047867674,141.498965225,0,21.1910820833333,100.05781393125,1.64135758125,20.7950516458333,0.04347997425,101.556852083333,3.271445625,0.443695497916667,16.46504375,"DAFO",20.7950516458333,21.1910820833333,2.17688538395472,141.498965225,409.2245875,0.157657133954719,1.64135758125,18.6660585416667,2.01922825,3.271445625,36.7647044791667,217.196410416667,100.05781393125,21.6662500883333,37.5519222916667,3.4375,2.85416666666667,29.5472916979167,-19.5889986909717,389.449691666667,35.9774866666667,15.3079,22.65502,0,0,0,0,0,288.735545477852,50.34234334375,98.41645635,40.653159083669,0.724589142720921,82,82,57.763297266331,98.41645635,0.511523633453299,1.9549438864613,0.511523633453299,1.03905548344993,2.03129516506454,5.6,4.1,0,0.36273127947581,0.176475207076902,0.98826115963065,"False",NA
2019-03-24,34.214383974375,20.3936710416667,4.52653692198674,7.31816341058119,20.4491670833333,-2.79162648859446,144.955686022917,0,27.80167375,74.5852283125,3.86462764854167,30.9591420104167,0.0479859561458333,101.510304166667,2.9997613125,0.665638275,17.4040014583333,"DAFO",30.9591420104167,27.80167375,2.43578739040305,144.955686022917,421.281735416667,0.396420286236383,3.86462764854167,20.4491670833333,2.03936710416667,2.9997613125,36.1083533333333,227.22279375,74.5852283125,56.0641726895833,36.5228175,4.45833333333333,3.25,34.214383974375,-7.35525796493321,406.975454166667,35.6938891666667,16.23331,24.46855,0,0,0,0,0,290.323245789994,65.1735259847917,70.7206006639583,60.5233854033514,0.72298660384222,83,83,66.887200779744,127.410586183095,0.9215635242477,1.9549438864613,0.511523633453299,1.20524289690684,2.35618223300895,5.7000003,4.3,0,0.41336528228059,0.173335155462146,0.988010438134781,"False",NA
2019-03-25,11.0525534050788,0.683746666666667,4.88480788203981,6.22258236356125,22.099029375,-1.33777448152144,178.73791755,0,1.696310625,142.1996230625,4.90763381458333,-12.2234581819634,0.000469513,101.56263125,1.71149134791667,0.0387090833333333,18.49714,"DAFO",-12.2234581819634,1.696310625,2.69314658332493,178.73791755,432.217302083333,2.62477191665826,4.90763381458333,22.099029375,0.0683746666666667,1.71149134791667,35.6011910416667,220.962737708333,142.1996230625,24.8767172985417,35.731350625,0.270833333333333,3.91666666666667,11.0525534050788,20.8943917972221,420.555725,35.4710314583333,19.34703,27.82671,0,0,0,0,0,291.897475950856,-1.17090477688459,137.291989247917,-23.8961748442447,0.72138406496352,84,84,21.6071217090458,-2.28905313519886,-0.00852857317676569,1.9549438864613,0.511523633453299,0.389958828999105,0.762347628723409,4.6,3.7,0,0.165727745374654,0.196539170001994,0.904080182009171,"False",NA
2019-03-26,12.0312600127768,0,4.38532937499852,8.26623142779862,19.219633125,-3.8809020528001,335.24367098125,0,0,230.857201179167,-2.20551742708333,-7.2425386967632,0,102.015770833333,2.77922208125,0,18.3829766666667,"DAFO",-7.2425386967632,0,2.27328742944096,335.24367098125,413.466504166667,2.27328742944096,-2.20551742708333,19.219633125,0,2.77922208125,34.5001936458333,133.873438958333,230.857201179167,43.700750913125,34.2839302083333,0,3.41666666666667,12.0312600127768,18.8604797663156,352.780854166667,34.7164570833333,13.62826,24.75623,0,0,0,0,0,293.457722448558,4.78872131601363,233.06271860625,-10.062134737131,0.71978152608482,85,85,16.71515533084,6.65302059370904,0.0205469212092389,1.38931045568702,0.71978152608482,0.42331461284529,0.588115417671065,6.2000003,4.5,0,0.0948573208409465,0.228081518414004,1.41410548259128,"False",NA
2019-03-27,14.4195368100511,0,3.95078362292379,8.03267117322149,16.6794160416667,-4.0818875502977,326.968877458333,0,0,244.584722422917,-4.25568609375,-2.30966537478705,0,102.074935416667,2.5994586875,0,17.4045952083333,"DAFO",-2.30966537478705,0,1.93414390374142,326.968877458333,398.018970833333,1.93414390374142,-4.25568609375,16.6794160416667,0,2.5994586875,33.1363548958333,170.160704375,244.584722422917,41.858431813875,32.5984935416667,0,3.04166666666667,14.4195368100511,16.3701011162635,357.493264583333,33.67421625,12.05758,21.75806,0,0,0,0,0,295.003488422183,12.1098714352641,248.840408516667,-4.5152662042113,0.716658768327116,86,86,28.1893853324131,23.6741191282018,0.0486652128062753,1.9549438864613,0.511523633453299,0.506108997994933,0.989414691513252,5.8,4.3,0,0.170588739916078,0.21243296887536,1.23211121947709,"False",NA
2019-03-28,16.8078136073254,0,4.12971192349639,7.1823846113949,17.3132914583333,-3.05267268789851,229.0515967125,0,0,170.1714748625,-0.968754134583333,2.6232079471891,0,101.781216666667,3.196638275,0,16.9397920833333,"DAFO",2.6232079471891,0,2.02298503123145,229.0515967125,402.537397916667,2.02298503123145,-0.968754134583333,17.3132914583333,0,3.196638275,32.1480239583333,206.523908333333,170.1714748625,31.3101960670833,31.3760758333333,0,2.66666666666667,16.8078136073254,16.9907127563351,374.967452083333,32.9199720833333,12.19904,21.93583,0,0,0,0,0,296.534293933275,19.4310215545145,171.140228997083,4.93394276322312,0.71405925220115,87,87,31.6135022396255,36.5474450028487,0.113538597373535,1.8808812959377,0.531665662346573,0.590293618427953,1.11027222601253,5.7000003,4.1,0,0.194784590803008,0.214379138813825,1.22196115555254,"False",NA
2019-03-29,19.1960904045997,0,4.80033677878066,9.38857993364462,20.4593345833333,-4.58824315486397,199.0723309625,0,0,143.730408027083,3.08869144375,7.55608126916525,0,101.261127083333,3.7812818125,0,17.84084875,"DAFO",7.55608126916525,0,2.42710823053975,199.0723309625,421.07268125,2.42710823053975,3.08869144375,20.4593345833333,0,3.7812818125,31.7039220833333,234.0457375,143.730408027083,29.23931536375,30.7360945833333,0,1.5,19.1960904045997,20.0772111519724,394.970072916667,32.6717495833333,16.83729,24.00772,0,0,0,0,0,298.049676210185,26.7521716737649,140.641716583333,13.6933235783423,0.710160042113144,88,88,34.7876456043378,48.4809691826801,0.190215053709997,1.81222555588727,0.551807691239847,0.676212030187242,1.22544872230373,6.3,4.6,0,0.194515670206941,0.290988853000315,1.83322977390198,"False",NA
2019-03-30,21.5843672018739,0,4.51531292578276,5.93579395454393,18.708466875,-1.42048102876116,138.09755984375,0,0,101.021186791667,-2.4814621225,12.4889545911414,0,101.11780625,3.81904812083333,0,18.2454822916667,"DAFO",12.4889545911414,0,2.21854193462975,138.09755984375,412.29576875,2.21854193462975,-2.4814621225,18.708466875,0,3.81904812083333,30.8757428125,179.312614791667,101.021186791667,17.925746251875,30.0322170833333,0,2.4375,21.5843672018739,18.3572752433962,393.14515,31.7192685416667,11.04218,24.89659,0,0,0,0,0,299.549189864904,34.0733217930153,103.502648914167,19.5791980650122,0.706783826551185,89,89,33.8382686452558,53.417466710268,0.329202413179511,1.56772113487385,0.637868545467089,0.75906344770181,1.18999980967234,4.7000003,3.6000001,12.3,0.253191432705301,0.335289896088508,1.57586261220296,"False",NA
2019-03-31,23.9726439991482,0,2.7694804564183,3.71891521038812,9.30389577083333,-0.949434753969819,84.9927273583333,0,0,47.6298865625,-9.37427419354167,17.4218279131175,0,101.942725,3.347465625,0,15.6135616666667,"DAFO",17.4218279131175,0,1.1774544590602,84.9927273583333,359.993270833333,1.1774544590602,-9.37427419354167,9.30389577083333,0,3.347465625,35.4366169791667,72.2058416666667,47.6298865625,12.585220789375,39.2669325,0,2.375,23.9726439991482,9.10209760066482,335.21565625,31.6063014583333,7.039225,11.6963,0,0,0,0,0,301.03240708208,41.3944719122658,57.0041607560417,26.7106121686458,0.703018056545861,90,90,36.7541224555512,63.464734624197,0.726165798483026,1.53316932653975,0.652243677648397,0.835501593578438,1.28096541554954,3,2.2,0.4,0.426988471849846,0.399556361793624,1.19866908538087,"False",NA
2019-04-01,26.3609207964225,0,2.79741301016655,3.3037064713061,9.21692452083333,-0.506293461139553,108.110562262083,0,0,79.5602122291667,-8.72348298729167,22.3547012350937,0,101.898108333333,2.66160939583333,0,14.1396929166667,"DAFO",22.3547012350937,0,1.17891068099898,108.110562262083,359.189429166667,1.17891068099898,-8.72348298729167,9.21692452083333,0,2.66160939583333,34.96873375,83.8949147916667,79.5602122291667,13.903921975,39.2077385416667,0,3.04166666666667,26.3609207964225,9.01403677536156,344.543008333333,30.7297289583333,5.174004,12.55763,0,0,0,0,0,302.498917779976,48.7156220315162,88.2836952164583,37.5811511491097,0.698644325286918,91,91,44.3161256534642,81.8972768025739,0.551807691239847,1.68112965384269,0.594838118353468,0.918662421286813,1.54439063829618,2.2,1.6,0,0.701995744680083,0.432145055942449,0.950719123073387,"False",NA
2019-04-02,28.7491975936968,0,3.57389436448784,9.01130636312372,13.0693994166667,-5.43741199863588,345.283564229167,0,0,260.6542056875,-3.44615927083333,27.2875745570698,0,101.8391,2.3372351625,0,13.9113447916667,"DAFO",27.2875745570698,0,1.57619648573346,345.283564229167,378.770922916667,1.57619648573346,-3.44615927083333,13.0693994166667,0,2.3372351625,34.1013402083333,169.082685,260.6542056875,45.4696447916667,37.9034152083333,0,3.29166666666667,28.7491975936968,12.8100098745759,339.611225,30.2992652083333,6.498618,20.81765,0,0,0,0,0,303.948329743199,56.0367721507666,264.100364958333,49.4512399705011,0.694879219420702,92,92,52.1000305905499,101.551270561051,0.212179836099838,1.81222555588727,0.551807691239847,1.00558167008638,1.82234080106234,4.5,3.5,0,0.404964622458298,0.46744415468207,2.10349869606931,"False",NA
2019-04-03,31.137474390971,0,4.33441270673082,4.69295277628508,16.7783864583333,-0.358540069554263,94.6572702354167,0,0,73.3372695208333,2.82878320479167,32.220447879046,0,101.595610416667,3.1534055,0,15.1163714583333,"DAFO",32.220447879046,0,1.9550193804036,94.6572702354167,400.53736875,1.9550193804036,2.82878320479167,16.7783864583333,0,3.1534055,33.6362901041667,177.829825,73.3372695208333,14.5733629668333,36.95225,0,3.25,31.137474390971,16.4656391435234,393.79073125,30.3203302083333,10.78475,21.25127,0,0,0,0,0,305.380268727092,63.357922270017,70.5084863160417,62.1874457815184,0.693063054459381,93,93,60.0972403528012,122.28468613432,0.898585767194412,1.93006149433326,0.518118206562869,1.09299294643727,2.10954359949644,3.4,2.6000001,1.6,0.620453999851894,0.484432772992692,1.64707142817515,"False",NA
2019-04-04,33.5257511882453,0,5.5966518082735,7.14014691336455,22.4124191666667,-1.54349510509105,121.791022315417,0,0,93.4087868502083,10.09766335,37.1533212010222,0,101.164808333333,3.02893439583333,0,17.5586860416667,"DAFO",37.1533212010222,0,2.73132195485203,121.791022315417,432.97635625,2.73132195485203,10.09766335,22.4124191666667,0,3.02893439583333,34.6253323958333,250.453808333333,93.4087868502083,17.975390545,37.5046272916667,0,3.0625,33.5257511882453,21.9857492218914,422.56951875,31.7460375,19.44487,26.49273,0,0,0,0,0,306.794378533747,70.6790723892675,83.3111235002083,71.7081946366884,0.692080311038386,94,94,64.7067614370298,136.414956073718,0.848374975870908,1.93006149433326,0.518118206562869,1.18322107138389,2.2836894291618,5.4,4.3,1.5,0.422905449844777,0.54241455903916,2.92903861881146,"False",NA
2019-04-05,35.9140279855196,0,5.59742583152099,8.56666980053329,22.120850625,-2.9692439690123,159.094314702083,0,0,122.951592443125,5.94285917854167,42.0861945229983,0,101.08665625,1.79516348333333,0,18.8716033333333,"DAFO",42.0861945229983,0,2.68976464809812,159.094314702083,433.286172916667,2.68976464809812,5.94285917854167,22.120850625,0,1.79516348333333,35.0225605208333,145.305728958333,122.951592443125,22.8546719895417,37.81803875,0,2.64583333333333,35.9140279855196,21.70039419744,419.9981375,32.2270822916667,19.47131,26.64129,0,0,0,0,0,308.190321059657,78.0002225085179,117.008733264583,76.2696772646202,0.690892851910604,95,95,65.084319330209,141.353996594829,0.666618809829704,1.81222555588727,0.551807691239847,1.26715397220894,2.29636881168111,5.2000003,4.3,0,0.441609361384289,0.493845340316167,2.56799591779767,"False",NA
2019-04-06,38.3023047827939,0,5.93104584134161,7.61565513792806,23.2886877083333,-1.68460929658645,176.657743924583,0,0,139.309443375,5.54932425,47.0190678449745,0,100.879789583333,3.3502594375,0,19.6936704166667,"DAFO",47.0190678449745,0,2.87885027439,176.657743924583,439.45625,2.87885027439,5.54932425,23.2886877083333,0,3.3502594375,34.7157579166667,203.40593125,139.309443375,24.0359185178958,37.348534375,0,2.3125,38.3023047827939,22.8406209008152,426.143875,32.0829814583333,20.54996,27.29133,0,0,0,0,0,309.567776315096,85.3213726277683,133.760119125,73.7127864026341,0.685389272945252,96,96,60.0473327223659,133.760119125,0.637868545467089,1.56772113487385,0.637868545467089,1.35294288088949,2.12103714864757,5.7000003,4.3,0.4,0.372111760879657,0.491363578599673,2.80077254542721,"False",NA
2019-04-07,40.6905815800681,0,5.50513437196689,4.95313941691921,21.18496125,0.551994955047677,97.2719218829167,0,0,58.32219603125,5.92352528333333,51.9519411669506,0,100.793914583333,2.62972417083333,0,19.849864375,"DAFO",51.9519411669506,0,2.53014692609394,97.2719218829167,424.8527875,2.53014692609394,5.92352528333333,21.18496125,0,2.62972417083333,38.5116392708333,191.8232112125,58.32219603125,15.2896450733333,42.922605,0,3.6875,40.6905815800681,20.7874997819387,401.192722916667,34.1006735416667,17.35688,23.26292,0,0,0,0,0,310.926442415373,92.6425227470187,52.3986707479167,81.4461561651515,0.678536468076051,97,97,63.7914847333816,145.237640898533,1.76803192570877,1.56772113487385,0.637868545467089,1.43439070906815,2.24872463027283,2.7,2.4,22.2,0.832860974175123,0.445268513625855,1.20222498678981,"False",NA
2019-04-08,43.0788583773424,0,5.71695579337773,8.59138806106526,21.717399375,-2.87443226768753,343.827083002083,0,0,245.421770208333,-0.000655272916666666,56.8848144889268,0,100.939441666667,3.2646499375,0,19.2162495833333,"DAFO",56.8848144889268,0,2.67983570452165,343.827083002083,426.89739375,2.67983570452165,-0.000655272916666746,21.717399375,0,3.2646499375,40.3913584375,145.697231104167,245.421770208333,44.7478532766667,45.8857047916667,0,5.125,43.0788583773424,21.2993846444131,373.239922916667,34.8970120833333,14.88722,27.74206,0,0,0,0,0,312.26603554419,99.9636728662692,245.42242548125,92.1651485484578,0.671160421575111,98,98,69.7966481444466,161.961796692904,0.407312708568705,1.6202065415261,0.61720526017509,1.51935953195905,2.46167625261009,6.8,5.1,0,0.362011213619131,0.449962246210342,3.05974327423032,"False",NA
2019-04-09,45.4671351746167,0,6.31070203444694,9.335304072914,23.92668,-3.02460203846707,344.029397458333,0,0,238.8753985,2.340352375,61.8176878109029,0,100.956554166667,2.54218129166667,0,19.3167927083333,"DAFO",61.8176878109029,0,3.07513020308537,344.029397458333,438.313591666667,3.07513020308537,2.340352375,23.92668,0,2.54218129166667,39.5193001041667,285.099664479167,238.8753985,49.2634516791667,44.8064302083333,0,5.9375,45.4671351746167,23.4531651172887,382.423041666667,34.23217,17.76041,30.97657,0,0,0,0,0,313.586289889355,107.28482298552,236.535046125,96.9128956901863,0.66430761670591,99,99,71.2797887554131,168.192684445599,0.453568402412654,1.56772113487385,0.637868545467089,1.60701404850369,2.51934988787844,6.5,5.1,0,0.387592290442837,0.460932595780327,2.99606187257212,"False",NA
2019-04-10,47.855411971891,0,6.12582133316748,8.86578576900533,22.9343933333333,-2.73996443583785,350.153679520833,0,0,238.611290833333,2.03164985208333,66.750561132879,0,100.381909166667,4.84411810416667,0,19.72482625,"DAFO",66.750561132879,0,2.85300228202085,350.153679520833,434.47150625,2.85300228202085,2.03164985208333,22.9343933333333,0,4.84411810416667,38.9311017708333,254.107041666667,238.611290833333,52.1422359708333,44.127211875,0,1.29166666666667,47.855411971891,22.4909920073916,375.071402083333,33.7349916666667,18.18877,28.18208,0,0,0,0,0,314.886957551216,114.60597310477,236.57964098125,102.339912858246,0.657509398772424,100,100,73.3704497442262,175.710362602473,0.484428721885891,1.53316932653975,0.652243677648397,1.68980705324514,2.59076034180596,8.7,6.2000003,0,0.297788545035168,0.478027027161161,4.1588351363021,"False",NA
2019-04-11,50.2436887691652,0,6.0677928971526,5.42448953589151,22.4836541666667,0.643303361261083,129.893623975,0,0,75.960443875,2.39815824583333,71.6834344548552,0,100.124051041667,3.07800138333333,0,20.175844375,"DAFO",71.6834344548552,0,2.73235801318963,129.893623975,432.500497916667,2.73235801318963,2.39815824583333,22.4836541666667,0,3.07800138333333,38.430735,228.0572075,75.960443875,23.3563147625,43.4590291666667,0,1.97916666666667,50.2436887691652,22.0565274866456,401.9236375,33.4024408333333,20.18622,24.85665,0,0,0,0,0,316.167808424196,121.92712322402,73.5622856291667,112.379635215221,0.649333157309024,101,101,78.7680927774445,191.147727992666,1.65746784756886,1.56772113487385,0.637868545467089,1.77336744626745,2.78014562541075,6.1,4.6,1.1,0.455761577936188,0.42584590248605,2.5976600051649,"False",NA
2019-04-12,52.6319655664395,0,5.6859417317282,4.82165513245112,20.6051433333333,0.86428659927708,177.57556390625,0,0,131.428524,0.447256185416667,76.6163077768313,0,100.441927083333,3.79921610416667,0,19.829918125,"DAFO",76.6163077768313,0,2.46571115875774,177.57556390625,422.99468125,2.46571115875774,0.447256185416667,20.6051433333333,0,3.79921610416667,37.7069939583333,149.564546875,131.428524,26.7188836325,42.504479375,0,1.5625,52.6319655664395,20.2175960769208,403.566522916667,32.9095085416667,16.49546,25.94382,0,0,0,0,0,317.428630051893,129.248273343271,130.981267814583,122.090521581126,0.641155587567411,102,102,83.8707099611716,205.961231542298,0.986769142639803,1.59353178355648,0.62753690282109,1.8543028094856,2.95489046325338,5.7000003,4.3,1.7,0.518401808374181,0.455193817433587,2.59460489592959,"False",NA
2019-04-13,55.0202423637138,0,6.29799203386972,6.7820658905428,22.8043820833333,-0.484073856673073,272.4764525425,0,0,204.095175979167,1.15702025416667,81.5491810988075,0,100.028161458333,4.78689691666667,0,20.5909733333333,"DAFO",81.5491810988075,0,2.84135435017424,272.4764525425,435.030308333333,2.84135435017424,1.15702025416667,22.8043820833333,0,4.78689691666667,37.6568064583333,190.875070347917,204.095175979167,33.9803975872917,42.450345625,0,2.9375,55.0202423637138,22.3623649347321,400.629427083333,32.8632672916667,12.08224,27.92513,0,0,0,0,0,318.669227456269,136.569423462521,202.938155725,132.126516672385,0.632978681964904,103,103,89.1441565940406,221.270673266425,0.672960799188426,1.6202065415261,0.61720526017509,1.94255838056711,3.14734579549118,6.4,4.7000003,4.8,0.491772780545496,0.474449120472282,3.0364743710226,"False",NA
2019-04-14,57.4085191609881,0,4.55392451891216,7.656009014175,15.183578875,-3.10208449526284,364.334611270833,0,0,237.68758375,-11.2185197916667,86.4820544207836,0,101.192060416667,3.53760067083333,0,17.9447247916667,"DAFO",86.4820544207836,0,1.80093381123277,364.334611270833,389.186291666667,1.80093381123277,-11.2185197916667,15.183578875,0,3.53760067083333,36.3725460416667,60.6807271458333,237.68758375,55.2975899729167,41.32946,0,3.04166666666667,57.4085191609881,14.8924095388574,317.836904166667,31.4156320833333,8.186696,21.37871,0,0,0,0,0,319.889422941484,143.890573581772,248.906103541667,144.703870560776,0.626181792309632,104,104,96.0573263597334,240.761196920509,0.57809178454993,1.67322424900674,0.59764852236251,2.01208563210326,3.36667047071323,7.2000003,5.1,0,0.467593101449347,0.534953837699552,3.85166779192293,"False",NA
2019-04-15,59.7967959582624,0,5.37756205575417,9.86758173992559,18.578834375,-4.49001968417142,362.885709916667,0,0,243.219322916667,-1.77490097916667,91.4149277427598,0,101.464745833333,3.7962044375,0,17.5174202083333,"DAFO",91.4149277427598,0,2.19043699350426,362.885709916667,407.196089583333,2.19043699350426,-1.77490097916667,18.578834375,0,3.7962044375,35.2808744791667,245.22053125,243.219322916667,54.88814998125,39.7206227083333,0,2.91666666666667,59.7967959582624,18.231715051021,342.417872916667,30.84112625,13.33265,23.45576,0,0,0,0,0,321.089055873017,151.211723701022,244.994223895833,152.957673820385,0.624823528551556,105,105,100.053449010273,253.011122830658,0.61720526017509,1.67322424900674,0.59764852236251,2.10262862583073,3.51816920339571,6.2000003,4.6,0,0.56744661825189,0.64207321022352,3.98085409600779,"False",NA
2019-04-16,62.1850727555366,0,6.10704130769932,8.90591537024107,21.3400116666667,-2.79887406254175,250.745491583333,0,0,172.182907348958,3.633361109375,96.3478010647359,0,101.330352083333,4.38805789583333,0,18.735615625,"DAFO",96.3478010647359,0,2.56011995190037,250.745491583333,427.15961875,2.56011995190037,3.633361109375,21.3400116666667,0,4.38805789583333,34.422041875,227.36068125,172.182907348958,40.9788640116667,38.063595625,0,1.33333333333333,62.1850727555366,20.9383003022992,389.5759,30.780488125,17.96206,24.8419,0,0,0,0,0,322.26798243273,158.532873820273,168.549546239583,156.103337546741,0.617056718501731,106,106,100.752661663797,256.855999210537,0.940571347459621,1.6202065415261,0.61720526017509,2.19242418087469,3.55217999965317,6.8,5,0,0.522379411713702,0.69630802199312,4.73489454955322,"False",NA
2019-04-17,64.5733495528109,1.75458770787037,6.4100497928576,5.15223763501764,22.2912520653935,1.25781215783996,87.801346653125,0,0,95.1410181485923,6.8725309740991,101.280674386712,0,100.8962875,4.2484985625,0,19.64850625,"DAFO",101.280674386712,0,2.79594234073275,87.801346653125,435.954715625,2.79594234073275,6.8725309740991,22.889624375,0,4.2484985625,33.90132734375,229.979590625,95.1410181485923,14.4001642928125,37.024794375,0,2.15625,64.5733495528109,22.4531308060667,426.039309375,30.7778603125,21.52242,25.0357,0,0,0,0,0,323.42607535063,165.854023939523,88.2684871744932,157.004090522545,0.616281591177667,107,107,100.100834437804,257.104924960349,1.8789720912703,1.55018804400006,0.645083029681758,2.28003027455136,3.5344756715677,4.9,3.8,16.7,0.721321565626061,0.708644511975515,3.47235810868002,"False",NA
2019-04-18,99.0295594135789,7.42665708576389,5.80225947533488,8.31763329531976,19.6808406364689,-2.51537381998488,321.487593458333,0,46.1985025,-703.371200675676,1.10793752798423,70.2345384350511,0.392385089541667,100.660458333333,3.61689058333333,1.157329125,18.7358245833333,"DAFO",70.2345384350511,46.1985025,2.37598301631342,344.08353725,401.983108333333,1.42605858026605,1.10793752798423,20.5203164285714,0.9519946875,3.86449628571429,40.8293645833333,47.4581105583333,-703.371200675676,1502.34957041667,48.2582825,3.5,4.16666666666667,99.0295594135789,11.2655815811135,346.330658333333,33.4004466666667,16.47211,22.84456,0,0,0,0,0,324.563223614071,169.26409784863,-704.47913820366,104.366463127945,0.620054494277383,108,108,147.155019331001,251.521482458946,-0.240268431908763,1.48597065565479,0.672960799188426,3.48867447575044,5.18406789809703,4.3,3.4,7.4,1.20559718560396,0.723988612369687,3.11315103318966,"False",NA
2019-04-19,120.390964979167,13.6107323333333,5.84994156061225,10.0799656180447,17.8778822916667,-4.23002405743244,396.24887829375,0,43.239051875,-2110.462625,-7.01984266583333,66.055144375,0.176842433604167,101.275575,4.11026925,0.843146902083333,18.29242875,"DAFO",66.055144375,43.239051875,2.08154248651204,396.24887829375,403.676077083333,0.720469253178711,-7.01984266583333,17.8778822916667,1.36107323333333,4.11026925,39.159895625,85.5406772916667,-2110.462625,2427.930375,45.9750714583333,3.64583333333333,3.6875,120.390964979167,1.75353301643459,324.894920833333,32.3447197916667,13.78855,22.20871,0,0,0,0,0,325.679332155241,186.446109354167,-2103.44278233417,98.1560061962908,0.624458465488176,109,109,178.897441165006,277.053447361296,-0.0886385457783974,1.48597065565479,0.672960799188426,4.2304458781924,6.28631843532969,7,5,0,0.898045490761384,0.753175630627916,5.27222941439541,"False",NA
2019-04-20,73.01409335625,14.0787630208333,6.88045302304493,7.99514646837922,18.2981064583333,-1.11469344533429,392.497473416667,0,43.2148002083333,-2203.219375,-3.33425602083333,51.52141420625,0.107386824145833,101.478260416667,2.32026476875,0.875465191666667,17.411838125,"DAFO",51.52141420625,43.2148002083333,2.17272613068759,392.497473416667,403.822677083333,0.764849828604253,-3.33425602083333,18.2981064583333,1.40787630208333,2.32026476875,38.1038566666667,211.770790883333,-2203.219375,2520.6443125,44.5675079166667,5.875,5.4375,73.01409335625,2.61892477674661,328.75025,31.6402054166667,10.50136,25.34484,0,0,0,0,0,326.774321517771,124.5355075625,-2199.88511897917,66.1473717781381,0.629493504810045,110,110,93.7414170920345,159.888788870173,-0.0566100049898466,1.28388113558641,0.778888303817356,2.56669475195632,3.29533097284536,5.7000003,4.5,0,0.578128210422262,0.744658601557622,4.24455425227602,"False",NA
2019-04-21,98.2804187625,10.2347949583333,8.44630256561452,10.9988804193125,20.2292491666667,-2.55257785369799,378.76007661875,0,65.8129227083333,-2392.81216666667,1.73865642916667,76.5245239,0.144857059833333,101.33305625,4.04192916666667,1.53079508333333,18.0020760416667,"DAFO",76.5245239,65.8129227083333,2.42537161410097,378.76007661875,418.529191666667,1.40189211826764,1.73865642916667,20.2292491666667,1.02347949583333,4.04192916666667,37.7250315625,230.044666666667,-2392.81216666667,2705.2995625,43.8557027083333,3.25,3.125,98.2804187625,11.6620765381276,352.256547916667,31.5943604166667,15.15525,25.2512,0,0,0,0,0,327.848127503385,174.8049426625,-2394.55082309583,81.3596162658838,0.634727415000454,111,111,104.490126164213,185.849742430097,-0.0730011411645465,1.06318356677661,0.940571347459621,3.46131341936736,3.68001154693473,6.4,4.9,0,0.575001804208552,0.756740077256701,4.84313649444289,"False",NA
2019-04-22,91.2383983825,9.18127547916667,9.84872445090978,14.6944681356983,21.4975585416667,-4.84574368478849,258.212968565625,0,70.7025520833333,-2731.1650625,3.06612746458333,47.9300884583333,0.134421025708333,101.397614583333,3.32473689583333,1.79922214583333,19.0557133333333,"DAFO",47.9300884583333,70.7025520833333,2.58281309322143,258.212968565625,427.178408333333,1.66468554530476,3.06612746458333,21.4975585416667,0.918127547916667,3.32473689583333,37.41078875,210.071979166667,-2731.1650625,2946.695375,43.2146327083333,3.29166666666667,2.35416666666667,91.2383983825,14.3437351771075,384.495670833333,31.6069447916667,18.28917,24.28259,0,0,0,0,0,328.900700799514,139.168486840833,-2734.23118996458,74.7342094105296,0.64134067699899,112,112,142.261985953284,216.996195363814,-0.0508985806875519,1.5592337050556,0.64134067699899,3.21722929226175,5.01641234938668,6.5,5,0,0.771755746059489,0.701977871596887,4.56285616537977,"False",NA
2019-04-23,51.76646449375,7.72027245833333,10.2265175808733,11.1165505323803,21.8210766666667,-0.890032951506986,113.519135439583,0,76.4334285416667,-3019.555625,2.46376242708333,-0.525393479166666,0.0762628020416667,101.22328125,3.15020491666667,1.99771741666667,19.6927072916667,"DAFO",-0.525393479166666,76.4334285416667,2.62324410680228,113.519135439583,429.010416666667,1.85121686096894,2.46376242708333,21.8210766666667,0.772027245833333,3.15020491666667,36.9677109375,206.676570833333,-3019.555625,3109.13785416667,42.467104375,3.79166666666667,3.16666666666667,51.76646449375,15.9810090564301,405.073622916667,31.4683175,20.0945,24.58656,0,0,0,0,0,329.932006588842,51.2410710145833,-3022.01938742708,-0.745659304101105,0.647953938997527,113,113,73.4690235429043,72.7233642388032,-0.0169559041307837,1.4192397387265,0.704602593003288,1.82594743884958,2.5914571660412,5.6,4.1,0.6,0.462760208221643,0.655009362175787,3.66805242818441,"False",NA
2019-04-24,76.2758996191667,5.52684965208333,10.4893557844007,10.8814372772827,22.396863125,-0.392081492882015,158.970203941667,0,77.80839375,-3054.17995833333,3.82986305416667,18.7270485625,0.123674917479167,100.766214583333,3.33203397083333,2.23133652083333,20.171449375,"DAFO",18.7270485625,77.80839375,2.72125994589896,158.970203941667,433.337614583333,2.16857498069063,3.82986305416667,22.396863125,0.552684965208333,3.33203397083333,36.587315,187.7408288125,-3054.17995833333,3200.7858125,41.7389216666667,3.70833333333333,3.41666666666667,76.2758996191667,18.2899878898749,420.973260416667,31.4357083333333,20.19021,25.67017,0,0,0,0,0,330.942024141794,95.0029481816667,-3058.0098213875,27.4709706174259,0.655120950634111,114,114,111.890188689516,139.361159306942,-0.0310669205563772,1.46691404818777,0.681703199471981,2.69195750966088,3.94887028804611,4.9,4,2.7,0.805891895519614,0.668364390351922,3.27498551272442,"False",NA
2019-04-25,114.124323275,13.07928675,10.5914383496026,11.3321737395511,22.5318391666667,-0.740735389948478,388.680348825,0,61.52004875,-2810.20475,-0.194706708208333,47.5786331041667,0.166398457583333,100.800697916667,2.773071,1.60233466666667,20.303155,"DAFO",47.5786331041667,61.52004875,2.79288013151971,388.680348825,432.14731875,1.48495145651971,-0.194706708208333,22.5318391666667,1.307928675,2.773071,35.8433102083333,39.0531099583333,-2810.20475,3146.04660416667,40.38037,3.95833333333333,4.04166666666667,114.124323275,12.4176614086314,379.308916666667,31.3062504166667,16.88222,27.93771,0,0,0,0,0,331.930746392977,161.702956379167,-2810.01004329179,64.0988692364657,0.661725209642095,115,115,153.750530375446,217.849399611911,-0.0575453304037801,1.34721964576263,0.742269460770758,4.02824256651238,5.42692752350276,6.6,5.1,0,0.822261745985267,0.695806192416911,4.59232086995161,"False",NA
2019-04-26,74.6298099419583,14.39273425,10.6708693590685,11.1153993267399,23.1178854166667,-0.444529967671378,363.858604916667,0,57.0337054166667,-2669.69483333333,-0.191977427083333,41.383888225,0.110234898895833,101.430202083333,2.35527175,1.56621191666667,19.9830075,"DAFO",41.383888225,57.0337054166667,2.89231819398009,363.858604916667,432.678879166667,1.45304476898009,-0.191977427083333,23.1178854166667,1.439273425,2.35527175,34.2215127083333,149.480696875,-2669.69483333333,2973.49495833333,37.7158883333333,4.52083333333333,4.625,74.6298099419583,12.2791252987378,372.62040625,30.7271370833333,17.45818,29.52848,0,0,0,0,0,332.898179502638,116.013698166958,-2669.50285590625,57.2046272053615,0.665641118250947,116,116,103.160206525923,160.364833731284,-0.0434589151722685,1.38229223156475,0.723436026887023,2.635695864892,3.64330191880755,6.4,5.1,0,0.56926592481368,0.667182354065836,4.26996706602135,"False",NA
2019-04-27,97.9317110114583,10.7404429166667,9.52436216899589,11.9736281853536,21.876844375,-2.44926601635767,361.422271020833,0,66.5085554166667,-2047.44114708333,-0.148059541666667,65.1989952791667,0.1444616848125,101.147783333333,3.19383927083333,1.70840877083333,20.0017691666667,"DAFO",65.1989952791667,66.5085554166667,2.65854736900873,361.422271020833,427.753089583333,1.58450307734206,-0.148059541666667,21.876844375,1.07404429166667,3.19383927083333,5208.95435333333,250.6530875,-2047.44114708333,2351.02369095833,35.7867491666667,4.39583333333333,4.1875,97.9317110114583,13.5617379843704,369.91343125,10382.1219575,17.94076,26.1566,0,0,0,0,0,333.844342404197,163.130706290625,-2047.29308754167,92.5330050252347,0.673624729067058,117,117,138.988575948941,231.521580974176,-0.079681168897272,1.4192397387265,0.704602593003288,3.45451000426632,4.902777875883,7.3,5.5,0,0.671613407655206,0.667037733969703,4.86937545797883,"False",NA
2019-04-28,104.989636054583,9.94047391666667,8.94785358121621,12.7141404057692,22.0581922916667,-3.76628682455302,330.733547395833,0,69.6783916666667,230.305909583333,0.935918291666667,56.6250545666667,0.1548524069375,101.075514583333,3.20316141666667,1.820049125,20.189910625,"DAFO",56.6250545666667,69.6783916666667,2.68532696655615,330.733547395833,430.049279166667,1.69127957488948,0.935918291666667,22.0581922916667,0.994047391666667,3.20316141666667,32.0777055208333,216.48170625,230.305909583333,44.9924283208333,34.3252808333333,3.58333333333333,3.14583333333333,104.989636054583,14.5827769230324,374.614052083333,29.8301302083333,17.73555,25.73818,0,0,0,0,0,334.769266338951,161.61469062125,229.369991291667,79.7408576233804,0.678116177815451,118,118,147.849104687439,227.58996231082,0.704602593003288,1.40822570916022,0.710113438133677,3.70412357406987,5.21624204691164,6.8,5.2000003,0,0.767094418663476,0.612331709154828,4.16385562225283,"False",NA
2019-04-29,79.7959444666667,8.34807941666667,9.07342553968861,13.2084651044235,24.3152991666667,-4.13503956473491,237.9235203,0,77.713995,176.743716541667,4.823153015,33.4659771041667,0.1178470036875,101.08958125,4.019580875,2.3652299375,20.9128214583333,"DAFO",33.4659771041667,77.713995,3.05977960651945,237.9235203,444.6532625,2.22497166485278,4.823153015,24.3152991666667,0.834807941666667,4.019580875,31.4656514583333,227.4570875,176.743716541667,32.7750902333333,33.2299639583333,3.70833333333333,3.25,79.7959444666667,18.8139038982533,416.2485625,29.7013389583333,20.87712,27.03899,0,0,0,0,0,335.67299437905,113.261921570833,171.920563526667,46.7647310003561,0.679378314037605,119,119,111.505361588215,158.270092588571,0.658803805940674,1.39738131221436,0.715624283264065,2.82140831639284,3.94258325545354,6.9,5.2000003,0,0.571388877601962,0.602621467339239,4.15808812464075,"False",NA
2019-04-30,75.6465735416667,8.93171702083333,8.64365086942366,9.77340469753777,25.0314270833333,-1.12975382811411,160.909928952083,0,76.454795625,124.35454625,3.52866120208333,14.038791,0.111690203125,101.086022916667,5.227456875,2.431560625,21.7701964583333,"DAFO",14.038791,76.454795625,3.17753222036931,160.909928952083,448.696610416667,2.28436051828598,3.52866120208333,25.0314270833333,0.893171702083333,5.227456875,30.9338208333333,234.1052625,124.35454625,20.82610393125,32.2329552083333,4.125,4.29166666666667,75.6465735416667,19.2595688996904,432.967325,29.6346864583333,24.23366,27.32356,0,0,0,0,0,336.555580939852,89.6853645416667,120.825885047917,19.6175441894831,0.679607869970909,120,120,105.707108200174,125.324652389657,0.742269460770758,1.39738131221436,0.715624283264065,2.67654769278241,3.7401577271446,8.1,5.9,0,0.461747867548716,0.601449006966377,4.87173695642765,"False",NA
2019-05-01,61.9767504166667,8.55725725,8.52344494136612,9.13507476478848,24.8523439583333,-0.611629823422358,115.19052790625,0,77.3491575,84.1085295416667,3.014353395,5.62867033333333,0.09147481875,101.067952083333,4.6558958125,2.43772508333333,22.0172870833333,"DAFO",5.62867033333333,77.3491575,3.14329504040658,115.19052790625,447.37184375,2.28756931540658,3.014353395,24.8523439583333,0.855725725,4.6558958125,30.2790955208333,233.404685416667,84.1085295416667,18.4887096483333,31.1311177083333,3.83333333333333,4.10416666666667,61.9767504166667,19.2769276855846,434.77855625,29.4270733333333,23.61798,26.57155,0,0,0,0,0,337.41709128278,67.60542075,81.0941761466667,7.92643827178743,0.679206357793137,121,121,87.2772533069565,95.2036915787439,0.833665547421421,1.40822570916022,0.710113438133677,2.19249865214739,3.08753296925308,7.3,5.7000003,0,0.422949721815491,0.689620505067826,5.03422968699513,"False",NA
2019-05-02,105.293753697917,9.1658136875,8.64045724453398,12.2901880535929,24.7556308333333,-3.64973080905896,233.05675350625,0,75.6665254166667,174.81558781875,2.437833120625,41.876447625,0.155516934333333,101.183560416667,3.5313886875,2.356750125,22.2911083333333,"DAFO",41.876447625,75.6665254166667,3.13194710102381,233.05675350625,447.11705,2.21536573227381,2.437833120625,24.7556308333333,0.91658136875,3.5313886875,29.5391983333333,193.560875833333,174.81558781875,34.31383775625,29.86070125,3.3125,3.29166666666667,105.293753697917,18.7629389296234,423.189716666667,29.2176954166667,22.73907,27.50352,0,0,0,0,0,338.257601009809,147.170201322917,172.377754698125,58.5173653330984,0.678804845615365,122,122,147.13552371037,205.652889043469,0.853765624112271,1.39738131221436,0.715624283264065,3.72453912336778,5.2046013676054,6.9,5.4,0.5,0.754290053276144,0.720634484131408,4.97237794050672,"False",NA
2019-05-03,54.4007784375,8.01687633333333,8.28698072043073,9.11020555960097,23.6283195833333,-0.823224839170239,132.524324945833,0,78.422494375,90.1674340416667,1.25591752854167,-1.48657745625,0.0802422993958333,100.898420833333,2.98809366666667,2.288029625,22.1986145833333,"DAFO",-1.48657745625,78.422494375,2.92433823524306,132.524324945833,439.443452083333,2.12265060190973,1.25591752854167,23.6283195833333,0.801687633333333,2.98809366666667,28.6863322916667,206.689514583333,90.1674340416667,19.5375268958333,28.470826875,3.54166666666667,3.04166666666667,54.4007784375,18.1013201836806,416.624091666667,28.9018377083333,22.48466,26.50647,0,0,0,0,0,339.077195550697,52.91420098125,88.911516513125,-2.0393495236982,0.674506892042231,123,123,74.6292775589283,72.5899280352301,0.595133263455684,1.37184208944121,0.728946872017411,1.92221545684522,2.63697606867474,4.7000003,3.9,24.4,0.561058702203644,0.753477811553344,3.54134594034406,"False",NA
2019-05-04,119.732495677083,9.78879429166667,7.97449349353445,12.1355962677947,22.8878729166667,-4.16110277426029,366.544115102083,0,65.3701810416667,277.157215666667,6.983360875,36.1940106541667,0.1634057676875,100.71679375,2.12478613333333,2.00249658333333,21.7625279166667,"DAFO",36.1940106541667,65.3701810416667,2.8438182325358,366.544115102083,435.561520833333,1.86493880336914,6.983360875,22.8878729166667,0.978879429166667,2.12478613333333,36.4257290625,59.0531843333333,277.157215666667,46.6277152895833,41.7808689583333,3.4375,3.29166666666667,119.732495677083,16.0511765814484,392.802352083333,31.0705891666667,17.97501,27.68413,0,0,0,0,0,339.875969644087,155.92650633125,270.173854791667,49.6524672010694,0.668976415081767,124,124,164.254077043661,213.90654424473,0.577133958618928,1.37184208944121,0.728946872017411,4.2276458560959,5.79966252464407,4.5,3.9,0,1.28881389436535,0.791931885801456,3.56369348610655,"False",NA
2019-05-05,131.572929185417,10.7756890208333,8.07722660222601,12.1930539883919,23.4982510416667,-4.11582738616591,361.875977125,0,70.7467775,260.777196958333,0.00952312499999998,55.0387505,0.194453062979167,100.881989583333,2.497542875,1.9986451875,21.764299375,"DAFO",55.0387505,70.7467775,2.95365253264117,361.875977125,437.938525,1.87608363055784,0.00952312499999989,23.4982510416667,1.07756890208333,2.497542875,34.98505125,177.172037708333,260.777196958333,49.0864677229167,39.712845625,3.95833333333333,3.89583333333333,131.572929185417,16.1639021101759,385.926216666667,30.257256875,19.06454,28.47963,0,0,0,0,0,340.654026813598,186.611679685417,260.767673833333,76.9101213963288,0.660555581985074,125,125,183.857552437005,260.767673833333,0.715624283264065,1.39738131221436,0.715624283264065,4.64845846952332,6.49566899591645,6.6,5.4,0,0.984192272108553,0.816193845969096,5.38687938339603,"False",NA
2019-05-06,92.5834468095833,7.9502794375,7.72747905424222,11.3338411758591,22.723044375,-3.6063621216169,220.252362625,0.00208333333333333,77.9500295833333,149.629049125,-0.833262344791667,25.8636765416667,0.136666673895833,101.065025,2.54887105,2.13897672916667,21.559674375,"DAFO",25.8636765416667,77.9500295833333,2.80205978451497,220.252362625,433.583129166667,2.00703184076497,-0.833262344791667,22.723044375,0.79502794375,2.54887105,33.1377830208333,176.946099375,149.629049125,34.2579766479167,36.5961860416667,4.08333333333333,3.91666666666667,92.5834468095833,17.1899560540479,397.2178,29.67938,17.38106,27.3442,0.1,0,0,0,0,341.411478840003,118.44712335125,150.462311469792,36.1414182644819,0.651318149708855,126,126,129.374378392104,165.515796656586,0.787221213034672,1.39738131221436,0.715624283264065,3.26851773880989,4.56736560685407,5.7000003,4.8,0,0.801292169555512,0.841700246608807,4.79769165818028,"False",NA
2019-05-07,61.2720199791667,5.0966573125,7.70361201086594,5.5334752614989,22.9210210416667,2.17013674936705,42.20779376875,0,84.8899947916667,27.1325913791667,3.6039212625,-15.4716434833333,0.0903221585625,101.02195625,3.06812508333333,2.461680375,21.9935347916667,"DAFO",-15.4716434833333,84.8899947916667,2.81145926526043,42.20779376875,434.968114583333,2.30179353401043,3.6039212625,22.9210210416667,0.50966573125,3.06812508333333,33.1686213541667,168.341013333333,27.1325913791667,6.75112857583333,36.32698,3.72916666666667,3.5,61.2720199791667,19.292484488744,426.644047916667,30.0102627083333,19.59233,26.27646,0,0,0,0,0,342.148445230592,45.8003764958333,23.5286701166667,-20.9077562201208,0.639535157641359,127,127,82.8005414045893,61.8927851844685,1.94657735727233,1.35135974679377,0.739995402684295,2.16352866516763,2.92370554914199,4,3.2,16,0.730926387285497,0.943800593154388,3.77520237261755,"False",NA
2019-05-08,75.5390790645833,7.49660585416667,8.18535199547737,10.0239245905335,24.94633875,-1.83857259505609,141.7576493125,0,80.7973572916667,106.99732445,4.68469278354167,-8.24708739791667,0.1115455358125,100.437304166667,4.01855583333333,2.56677902083333,22.1483404166667,"DAFO",-8.24708739791667,80.7973572916667,3.17483878337453,141.7576493125,447.124779166667,2.42517819795786,4.68469278354167,24.94633875,0.749660585416667,4.01855583333333,35.2398801041667,236.204354166667,106.99732445,21.7891705752083,40.043980625,3.95833333333333,3.89583333333333,75.5390790645833,20.1361714706782,434.153629166667,30.4357795833333,21.2478,27.70497,0,0,0,0,0,342.865052686798,67.2919916666667,102.312631666458,-11.5243258100473,0.63029772536514,128,128,105.556897426732,94.0325716166844,0.657709518078278,1.39738131221436,0.715624283264065,2.67252442707467,3.73453569083053,6.3,5.2000003,0,0.592783442988973,0.886298376285894,5.58367977060113,"False",NA
2019-05-09,111.214795662939,7.65527039583333,8.27595912413311,12.1751928704956,25.9682439583333,-3.89923374636245,193.176523027083,0,79.4330595833333,145.650593270833,32.2793726395833,10.2844755164352,0.1326847939375,100.5362125,2.52292170833333,2.7085684375,23.1292716666667,"DAFO",10.2844755164352,79.4330595833333,3.3873419328965,193.176523027083,454.282775,2.62181489331317,32.2793726395833,25.9682439583333,0.765527039583333,2.52292170833333,36.1842703125,194.709105,145.650593270833,29.7306842952083,40.373325,2.95833333333333,3,111.214795662939,21.4283672933983,436.487525,31.995215625,20.07583,30.16239,0,0,0,0,0,343.561434571141,121.499271179374,113.37122063125,14.3713338925927,0.621876892268447,129,129,155.409477101129,169.780810993722,1.07169412574785,1.39738131221436,0.715624283264065,3.93859973125578,5.50372566074932,5.9,5.1,97.5,0.932834857754122,0.857108650958729,5.0569410406565,"False",NA
2019-05-10,85.4927169495614,4.30196745833333,6.59660799460855,9.51275139859192,20.8638616666667,-2.91614340398337,133.703852464021,0,58.3329977083333,101.635313770833,-17.9469025,11.7231844606481,0.0975667533958333,100.901679166667,2.75244925,2.004257875,22.0317377083333,"DAFO",11.7231844606481,58.3329977083333,2.47639640839562,133.703852464021,426.063154166667,2.04619966256229,-17.9469025,20.8638616666667,0.430196745833333,2.75244925,60.97334375,94.16802125,101.635313770833,18.64636289375,65.0524410416667,2.60416666666667,3.375,85.4927169495614,17.1536894472261,412.640975,56.8942464583333,18.24784,23.71607,0,0,0,0,0,344.237730374534,97.2159014102096,119.582216270833,16.3817588849515,0.614009808809802,130,130,119.465924995749,135.8476838807,0.812962867237986,1.39738131221436,0.715624283264065,3.01278662142944,4.21001172247494,3.3,3.1000001,7.4,1.27576112802271,0.87627380115689,2.89170354381774,"False",NA
2019-05-11,112.38929535875,2.42341033333333,6.31737850954789,4.04405362881143,19.8713970833333,2.27332488073645,46.5782749489583,0.00208333333333333,67.8146422916667,28.7149378333333,-0.779171187500001,-5.02632460416667,0.173096027416667,100.718060416667,2.05224240416667,2.14803925,21.6881333333333,"DAFO",-5.02632460416667,67.8146422916667,2.32058745989857,46.5782749489583,419.069885416667,2.07824642656524,-0.7791711875,19.8713970833333,0.242341033333333,2.05224240416667,53.3384945833333,60.82804,28.7149378333333,6.92677672408333,55.4976495833333,3.66666666666667,3.5,112.38929535875,17.1488704937512,408.133322916667,51.1793395833333,18.70039,20.90196,0.1,0,0,0,0,344.894085184955,107.362970754583,29.4941090208333,-6.91768047772958,0.60654423752893,131,131,154.680267518836,147.762587041107,3.64014965424949,1.37629003745501,0.726591032983983,3.95684767805372,5.44577003903232,2.5,2.4,19.2,2.17830801561293,0.919745778637519,2.2993644465938,"False",NA
2019-05-12,86.7753803190417,9.66078935416667,6.52673849815628,13.5313082225358,20.4694695833333,-7.00456972437952,297.245596564583,0,59.9265970833333,228.461873854167,-5.968236425,36.5102397297917,0.1258075935625,100.79593125,2.65259605208333,1.45298629166667,21.1874595833333,"DAFO",36.5102397297917,59.9265970833333,2.43673336955652,297.245596564583,421.110341666667,1.47065443413986,-5.968236425,20.4694695833333,0.966078935416667,2.65259605208333,48.7982629166667,81.5662322916667,228.461873854167,40.092531566875,50.8451427083333,3.85416666666667,4.22916666666667,86.7753803190417,12.413696152353,392.419135416667,46.751383125,16.81448,24.44097,0,0,0,0,0,345.530649158485,123.285620048833,234.430110279167,50.2486792052064,0.599049985182061,132,132,119.428091429467,169.676770634673,0.525894988071374,1.37629003745501,0.726591032983983,3.05682705896256,4.20708062747308,5.2000003,4.5,0,0.809053920145558,1.00169664891602,5.2088228748723,"False",NA
2019-05-13,108.875254323542,12.1441294583333,6.87196027995835,13.2406218795191,21.584370625,-6.36866159956071,328.804120833333,0,61.7538004166667,231.832106458333,-2.15710036666667,34.3694444,0.160516364291667,101.016785416667,2.59741345833333,1.56621095833333,21.013340625,"DAFO",34.3694444,61.7538004166667,2.61501356946463,328.804120833333,425.153941666667,1.4006006236313,-2.15710036666667,21.584370625,1.21441294583333,2.59741345833333,45.2961241666667,141.116426875,231.832106458333,48.15958684375,46.9068627083333,4.54166666666667,4.10416666666667,108.875254323542,11.7177024558941,376.341508333333,43.685385625,17.09201,25.96829,0,0,0,0,0,346.147576993658,143.244698723542,233.989206825,46.752751882815,0.591584413901188,133,133,148.102997893295,194.85574977611,0.612185068991982,1.36029990298054,0.735132008617299,3.83945758334967,5.22281377812845,5.7000003,4.9,0,0.916283070744479,0.976849094240143,5.56804013022355,"False",NA
2019-05-14,112.248010304167,11.6356730208333,7.26839513092748,14.028024100709,22.8719545833333,-6.7596289697815,269.938187658333,0,66.1206839583333,188.416773229167,0.517270833333333,26.7967576354167,0.165765293645833,101.17484375,2.6534624375,1.82692666666667,21.2549075,"DAFO",26.7967576354167,66.1206839583333,2.82801620746165,269.938187658333,433.095964583333,1.66444890537832,0.517270833333333,22.8719545833333,1.16356730208333,2.6534624375,43.2825326041667,151.591742916667,188.416773229167,42.47783923125,45.0628625,4.375,4.08333333333333,112.248010304167,14.3154643503325,394.052408333333,41.5022027083333,18.36971,27.22695,0,0,0,0,0,346.745027410051,139.044767939583,187.899502395833,36.8801105697204,0.588037724698233,134,134,154.485818305772,191.365928875492,0.739995402684295,1.37629003745501,0.726591032983983,3.96331459102733,5.454670386931,5.5,4.7000003,0,0.991758252169272,0.89092024094489,4.90006132519689,"False",NA
2019-05-15,125.663297033333,14.2910243958333,7.41703449538541,12.02361194752,23.253231875,-4.60657745213455,385.036230791667,0,59.351278125,279.564948979167,-0.507100597916667,41.1183380020833,0.185685883166667,101.290570833333,2.55315716666667,1.63149935416667,21.5555404166667,"DAFO",41.1183380020833,59.351278125,2.89904466421576,385.036230791667,435.54535,1.46994222463243,-0.507100597916667,23.253231875,1.42910243958333,2.55315716666667,41.5342546875,152.45276,279.564948979167,51.9247077895833,43.1834066666667,4.79166666666667,4.3125,125.663297033333,12.3187831296932,381.998789583333,39.8851027083333,18.54613,27.62437,0,0,0,0,0,347.323162632016,166.781635035417,280.072049577083,56.2600941927264,0.585741596014046,135,135,171.93858680051,228.198680993236,0.595495463711076,1.36824825434034,0.730861520800641,4.43862179456894,6.07313652209592,5.6,4.9,0,1.08448866465999,0.834691922687392,4.67427476704939,"False",NA
2019-05-16,93.2861749625,9.93353116666667,7.44290545998999,9.82661353522459,23.2406652083333,-2.3837080752346,233.492831454167,0,72.3116822916667,162.092942354167,1.00376262270833,25.1356373,0.137809182458333,101.221675,2.34400366458333,2.05846072916667,21.6433375,"DAFO",25.1356373,72.3116822916667,2.88904506195118,233.492831454167,435.713129166667,1.89569194528452,1.00376262270833,23.2406652083333,0.993353116666667,2.34400366458333,39.8689364583333,184.056566666667,162.092942354167,34.0454168520833,41.0408666666667,4.47916666666667,4.47916666666667,93.2861749625,16.2931017308591,398.358652083333,38.69700625,19.08725,27.54194,0,0,0,0,0,347.882147878396,118.4218122625,161.089179731458,34.0792762813909,0.585796887765191,136,136,126.478803454934,160.558079736325,0.735132008617299,1.35581508734576,0.737563705650797,3.29497185575208,4.46737255440834,5.7000003,4.7000003,0.7,0.783749529698856,0.819215243043005,4.6695271311097,"False",NA
2019-05-17,98.95644741875,9.71064875,7.90996972873892,11.8592107157137,24.7142610416667,-3.94924098697483,236.61146824375,0,75.2958647916667,176.846106825,2.69738118125,34.65347121875,0.1462733298125,100.842047916667,3.46795397916667,2.34643625,22.1809558333333,"DAFO",34.65347121875,75.2958647916667,3.14304033959891,236.61146824375,445.923020833333,2.17197546459891,2.69738118125,24.7142610416667,0.971064875,3.46795397916667,38.6331815625,216.375889583333,176.846106825,36.4841221625,39.2527245833333,4.25,4.10416666666667,98.95644741875,18.42229287228,422.641779166667,38.0136385416667,20.79856,27.79965,0,0,0,0,0,348.422150859061,133.6099186375,174.14872564375,47.4145515018878,0.585864563362532,137,137,135.396986436426,182.811537938314,0.767217320388673,1.36824825434034,0.730861520800641,3.5002306319707,4.78918445198248,6.3,5.2000003,0,0.760188008251187,0.798329871242816,5.02947818882974,"False",NA
2019-05-18,67.7323705208333,10.0485532291667,8.3827716013618,8.4437126782213,26.1393945833333,-0.0609410768595029,110.08938253125,0,75.5966227083333,81.1447714895833,3.1588047275,-11.0684663729167,0.100089693333333,100.512958333333,4.21473847916667,2.57130295833333,22.990700625,"DAFO",-11.0684663729167,75.5966227083333,3.393027638275,110.08938253125,454.49145,2.38817231535833,3.1588047275,26.1393945833333,1.00485532291667,4.21473847916667,37.3381652083333,239.181379166667,81.1447714895833,17.7114684020833,37.161080625,3.47916666666667,3.64583333333333,67.7323705208333,19.9564356049715,443.2583,37.5152497916667,24.86868,27.76784,0,0,0,0,0,348.943341279028,56.6639041479167,77.9859667620833,-15.6022255972199,0.585937565159209,138,138,95.4762556523948,79.8740300551749,0.726591032983983,1.4096104258307,0.709415865316608,2.39909525880204,3.38178968936836,6.8,5.5,0,0.497322013142405,0.753936713072249,5.12676964889129,"False",NA
2019-05-19,103.443096422917,11.586720625,8.84253353003129,14.0982461463757,27.338736875,-5.25571261634444,252.911210754167,0,73.3176552083333,190.902487625,3.77374388354167,15.9908675833333,0.153186580958333,100.795102083333,3.07351539583333,2.6597785,23.7197047916667,"DAFO",15.9908675833333,73.3176552083333,3.65100221829109,252.911210754167,462.398208333333,2.49233015579109,3.77374388354167,27.338736875,1.1586720625,3.07351539583333,35.6944432291667,240.914302083333,190.902487625,38.5610405041667,34.4613489583333,2.70833333333333,2.70833333333333,103.443096422917,20.6405003531631,438.9505125,36.9275375,25.60349,30.01834,0,0,0,0,0,349.445890350922,119.43396400625,187.128743741458,22.9096720277645,0.587644839981832,139,139,148.200052325831,171.109724353596,0.638244887547917,1.43267223672356,0.697996355598362,3.66823519368261,5.25537871976136,7.5,6,0,0.700717162634848,0.700004175615264,5.25003131711448,"False",NA
2019-05-20,130.4094788125,12.1828258333333,8.79746231156378,13.8278498686459,26.9245204166667,-5.03038755708212,299.355897260417,0,71.06745625,232.42837411875,2.604890446875,44.682616725,0.192961960895833,100.722152083333,5.20546802083333,2.52404060416667,24.1185170833333,"DAFO",44.682616725,71.06745625,3.55686508014603,299.355897260417,460.3232125,2.3385824968127,2.604890446875,26.9245204166667,1.21828258333333,5.20546802083333,34.1010521875,231.858597916667,232.42837411875,42.3499914947917,32.3803091666667,3.5625,3.6875,130.4094788125,19.6264935584382,435.74568125,35.8217952083333,25.12974,28.96046,0,0,0,0,0,349.929970316465,175.0920955375,229.823483671875,64.0155444460674,0.590475827783474,140,140,186.834039700258,250.849584146326,0.761854675336327,1.43267223672356,0.697996355598362,4.62264491226338,6.62273502603117,8.6,6.6,0,0.770085468143159,0.674558431452183,5.80120251048878,"False",NA
2019-05-21,116.662343539583,12.1844695208333,8.86730585575661,12.6072335205334,26.9515404166667,-3.7399276647768,229.476430896042,0,70.8155766666667,174.141368145833,2.19219709604167,1.88847013541667,0.172576965520833,100.279897916667,5.2857005,2.531046,24.2608029166667,"DAFO",1.88847013541667,70.8155766666667,3.56223983967196,229.476430896042,459.431645833333,2.34379288758863,2.19219709604167,26.9515404166667,1.21844695208333,5.2857005,32.456131875,248.658714583333,174.141368145833,34.3326526479167,30.1017733333333,3.66666666666667,3.79166666666667,116.662343539583,19.6267553363632,438.429235416667,34.8104904166667,25.47135,29.16859,0,0,0,0,0,350.39575397766,118.550813675,171.949171049792,2.70555873289304,0.594828987620341,141,141,167.138900660267,169.84445939316,0.689452661802429,1.43267223672356,0.697996355598362,4.1354563237958,5.92475346128513,8.7,6.6,0,0.681006144975303,0.695251808664185,6.04869073537841,"False",NA
2019-05-22,121.452905,12.1194432916667,9.02816789529832,13.7119811861618,27.2713195833333,-4.6838132908635,265.27380479375,0,71.642899375,202.313550041667,2.83064337770833,31.9287872083333,0.179744477291667,100.70043125,5.1507416875,2.60162879166667,24.62817625,"DAFO",31.9287872083333,71.642899375,3.63113970518759,265.27380479375,462.160245833333,2.41919537602093,2.83064337770833,27.2713195833333,1.21194432916667,5.1507416875,31.1227073958333,235.303527083333,202.313550041667,39.91201646875,28.14681875,3.75,3.91666666666667,121.452905,20.1595067963433,439.111985416667,34.0985960416667,25.36192,29.19362,0,0,0,0,0,350.843414238277,153.381692208333,199.482906663958,46.1238227061189,0.599182147457207,142,142,175.448952094899,221.572774801018,0.768896417108633,1.44458423695093,0.692240697649234,4.3066065533075,6.2212559416576,8.8,6.7000003,0,0.706960902461091,0.756600213400813,6.65808187792715,"False",NA
2019-05-23,88.2549083333333,12.031048125,8.94560152596221,11.8181544791781,26.8568272916667,-2.87255295321591,130.865188870833,0,71.2425772916667,91.6489149583333,1.635934394375,-8.13045030708333,0.130524366875,101.22546875,4.68228554166667,2.5297445625,24.6494495833333,"DAFO",-8.13045030708333,71.2425772916667,3.53883181167458,130.865188870833,458.8546,2.33572699917458,1.635934394375,26.8568272916667,1.2031048125,4.68228554166667,29.9763211458333,221.29741875,91.6489149583333,22.6658653895833,26.6100966666667,4.0625,4.22916666666667,88.2549083333333,19.6024243859826,442.304189583333,33.342545625,25.67274,28.48151,0,0,0,0,0,351.273123656216,80.12445802625,90.0129805639583,-11.6482704270189,0.60356398836007,143,143,126.44035692375,114.792086496731,0.890143371814223,1.43267223672356,0.697996355598362,3.12818023358451,4.48165697212395,7.4,5.9,0,0.60562932055729,0.784628280721972,5.8062492773426,"False",NA
2019-05-24,146.750559791667,13.2038761458333,8.8862022835107,13.7289945073191,26.5503983333333,-4.8427922238084,343.756455854167,0,68.0317641666667,252.275180625,1.10009410458333,27.1230573333333,0.217193125916667,101.3248,3.9214778125,2.35224091666667,24.63217125,"DAFO",27.1230573333333,68.0317641666667,3.48954144813237,343.756455854167,457.154277083333,2.16915383354904,1.10009410458333,26.5503983333333,1.32038761458333,3.9214778125,28.9131802083333,218.2342875,252.275180625,49.8699278,25.30436375,3.0625,3.10416666666667,146.750559791667,18.4424104234709,415.542939583333,32.5219966666667,23.98138,29.27882,0,0,0,0,0,351.68505400728,173.873617125,251.175086520417,39.1815410816497,0.610012206717438,144,144,211.993545438767,251.175086520417,0.692240697649234,1.44458423695093,0.692240697649234,5.20000529727316,7.51184568450215,8.3,6.4,0,0.905041648735199,0.799465425103039,6.63556302835523,"False",NA
2019-05-25,144.301032258333,13.6780636666667,8.82300877491518,14.2049907817676,26.2380258333333,-5.38198200685245,355.136053355208,0,66.6196641666667,262.94717125,0.570771844770833,36.5912411083333,0.213605885479167,101.40846875,3.012563175,2.25306741666667,24.4529577083333,"DAFO",36.5912411083333,66.6196641666667,3.43565129869107,355.136053355208,454.591272916667,2.0678449320244,0.570771844770833,26.2380258333333,1.36780636666667,3.012563175,27.5907179166667,210.016334583333,262.94717125,50.2846610166667,23.678641875,3.47916666666667,3.16666666666667,144.301032258333,17.6879236880683,412.687064583333,31.5027939583333,22.82218,29.56352,0,0,0,0,0,352.079375860834,180.892273366667,262.376399405229,53.0728839492377,0.618422262973982,145,145,209.29795510701,262.370839056248,0.68943805074208,1.4504259036229,0.689452661802429,5.11166185867983,7.4140867703904,8,6.3,0,0.9267608462988,0.795884460472135,6.36707568377708,"False",NA
2019-05-26,137.923437508313,14.0013017083333,8.81273222276027,14.0925967303329,26.100560625,-5.27986450757263,333.970018525,0,65.2909029166667,237.836050833333,0.701324290833333,27.5957374041667,0.2041351524375,101.425260416667,3.03848652083333,2.19402008333333,24.405785625,"DAFO",27.5957374041667,65.2909029166667,3.40847474623202,333.970018525,453.437427083333,2.00834457539869,0.701324290833333,26.100560625,1.40013017083333,3.03848652083333,26.4692475,215.124033333333,237.836050833333,49.6412231395833,22.2740170833333,3.1875,2.95833333333333,137.923437508313,17.2341878504222,406.944675,30.6644779166667,22.59324,29.68714,0,0,0,0,0,352.456258167801,165.519174912479,237.1347265425,40.0264206109075,0.627101961216517,146,146,200.05196603213,240.078386643037,0.697996355598362,1.45045664207777,0.68943805074208,4.8850944606833,7.08561770767541,7.9,6.2000003,0,0.896913633882963,0.802895511416095,6.34287454018715,"False",NA
2019-05-27,129.316157275,14.498587625,8.71387024964407,14.1739755294981,25.8976122916667,-5.46010527985407,329.594453689583,0,63.5587522916667,238.62246875,-0.343116447916667,16.8379385416667,0.1913796471875,101.05495625,3.28973664583333,2.10887745833333,24.1384295833333,"DAFO",16.8379385416667,63.5587522916667,3.3685502182767,329.594453689583,451.45909375,1.9186914557767,-0.343116447916667,25.8976122916667,1.4498587625,3.28973664583333,24.7923769791667,238.9326625,238.62246875,46.1829732708333,19.7213714583333,3.35416666666667,3.1875,129.316157275,16.5218010587851,406.670079166667,29.8633825,22.71144,29.44063,0,0,0,0,0,352.815867861387,146.154095816667,238.965585197917,24.4221822244437,0.636881946039122,147,147,187.563504268633,211.985686493076,0.611611482446807,1.4504259036229,0.689452661802429,4.57933467843501,6.64198563896077,7.6,6,0,0.873945478810628,0.814820847247095,6.19263843907792,"False",NA
2019-05-28,109.709755897917,13.9501495833333,8.74219442512257,13.9254195322598,27.0086466666667,-5.1832251071372,292.440352127083,0,67.1057510416667,212.785934145833,2.533670950625,19.9864223958333,0.162475335708333,100.690814583333,4.3992661875,2.3946723125,24.3594660416667,"DAFO",19.9864223958333,67.1057510416667,3.59071311759987,292.440352127083,459.084552083333,2.19569815926654,2.533670950625,27.0086466666667,1.39501495833333,4.3992661875,24.0709490625,243.67728125,212.785934145833,44.7622295708333,18.8095977083333,3.39583333333333,3.16666666666667,109.709755897917,18.60299183035,424.19235,29.3323004166667,23.59684,29.89293,0,0,0,0,0,353.158369470904,129.69617829375,210.252263195208,28.989131936282,0.646649547015532,148,148,159.127557970807,188.116689907089,0.616859844088022,1.45044127268748,0.689445356272254,3.88921556648414,5.6410787760072,8.6,6.6,0,0.655939392558977,0.844740756981444,7.26477051004042,"False",NA
2019-05-29,107.370869045833,13.363556875,8.48337193562206,14.7086614036797,26.672606875,-6.22528946805766,210.5758894625,0,67.531429375,157.390397541667,1.51676538125,-0.607671104166666,0.1588068350625,100.592054166667,3.940430125,2.36518533333333,24.6695791666667,"DAFO",-0.607671104166667,67.531429375,3.50285353854862,210.5758894625,456.990479166667,2.16649785104861,1.51676538125,26.672606875,1.3363556875,3.940430125,23.6768207291667,229.8508,157.390397541667,31.6203672458333,18.3571220833333,3.5,3.29166666666667,107.370869045833,18.4103120300193,435.42535,28.996519375,24.57754,28.10995,0,0,0,0,0,353.483924748995,106.763197941667,155.873632160417,-0.881400589237274,0.656411821792606,149,149,155.736790173191,154.855389583954,0.684934305192759,1.45045664207777,0.68943805074208,3.80506326841751,5.51907929120231,7.3,5.8,0,0.75603825906881,0.83562072107645,6.10003126385809,"False",NA
2019-05-30,84.25300999375,10.2427455416667,8.45130977114384,11.2840637847225,25.8176583333333,-2.83275401357865,177.161088675,0,67.922940625,124.075236458333,2.170286589375,14.6963510458333,0.103375053104167,100.917595833333,2.19097786458333,2.6387643125,24.5306214583333,"DAFO",14.6963510458333,67.922940625,3.37072682768716,177.161088675,452.153991666667,2.34645227352049,2.170286589375,25.8176583333333,1.02427455416667,2.19097786458333,23.7169889583333,186.196135204167,124.075236458333,29.5566685375,18.6121560416667,3.95833333333333,3.66666666666667,84.25300999375,19.5881204714118,428.6248125,28.821821875,22.44191,31.30471,0,0,0,0,0,353.792692312556,98.9493610395833,121.904949868958,21.3862727700703,0.668675429777228,150,150,122.605798392156,143.992071162227,0.811692725733852,1.45520971181031,0.68718617796742,2.98333085219536,4.34137202965803,6.3,5.1,22.7,0.689106671374291,0.836723103504023,5.27135555207535,"False",NA
2019-05-31,107.803419520833,8.17030027083333,8.63624303342465,12.7991405693418,25.6821683333333,-4.16289753591719,261.629627627083,0,70.797984375,201.380843916667,2.60845639583333,18.9054277229167,0.1878657740625,101.144079166667,1.80876226666667,2.5234225,24.42316125,"DAFO",18.9054277229167,70.797984375,3.34765318617163,261.629627627083,451.48590625,2.5306231590883,2.60845639583333,25.6821683333333,0.817030027083333,1.80876226666667,24.4944620833333,163.492757083333,201.380843916667,36.9778363666667,19.2872735416667,4.45833333333333,4.33333333333333,107.803419520833,20.6684960368023,428.214997916667,29.701650625,22.43747,30.87504,0,0,0,0,0,354.084827297581,126.70884724375,198.772387520833,27.6018117060091,0.679897741448537,151,151,157.392349461157,184.994161167166,0.63745698697949,1.45999403507549,0.684934305192759,3.81673140472118,5.57240508437819,5,4.3,2.7,1.11448101687564,0.861225349028862,4.30612674514431,"False",NA
2019-06-01,114.829184470833,11.9308608958333,9.29451196063605,14.3394021716508,26.9715483333333,-5.04489021101471,317.172162291667,0,72.5528185416667,238.323599583333,2.33887030625,24.90960220625,0.170217011520833,101.090960416667,1.74010011875,2.5462004375,24.4658072916667,"DAFO",24.90960220625,72.5528185416667,3.61990307980932,317.172162291667,458.119914583333,2.42681699022598,2.33887030625,26.9715483333333,1.19308608958333,1.74010011875,24.553301875,182.582082916667,238.323599583333,44.1480705041667,18.9418725,4.5625,4.20833333333333,114.829184470833,20.1747729133672,423.419427083333,30.16473125,22.47163,31.88401,0,0,0,0,0,354.360481028144,139.738786677083,235.984729277083,39.0765223615808,0.689597881084622,152,152,180.136364988228,219.212887349809,0.592151818912858,1.56873329561948,0.63745698697949,4.07055324226469,6.38561240273245,7.4,6.4,0,0.862920594963844,0.967247594157494,7.15763219676546,"False",NA
2019-06-02,124.304254605208,12.3726409166667,9.68553967765322,15.8206295572543,27.4410770833333,-6.13508987960108,324.07199974375,0,72.57314625,241.836373875,2.46619403333333,22.8299559,0.184343556666667,101.043075,2.13407348125,2.6131303125,24.8774945833333,"DAFO",22.8299559,72.57314625,3.71063560241759,324.07199974375,461.409316666667,2.47337151075092,2.46619403333333,27.4410770833333,1.23726409166667,2.13407348125,23.8824671875,215.904510208333,241.836373875,44.1132214595833,18.2629154166667,3.125,3.04166666666667,124.304254605208,20.5020282267515,423.286920833333,29.5020189583333,22.74885,32.13487,0,0,0,0,0,354.619800699687,147.134210505208,239.370179841667,37.0099563438957,0.699453637899698,153,153,201.511341346886,238.521297690782,0.614672264534085,1.62111379040797,0.616859844088022,4.40843788894159,7.14657945592018,7.9,6.7000003,0,0.904630310875972,0.902206230054966,7.12742921743423,"False",NA
2019-06-03,140.035278343125,12.399045875,9.88024543204669,11.2991448342981,27.3198229166667,-1.41889940225139,335.549060969792,0,71.6089035416667,250.410408604167,1.52031179166667,38.5236278895833,0.169808253979167,101.14656875,1.89434662916667,2.56246197916667,24.9920864583333,"DAFO",38.5236278895833,71.6089035416667,3.68053153211168,335.549060969792,459.977020833333,2.44062694461168,1.52031179166667,27.3198229166667,1.2399045875,1.89434662916667,23.2914046875,169.9338125,250.410408604167,45.52713031875,17.7198589583333,4.35416666666667,4.08333333333333,140.035278343125,20.0627401689691,420.365502083333,28.8629504166667,22.86205,31.52125,0,0,0,0,0,354.862929076752,178.558906232708,248.8900968125,62.4511844283484,0.709309394714775,154,154,227.013120865658,289.464305294006,0.717420694995449,1.62111379040797,0.616859844088022,4.96575353432973,8.05005153426902,7.7000003,6.5,0,1.0454611974845,0.937722823168412,7.22046601971362,"False",NA
2019-06-04,165.652902025,10.3279150625,9.49159457050132,13.2871671603748,25.62033125,-3.79557258987344,220.307414116667,0,75.5224616666667,155.484337708333,2.32200037916667,24.35271898125,0.215654387625,101.084089583333,2.4296938125,2.58895045833333,24.79717,"DAFO",24.35271898125,75.5224616666667,3.32063738123276,220.307414116667,450.7907375,2.28784587498276,2.32200037916667,25.62033125,1.03279150625,2.4296938125,23.6826936458333,164.799213541667,155.484337708333,37.19603977875,18.245139375,4.60416666666667,4.6875,165.652902025,19.237851767399,423.163697916667,29.1202479166667,23.01242,30.78119,0,0,0,0,0,355.090004205256,190.00562100625,153.162337329167,39.4785285744342,0.71722571018834,155,155,268.542203893827,308.020732468261,1.24055054473282,1.62111379040797,0.616859844088022,5.86451536824654,9.50704673752392,6.8,5.4,133.3,1.3980951084594,0.902371184426966,6.13612405410337,"False",NA
2019-06-05,21.9503840966667,1.1385434375,9.52619121222178,9.16642969801823,24.7190791666667,0.359761514203548,91.2320835145833,0,54.0699652083333,67.5245510208333,34.779270725,44.49244226875,-0.0897294051041667,100.539422916667,1.98822577708333,3.89151647916667,24.7573139583333,"DAFO",44.49244226875,54.0699652083333,3.11850303146819,91.2320835145833,446.75333125,3.00464868771819,34.779270725,24.7190791666667,0.11385434375,1.98822577708333,60.0293816666667,112.0237793125,67.5245510208333,12.84342723125,62.5990014583333,2.79166666666667,3.25,21.9503840966667,23.2903161418269,435.889220833333,57.459761875,23.72732,26.59384,0,0,0,0,0,355.301159139407,66.4428263654167,32.7452802958333,72.3840082527147,0.723157747080177,156,156,35.7107118104716,108.094720063186,2.02908100847349,1.62688323143715,0.614672264534085,0.776419997016907,1.26314467369929,4.2000003,3.4,136.6,0.300748710351113,0.935618618915605,3.92959848013113,"False",NA
2019-06-06,305.730069902877,1.03076235,10.8062477830553,18.7851824192461,25.8462489583333,-7.97893463619079,345.503858529167,0,74.3352810416667,273.514116801875,2.76222039583333,12.2534631854167,-0.0363409275416667,100.532654166667,1.39468447916667,2.82265814583333,24.954466875,"DAFO",12.2534631854167,74.3352810416667,3.41183244677175,345.503858529167,455.0187125,3.30875621177175,2.76222039583333,25.8462489583333,0.103076235,1.39468447916667,54.880976875,70.4889236875,273.514116801875,43.8576488670833,56.383563125,1.85416666666667,2.0625,305.730069902877,24.6160254725914,426.886647916667,53.378390625,21.13772,32.59085,0,0,0,0,0,355.496521683302,317.983533088294,270.751896406042,20.4394921744319,0.730219595348029,157,157,509.975610707797,530.415102882229,1.17444618970062,1.6680583982786,0.599499394644683,10.8259536759511,18.0583229485453,6.7000003,5.9,18.6,2.69527196118862,0.969579994318116,6.49618625280538,"False",NA
2019-06-07,313.800598015873,6.53031291666667,12.4753486997344,16.1211644344527,27.707680625,-3.64581573471831,343.746992729167,0,75.4753445833333,263.5090518125,-9.85104849791667,0.0260563333333334,0.062876221875,100.4735875,0.851403520833333,2.77708714583333,25.0276772916667,"DAFO",0.0260563333333333,75.4753445833333,3.77785545294564,343.746992729167,463.50521875,3.12482416127897,-9.85104849791667,27.707680625,0.653031291666667,0.851403520833333,48.8450785416667,22.185366875,263.5090518125,45.5068230458333,48.4601,1.16666666666667,1.16666666666667,313.800598015873,23.8095238549573,428.774127083333,49.2300570833333,22.08412,32.51351,0,0,0,0,0,355.676214147237,313.826654349206,273.360100310417,0.0434634856450132,0.736166343098658,158,158,523.437722905223,523.481186390869,1.14803387177879,1.6680583982786,0.599499394644683,11.1317828018936,18.5684637905118,7.4,6.4,14.400001,2.50925186358268,1.04365863505121,7.72307389937895,"False",NA
2019-06-08,130.2994990625,18.8830559166667,13.9345817356189,15.0806325646651,28.843089375,-1.14605082904624,391.29928420625,0,62.56858625,292.462072291667,-0.919736316666667,11.6449137658333,0.193399278958333,100.634864583333,1.90897196458333,2.459186875,25.288205625,"DAFO",11.6449137658333,62.56858625,4.01624739465404,391.29928420625,465.649760416667,2.12794180298737,-0.919736316666667,28.843089375,1.88830559166667,1.90897196458333,42.897653125,125.919680141667,292.462072291667,51.209899051875,41.048244375,5.95833333333333,5.97916666666667,130.2994990625,18.1133484348351,418.022452083333,44.747061875,24.53406,32.69792,0,0,0,0,0,355.840353118752,141.944412828333,293.381808608333,19.4243962043284,0.742113090849287,159,159,217.347173702698,236.771569907026,0.483821452671696,1.6680583982786,0.599499394644683,4.62734593915795,7.71868325555279,7.5,6.6,0,1.02915776740704,0.991122986194424,7.43342239645818,"False",NA
2019-06-09,137.52920033125,15.0335779375,15.2190284175413,14.7074253034635,29.488805,0.511603114077792,355.286291979167,0,72.42109875,272.438180375,1.29665711458333,19.6264830329167,0.204318937708333,100.9741875,1.48865464583333,2.94476539583333,25.58582,"DAFO",19.6264830329167,72.42109875,4.16594530517955,355.286291979167,471.957302083333,2.66258751142955,1.29665711458333,29.488805,1.50335779375,1.48865464583333,40.1205748958333,187.926967666667,272.438180375,46.7744443789583,38.009595625,4.89583333333333,4.89583333333333,137.52920033125,21.6765157834421,435.883660416667,42.2315541666667,25.746,34.13628,0,0,0,0,0,355.989049248391,157.155683364167,271.141523260417,31.9299961383378,0.748059838599916,160,160,223.743949851871,255.673945990208,0.579607584535207,1.62688323143715,0.614672264534085,4.88715787140516,7.95083519037512,7.4,6.6,0,1.07443718788853,1.17778214574432,8.71558787850794,"False",NA
2019-06-10,166.34300438125,13.5847661666667,14.5185577186265,18.8958624195092,27.7612827083333,-4.37730470088269,332.717165264583,0,73.18800125,255.674457395833,-1.5746582875,8.88020807291667,0.2465629625,101.568291666667,3.17038270833333,2.71349608333333,25.9131720833333,"DAFO",8.88020807291667,73.18800125,3.75052006887289,332.717165264583,464.135633333333,2.39204345220622,-1.5746582875,27.7612827083333,1.35847661666667,3.17038270833333,36.9051294791667,74.0197320833333,255.674457395833,44.8534639520833,33.5692575,3.79166666666667,3.64583333333333,166.34300438125,19.9365790165078,431.9464,40.2410014583333,24.81751,31.02431,0,0,0,0,0,356.122407050164,175.223212454167,257.249115683333,13.2097738454219,0.749748605742722,161,161,247.44391692194,260.653690767362,0.681142137218702,1.4875522889728,0.672245276628584,5.90116917365496,8.77829771188613,6.2000003,4.9,1.9,1.41585440114997,1.17098982112853,7.26013724229382,"False",NA
2019-06-11,100.320837239583,7.3222886405303,10.5286695991952,13.3122278060356,23.6043191022727,-2.78355820684039,153.782903879119,0.00952380952380952,71.5436961904762,182.493663354167,-2.9891996875,4.94826229166667,0.0911497949761905,98.7601466666667,2.18949696190476,2.14869823809524,25.2727271428571,"DAFO",4.94826229166667,71.5436961904762,2.93448075959417,242.103747144229,442.286378571429,2.15302502706596,-2.9891996875,22.09944625,0.647208817142857,2.16623009166667,32.0711026190476,83.3089280952381,182.493663354167,23.5180586071429,27.0871569047619,2.30952380952381,2.95238095238095,100.320837239583,18.7004424234231,418.758842857143,37.0550483333333,0,29.11123,0.4,0,0,0,0,356.240524716664,105.26909953125,185.482863041667,8.25399047249989,0.751354956219819,162,162,167.341015079827,175.595005552327,0.567540838032042,1.6680583982786,0.599499394644683,3.53954516246583,5.90416803433751,5.2000003,4.3,15.5,1.13541686417547,1.17541858251662,6.112176981712,"False",NA
2019-06-12,131.587486510417,10.4690846958333,8.80789145145499,16.5005884266346,25.2325795833333,-7.69269697517956,331.828624035417,0,72.9386839583333,261.385334333333,1.578688425,19.9126948145833,0.189314663125,101.22046875,1.55893145208333,2.3498675,24.65865875,"DAFO",19.9126948145833,72.9386839583333,3.25723643041758,331.828624035417,448.240597916667,2.21032796083424,1.578688425,25.2325795833333,1.04690846958333,1.55893145208333,35.0146047916667,164.987723125,261.385334333333,42.4820312333333,26.521796875,3.72916666666667,3.77083333333333,131.587486510417,18.6993405144524,420.279333333333,43.5074127083333,20.66696,30.18457,0,0,0,0,0,356.343493948813,151.500181325,259.806645908333,31.6611963938587,0.75442176682686,163,163,209.224180462473,240.885376856332,0.583126658655427,1.59000058448499,0.628930586414789,4.65677001684984,7.40426704860342,6,5.2000003,0,1.23404450810057,1.17434144471746,7.04604866830479,"False",NA
2019-06-13,147.806122535417,15.216522,7.34720552920116,13.1428548009582,27.06734125,-5.795649271757,366.3550617125,0.00208333333333333,68.6240647916667,276.068152583333,-1.08544377708333,18.34729070625,0.215541433104167,101.43583125,1.64478162083333,2.39411889583333,24.7873783333333,"DAFO",18.34729070625,68.6240647916667,3.62690081914382,366.3550617125,456.975795833333,2.10524861914382,-1.08544377708333,27.06734125,1.5216522,1.64478162083333,32.9670570833333,149.329345604167,276.068152583333,49.6291001279375,24.9014045833333,4.77083333333333,4.54166666666667,147.806122535417,17.9314526477398,416.317964583333,41.0327095833333,22.60475,31.1536,0.1,0,0,0,0,356.431399800158,166.153413241667,277.153596360417,27.8680982313912,0.755872500124967,164,164,224.505928857108,252.374027088499,0.599499394644683,1.51892171316051,0.658361778184894,5.24003134420007,7.95919738634715,7,6.1,0,1.13702819804959,1.19099215418895,8.33694507932267,"False",NA
2019-06-14,178.19698081875,14.5785872916667,6.59653009450714,13.2984553250688,27.082518125,-6.70192523056163,367.901072685417,0.00208333333333333,69.0251822916667,280.3312325,-0.287192427083333,23.6943550291667,0.264053511520833,101.340725,2.61235363541667,2.45587335416667,25.0114135416667,"DAFO",23.6943550291667,69.0251822916667,3.60033863955891,367.901072685417,457.267754166667,2.14247991039224,-0.287192427083333,27.082518125,1.45785872916667,2.61235363541667,30.8431372916667,228.43289375,280.3312325,48.3236892479167,22.76076,3.89583333333333,3.8125,178.19698081875,18.2220703272414,418.021572916667,38.9255145833333,24.55439,29.76879,0.1,0,0,0,0,356.504320535685,201.891335847917,280.618424927083,35.6143535290185,0.757323233423073,165,165,267.843132462167,303.457485991185,0.719451461180344,1.50307334743566,0.665303527406739,6.31754272529495,9.49573009167688,7.9,6.6,0,1.20199115084518,1.19247869953771,9.4205817263479,"False",NA
2019-06-15,156.776833785417,12.6672125416667,6.125069973164,10.5431682977799,27.9650960416667,-4.41809832461587,343.2891617375,0.00416666666666667,75.2210066666667,258.482215854167,2.08271024083333,19.4514471458333,0.232491616458333,101.06760625,3.73344347916667,2.82924616666667,25.3054435416667,"DAFO",19.4514471458333,75.2210066666667,3.79461577354573,343.2891617375,464.620641666667,2.52789451937907,2.08271024083333,27.9650960416667,1.26672125416667,3.73344347916667,29.3626441666667,254.965697916667,258.482215854167,48.4746023791667,21.2813702083333,2.72916666666667,2.83333333333333,156.776833785417,20.85275039346,428.288320833333,37.443918125,25.06796,30.79056,0.2,0,0,0,0,356.562327505063,176.22828093125,256.399505613333,28.9350447256177,0.75813578786299,166,166,233.213737955404,262.148782681022,0.687319113621901,1.4875522889728,0.672245276628584,5.56289971393146,8.27510420278485,8.1,6.1,3.5,1.02161780281294,1.14349896424258,9.26234161036492,"False",NA
2019-06-16,178.096486277083,12.37467225,5.47635263640736,12.9576674790639,28.0173304166667,-7.48131484265655,298.896198916667,0.03125,76.15535875,225.613947604167,11.28570175625,13.4167011666667,0.263842542583333,100.9299875,4.22605845833333,2.89353245833333,25.7630914583333,"DAFO",13.4167011666667,76.15535875,3.80092501775182,298.896198916667,465.537589583333,2.56345779275182,11.28570175625,28.0173304166667,1.237467225,4.22605845833333,28.2394765625,231.615352916667,225.613947604167,44.1326948166667,20.3338822916667,3.20833333333333,3.125,178.096486277083,21.0476422546063,436.388029166667,36.1450708333333,20.46296,30.28836,1.5,0,0,0,0,356.605485030277,191.51318744375,214.328245847917,19.958044530939,0.758584770477341,167,167,264.927835819487,284.885880350426,0.893550855539798,1.4875522889728,0.672245276628584,6.31970329622777,9.40088910393255,5.4,4.4,19.9,1.74090538961714,1.0917153863085,5.89526308606589,"False",NA
2019-06-17,170.596115479167,10.3179711833333,4.59273244887786,15.4898897362867,24.6963633333333,-10.8971572874088,346.173486436458,0.00625,73.0092072916667,279.708174583333,0.612136658333334,17.0248777416667,0.187233081416667,100.948125,1.81886574375,2.43545895833333,24.6185020833333,"DAFO",17.0248777416667,73.0092072916667,3.19547032431572,346.173486436458,446.0448625,2.16367320598238,0.612136658333334,24.6963633333333,1.03179711833333,1.81886574375,40.5037083333333,153.340202020833,279.708174583333,39.5900160008333,37.810105625,3.75,3.6875,170.596115479167,18.330391950878,419.169535416667,43.1973110416667,19.06299,30.65964,0.3,0,0,0,0,356.633850307576,187.620993220833,279.096037925,25.3253958540983,0.757612878077548,168,168,253.770642070902,279.096037925,0.672245276628584,1.4875522889728,0.672245276628584,6.03412344424278,8.97607414142775,6.3,5.7000003,0.6,1.4247736732425,1.01507010739923,6.39494167661515,"False",NA
2019-06-18,116.397157406875,13.3431751041667,5.63447164908257,11.8635116482951,27.8769158333333,-6.22903999921255,343.01853475,0,74.3217214583333,260.791137916667,0.300544933333333,18.7839199957083,0.172716537375,101.022129166667,1.84685260833333,2.76208316666667,25.2769985416667,"DAFO",18.7839199957083,74.3217214583333,3.79569016495833,343.01853475,463.4518125,2.46137265454166,0.300544933333333,27.8769158333333,1.33431751041667,1.84685260833333,39.2095509375,263.546439166667,260.791137916667,47.4443560072917,35.9248629166667,4.10416666666667,4.125,116.397157406875,20.4257047254967,428.6687875,42.4942389583333,23.99357,32.11385,0,0,0,0,0,356.647473323681,135.181077402583,260.490592983333,27.9420631854978,0.754616607356232,169,169,173.146857930524,201.088921116022,0.518948019789845,1.4875522889728,0.672245276628584,4.12975782303189,6.1432307025544,7.3,6.2000003,0,0.841538452404712,0.949567647943855,6.93184382999014,"False",NA
2019-06-19,144.725183964583,12.2413414791667,6.21089276760116,11.3134609713312,28.1044395833333,-5.10256820373008,344.51533768125,0,77.5624995833333,257.212336666667,-0.319485785416667,24.8239246041667,0.214803861916667,100.8090875,2.9530486625,2.93630885416667,25.7785660416667,"DAFO",24.8239246041667,77.5624995833333,3.834029090552,344.51533768125,465.896075,2.60989494263534,-0.319485785416667,28.1044395833333,1.22413414791667,2.9530486625,35.7818126041667,269.626960416667,257.212336666667,48.7233904958333,31.2527591666667,3.27083333333333,3.04166666666667,144.725183964583,21.3651303752724,427.316441666667,40.3108660416667,24.9304,31.40456,0,0,0,0,0,356.646396786194,169.54910856875,257.531822452083,36.5952941871604,0.749069541006637,170,170,213.353076434412,249.948370621572,0.658361778184894,1.47419454299414,0.678336522647117,5.13596591986427,7.57141293206778,8.2,6.9,0,0.923343040496071,0.832383485563647,6.82554458162191,"False",NA
2019-06-20,114.064778572917,11.8072031458333,6.70216561715425,13.6131474089426,28.4300539583333,-6.91098179178833,231.014328689583,0,78.7316633333333,160.324248333333,1.014847013125,3.265495875,0.169201933958333,100.83975625,3.255297375,3.04943177083333,26.1651920833333,"DAFO",3.265495875,78.7316633333333,3.89240296819621,231.014328689583,467.66248125,2.71168265361288,1.014847013125,28.4300539583333,1.18072031458333,3.255297375,32.6797532291667,243.470761666667,160.324248333333,39.7319984020833,26.588893125,3.10416666666667,2.77083333333333,114.064778572917,21.9871700547352,436.704377083333,38.7706133333333,25.74728,30.88258,0,0,0,0,0,356.630656068167,117.330274447917,159.309401320208,4.75106222172714,0.736073501390651,171,171,165.956069476724,170.707131698451,0.736493097554773,1.45492825702226,0.687319113621901,4.0491768137248,5.89126176396759,8.7,7,0,0.677156524593976,0.805142969827992,7.00474383750353,"False",NA
2019-06-21,130.348838156042,12.5811413958333,6.26682322500157,12.9653739684658,28.914225,-6.69855074346423,247.4454149375,0.0166666666666667,77.5134872916667,183.012052708333,1.76986638333333,-0.702628258333334,0.1933731145625,100.987977083333,3.60439454166667,3.088326125,26.4165816666667,"DAFO",-0.702628258333334,77.5134872916667,3.9957070846716,247.4454149375,470.993260416667,2.73759294508827,1.76986638333333,28.914225,1.25811413958333,3.60439454166667,30.6663686458333,242.401183333333,183.012052708333,37.4627127041667,23.7986264583333,3.1875,3.27083333333333,130.348838156042,22.1350832857496,444.022591666667,37.5341108333333,26.78925,30.80591,0.8,0,0,0,0,356.600279166783,129.646209897708,181.242186325,-0.982256880587077,0.722764905413802,172,172,182.224443205587,181.242186325,0.715320271325955,1.39797520087939,0.715320271325955,4.6294177098652,6.4718111529034,8,6.2000003,0,0.808976394112925,0.701871185925574,5.61496948740459,"False",NA
2019-06-22,54.712921097561,12.6346928902778,5.525325863125,14.036210048355,28.9518124722222,-8.51088418522996,NA,NA,NA,28.6044793902439,-1.32342652154472,-28.7603197560976,NA,NA,NA,NA,NA,"DAFO",-28.7603197560976,NA,NA,NA,NA,NA,-1.32342652154472,NA,NA,NA,NA,NA,28.6044793902439,NA,NA,NA,NA,54.712921097561,NA,NA,NA,NA,NA,0,0,0,0,0,356.55528667612,25.9526013414634,29.9279059117886,-41.844201894142,0.707783130393201,173,173,79.603374929071,37.759173034929,0.867170640604048,1.45492825702226,0.687319113621901,1.92649560385579,2.80291289107896,8.8,6.9,0.8,0.3185128285317,0.744994756019378,6.55595385297052,"False",NA
2019-06-23,103.843274268293,10.4125675918245,4.28573486972846,16.1408230380899,25.8471123383838,-11.8550881683615,NA,NA,NA,154.130532073171,-5.0061777800813,-4.38795682926829,NA,NA,NA,NA,NA,"DAFO",-4.38795682926829,NA,NA,NA,NA,NA,-5.0061777800813,NA,NA,NA,NA,NA,154.130532073171,NA,NA,NA,NA,103.843274268293,NA,NA,NA,NA,NA,0,0,0,0,0,356.495691773967,99.4553174390244,159.136709853252,-6.46870201260118,0.69061165401857,174,174,153.085188252961,146.61648624036,0.624967787324101,1.47419454299414,0.678336522647117,3.65642351668874,5.39027959517797,8.400001,6.7000003,4.8,0.641699875414059,0.771341909439242,6.47927281063154,"False",NA
2019-06-24,133.634215863313,9.28322139791667,4.09148482613915,17.8268765321218,24.4732494375,-13.7353917059827,282.630265681818,0,75.1718659090909,235.384985411585,-5.40982651420732,13.5901473353659,0.183503712272727,101.043231818182,2.28150891818182,2.50512259090909,25.4188627272727,"DAFO",13.5901473353659,75.1718659090909,3.33865964782456,282.630265681818,450.729377272727,2.12656647055183,-5.40982651420732,25.8167636363636,1.21209317727273,2.28150891818182,41.2023029545455,189.504411363636,235.384985411585,36.3253845759091,39.4149009090909,3.09090909090909,3.27272727272727,133.634215863313,18.1079975441935,421.485136363636,42.989705,23.23095,28.66397,0,0,0,0,0,356.421500222677,147.224363198679,240.794811925793,20.216054776201,0.673460523862248,175,175,198.787883692556,219.003938468757,0.61141003006348,1.4875522889728,0.672245276628584,4.7318752645801,7.03891188095987,4.1,3.7,35.7,1.71680777584387,0.738219919232855,3.0267016688547,"False",NA
2019-06-25,72.8117137760417,5.7603015,4.77403312353144,11.1859811546798,23.2420441666667,-6.41194803114832,97.7095137833333,0.239583333333333,82.540896875,71.4684425604167,8.9084323125,-10.4985044552083,0.1006111986875,101.277039583333,2.61105329583333,2.45197414583333,24.7207866666667,"DAFO",-10.4985044552083,82.540896875,2.85225281177809,97.7095137833333,437.02973125,2.27622266177809,8.9084323125,23.2420441666667,0.57603015,2.61105329583333,59.0171658333333,157.157038541667,71.4684425604167,14.7255425622917,61.8741310416667,3.85416666666667,3.60416666666667,72.8117137760417,19.0894128800592,425.514195833333,56.160200625,22.43112,25.06733,11.5,0,0,0,0,356.332710384064,62.3132093208333,62.5600102479167,-15.7203566669234,0.654668638886271,176,176,109.027539586504,93.3071829195804,0.996054973039402,1.49739010294218,0.667828642673092,2.57179444943551,3.85097955538637,3.5,3.1000001,11,1.10027987296754,0.794337481095768,2.78018118383519,"False",NA
2019-06-26,134.47024469025,11.6813147291667,6.5308603491873,12.9271018354608,26.920236875,-6.39624148627348,252.7423522875,0.0208333333333333,80.0417160416667,195.039988354167,-3.980174800625,0.532400720833333,0.19948497225,101.5728375,2.63912426875,2.83246183333333,25.010988125,"DAFO",0.532400720833333,80.0417160416667,3.58369162863093,252.7423522875,458.010902083333,2.41556015571427,-3.980174800625,26.920236875,1.16813147291667,2.63912426875,48.8674634375,194.30364375,195.039988354167,33.5956427958333,48.5838695833333,4.14583333333333,3.1875,134.47024469025,20.1020388047919,433.904170833333,49.1510572916667,22.68946,30.80325,1,0,0,0,0,356.229313248321,135.002645411083,199.020163154792,0.797211570175118,0.636359315589492,177,177,201.354413539394,202.151625109569,0.678336522647117,1.49739010294218,0.667828642673092,4.76656772919533,7.13741134270069,6.6,5.5,0,1.08142596101526,0.753266445272676,4.97155853879966,"False",NA
2019-06-27,62.2615461145833,10.6815188551136,7.01851696644881,11.7994814454639,26.8186067518939,-4.78096447901507,46.8024705393939,0.233333333333333,89.8993996969697,81.0324574208333,1.65326359479167,17.1859418345833,0.0245833135151515,101.717154545455,1.60459266666667,2.96707421212121,25.5005593939394,"DAFO",17.1859418345833,89.8993996969697,3.28951966981837,97.9485640926829,449.40026969697,2.5303400278346,1.65326359479167,25.7979651219512,0.741169027272727,1.67260024390244,44.5846213636364,186.631184848485,81.0324574208333,9.4663553030303,42.6477009090909,7.27272727272727,7.12121212121212,62.2615461145833,20.9697019512658,423.908557575758,46.5215418181818,24.26532,28.88008,7.7,0,0,0,0,356.111292476994,79.4474879491667,79.3791938260417,25.7340592128451,0.618413564118279,178,178,93.2298229458554,118.963882158701,1.00086035294431,1.49739010294218,0.667828642673092,2.20458891685453,3.301129625154,6.9,5.9,8.400001,0.478424583355652,0.713317164284884,4.9218884335657,"False",NA
2019-06-28,147.4944773175,11.9501731666667,7.09692155107931,14.0232113409243,26.656725625,-6.92628978984497,269.907232987083,0.0770833333333333,78.8518885416667,207.572654375,2.81651946666667,22.0050441570833,0.206950330333333,101.679404166667,1.50165730208333,2.72398829166667,25.4660075,"DAFO",22.0050441570833,78.8518885416667,3.53467636313655,269.907232987083,455.574966666667,2.33965904646988,2.81651946666667,26.656725625,1.19501731666667,1.50165730208333,43.8822609375,209.718802083333,207.572654375,35.1516244083333,41.804348125,7.64583333333333,7.66666666666667,147.4944773175,19.5337082234384,428.39201875,45.96017375,24.03135,32.18829,3.7,0,0,0,0,355.978624460017,169.499521474583,204.756134908333,35.2098853787352,0.600597210174455,179,179,236.003327385914,271.213212764649,0.827811687061128,1.60008246870076,0.624967787324101,5.22690364416712,8.36347688661994,7.3,6.3,19.800001,1.1456817652904,0.697048221312088,5.08845201557824,"False",NA
2019-06-29,7.47587042748423,12.2980066763889,7.24974238396122,12.5866563997904,26.7836195763889,-5.33691401582917,3.47212809285714,0.0214285714285714,89.0342371428571,1.94330037394848,-9.30518248028391,0.0361886091893402,-0.00607219985714286,101.503321428571,1.53731072857143,2.79383214285714,25.1244214285714,"DAFO",0.0361886091893397,89.0342371428571,3.12539680608164,3.47212809285714,439.145757142857,2.3661650632245,-9.30518248028391,24.7716764285714,0.759231742857143,1.53731072857143,44.8723932142857,104.76381,1.94330037394848,3.92625800807143,42.94764,8.57142857142857,8.57142857142857,7.47587042748423,19.8176784598305,410.194357142857,46.7971464285714,24.29285,25.22409,0.3,0,0,0,0,355.831278386839,7.51205903667357,11.2484828542324,0.0591887725256689,0.586319976365119,180,180,12.2272616736563,12.286450446182,0.667828642673092,1.63556361660631,0.61141003006348,0.264446871504981,0.432519681558912,6,5.2000003,1.1,0.072086613593152,0.699737257280066,4.1984235436804,"False",NA
2019-06-30,42.1282761711356,12.3035456027778,7.36969231376624,15.029415143802,26.7778153368056,-7.65972283003578,NA,NA,NA,79.3317930757098,-7.47218891955836,7.55688090836751,NA,NA,NA,NA,NA,"DAFO",7.55688090836751,NA,NA,NA,NA,NA,-7.47218891955836,NA,NA,NA,NA,NA,79.3317930757098,NA,NA,NA,NA,42.1282761711356,NA,NA,NA,NA,NA,0,0,0,0,0,355.66921633168,49.6851570795032,86.8039819952681,12.9021443859669,0.574593538184061,181,181,71.9271758391783,84.8293202251452,0.572383385386762,1.7073372655219,0.585707358583494,1.48337791537388,2.53262639377002,6.3,5.4,0.6,0.402004189487305,0.77435424745336,4.87843175895617,"False",NA
2019-07-01,78.7719202089905,9.99747200196036,7.25559960251873,16.0803904406474,25.8805031748876,-8.82479083812863,NA,NA,NA,154.820755599369,-4.80019623817035,13.7278967839511,NA,NA,NA,NA,NA,"DAFO",13.7278967839511,NA,NA,NA,NA,NA,-4.80019623817035,NA,NA,NA,NA,NA,154.820755599369,NA,NA,NA,NA,78.7719202089905,NA,NA,NA,NA,NA,0,0,0,0,0,355.492393352949,92.4998169929416,159.620951837539,23.438149756478,0.56880133145643,182,182,134.490234849527,157.928384606005,0.579496713483372,1.7073372655219,0.585707358583494,2.77363655505252,4.73553305145497,7.9,6.7000003,0,0.599434563475312,0.823675858136312,6.50703927927686,"False",NA
2019-07-02,115.415564246845,9.72489419232371,7.35366861931147,13.9232561786678,25.8044652022807,-6.56958755935637,NA,NA,NA,230.309718123028,-2.12820355678234,19.8989126595347,NA,NA,NA,NA,NA,"DAFO",19.8989126595347,NA,NA,NA,NA,NA,-2.12820355678234,NA,NA,NA,NA,NA,230.309718123028,NA,NA,NA,NA,115.415564246845,NA,NA,NA,NA,NA,0,0,0,0,0,355.300757606859,135.31447690638,232.437921679811,33.9741551269892,0.564958797276957,183,183,197.053293859877,231.027448986866,0.582153187089581,1.7073372655219,0.585707358583494,4.06389519473117,6.93843970913992,6.2000003,5.1,31.9,1.11910312474338,0.759274676705494,4.70750322335646,"False",NA
2019-07-03,152.0592082847,11.5353949735906,7.75373514121143,13.0447038214965,26.8332803158227,-5.29096868028507,NA,NA,NA,305.798680646688,0.543789124605677,26.0699285351183,NA,NA,NA,NA,NA,"DAFO",26.0699285351183,NA,NA,NA,NA,NA,0.543789124605677,NA,NA,NA,NA,NA,305.798680646688,NA,NA,NA,NA,152.0592082847,NA,NA,NA,NA,NA,0,0,0,0,0,355.094250475298,178.129136819819,305.254891522082,44.5101604975003,0.563399349273689,184,184,259.616352870226,304.126513367726,0.583542284716944,1.7073372655219,0.585707358583494,5.35415383440981,9.14134636682486,5.7000003,4.6,11.7,1.60374489222831,0.931071692483579,5.30710892647791,"False",NA
2019-07-04,188.702852322555,11.6417808608741,7.84438033028566,10.8840575966817,26.7500353040715,-3.03967726639605,NA,NA,NA,381.287643170347,3.21578180599369,32.2409444107019,NA,NA,NA,NA,NA,"DAFO",32.2409444107019,NA,NA,NA,NA,NA,3.21578180599369,NA,NA,NA,NA,NA,381.287643170347,NA,NA,NA,NA,188.702852322555,NA,NA,NA,NA,NA,0,0,0,0,0,354.872806707989,220.943796733257,378.071861364353,55.0461658680115,0.564128590497775,185,185,322.179411880575,377.225577748586,0.584396299518124,1.7073372655219,0.585707358583494,6.64441247408846,11.3442530245098,6.7000003,5.6,0,1.69317201739675,1.10742752681567,7.41976476189325,"False",NA
2019-07-05,225.34649636041,15.1559893385665,8.23533188904247,12.418166316924,27.6628041069775,-4.18283442788151,NA,NA,NA,456.776605694006,5.8877744873817,38.4119602862855,NA,NA,NA,NA,NA,"DAFO",38.4119602862855,NA,NA,NA,NA,NA,5.8877744873817,NA,NA,NA,NA,NA,456.776605694006,NA,NA,NA,NA,225.34649636041,NA,NA,NA,NA,NA,0,0,0,0,0,354.636354578969,263.758456646696,450.888831206625,65.5821712385226,0.566297945633495,186,186,384.742470890924,450.324642129447,0.584974473510136,1.7073372655219,0.585707358583494,7.9346711137671,13.5471596821948,7.9,6.7000003,0,1.71483033951832,1.36142400848585,10.7552496670382,"False",NA
2019-07-06,261.990140398265,19.2542227806961,8.70974737765983,14.2076259952456,28.8241919487434,-5.4978786175858,NA,NA,NA,532.265568217666,8.55976716876971,44.5829761618691,NA,NA,NA,NA,NA,"DAFO",44.5829761618691,NA,NA,NA,NA,NA,8.55976716876972,NA,NA,NA,NA,NA,532.265568217666,NA,NA,NA,NA,261.990140398265,NA,NA,NA,NA,NA,0,0,0,0,0,354.384816057444,306.573116560134,523.705801048896,76.1181766090338,0.572223547181346,187,187,447.305529901273,523.423706510307,0.585391866857535,1.7073372655219,0.585707358583494,9.22492975344574,15.7500663398797,7.8,6.7000003,0,2.01923927434355,1.30607389139262,10.1873763528625,"False",NA
2019-07-07,298.63378443612,17.6855527185648,8.79242406781815,11.8983116228661,28.6804761740898,-3.10588755504798,NA,NA,NA,607.754530741325,11.2317598501577,50.7539920374527,NA,NA,NA,NA,NA,"DAFO",50.7539920374527,NA,NA,NA,NA,NA,11.2317598501577,NA,NA,NA,NA,NA,607.754530741325,NA,NA,NA,NA,298.63378443612,NA,NA,NA,NA,NA,0,0,0,0,0,354.118106993037,349.387776473573,596.522770891167,86.7008834781172,0.582940434062781,188,188,510.14337804047,596.844261518587,0.585707358583494,1.70825741971466,0.585391866857535,10.5151883931244,17.9626485922522,7.9,6.8,0,2.27375298636104,1.2507237742994,9.88071781696522,"False",NA
2019-07-08,335.277428473975,16.0305979505774,8.89756513746869,11.674031013346,28.6009396061975,-2.77646587587732,NA,NA,NA,683.243493264984,13.9037525315457,56.9250079130363,NA,NA,NA,NA,NA,"DAFO",56.9250079130363,NA,NA,NA,NA,NA,13.9037525315457,NA,NA,NA,NA,NA,683.243493264984,NA,NA,NA,NA,335.277428473975,NA,NA,NA,NA,NA,0,0,0,0,0,353.836137315441,392.202436387011,669.339740733439,97.1901873500561,0.595344489024613,189,189,572.431647921972,669.621835272028,0.585954206091588,1.7073372655219,0.585707358583494,11.805447032803,20.1558796552496,8.400001,7,0,2.39950919711195,1.19537365720617,10.0411399159055,"False",NA
2019-07-09,371.92107251183,15.5002056855292,9.02815242520276,11.8698588646412,28.6057426069501,-2.84170643943847,NA,NA,NA,758.732455788644,16.5757452129338,63.0960237886199,NA,NA,NA,NA,NA,"DAFO",63.0960237886199,NA,NA,NA,NA,NA,16.5757452129338,NA,NA,NA,NA,NA,758.732455788644,NA,NA,NA,NA,371.92107251183,NA,NA,NA,NA,NA,0,0,0,0,0,353.538811248501,435.017096300449,742.15671057571,107.68081043309,0.607622530979752,190,190,634.727199916535,742.408010349625,0.586152614537428,1.70661800803542,0.585954206091588,13.0957056724817,22.3493671285888,8.7,7.1,0,2.56889277340101,1.14002354011294,9.91820479898259,"False",NA
2019-07-10,408.564716549685,19.7693085923504,9.4078291991271,12.8672818477614,29.3954937150641,-3.45945264863427,NA,NA,NA,834.221418312303,19.2477378943218,69.2670396642035,NA,NA,NA,NA,NA,"DAFO",69.2670396642035,NA,NA,NA,NA,NA,19.2477378943218,NA,NA,NA,NA,NA,834.221418312303,NA,NA,NA,NA,408.564716549685,NA,NA,NA,NA,NA,0,0,0,0,0,353.226027538711,477.831756213888,814.973680417981,118.172363214428,0.618385831121929,191,191,697.027883893532,815.20024710796,0.586315567846092,1.70604033010953,0.586152614537428,14.3859643121603,24.543035304062,8.3,7,0,2.95699220530867,1.08467342301971,9.00278941106363,"False",NA
2019-07-11,445.208360587539,21.7109510138889,9.45888010556084,13.5354556380639,29.1309937013889,-4.07657553250304,NA,NA,NA,909.710380835962,21.9197305757098,75.4380555397871,NA,NA,NA,NA,NA,"DAFO",75.4380555397871,NA,NA,NA,NA,NA,21.9197305757098,NA,NA,NA,NA,NA,909.710380835962,NA,NA,NA,NA,445.208360587539,NA,NA,NA,NA,NA,0,0,0,0,0,352.8976796981,520.646416127326,887.790650260252,128.664595785711,0.629149131264105,192,192,759.332320345972,887.996916131684,0.586451790154245,1.70556617432765,0.586315567846092,15.676222951839,26.7368356078752,7,5.8,0,3.81954794398217,1.02932330592649,7.20526314148541,"False",NA
2019-07-12,361.808341182965,21.703352625,9.59030442722137,13.7565967290734,29.1324754930556,-4.16629230185203,395.1569562,0,52.2030832,619.856823864353,11.6483995725421,26.2135295149041,0.3869829036,100.2587692,3.26330824,2.40425,27.088848,"DAFO",26.2135295149041,52.2030832,4.58023181468593,395.1569562,484.467512,1.89106609468593,11.6483995725421,31.255954,2.68916572,3.26330824,26.375849,154.637608,619.856823864353,49.075073292,18.4118464,2.64,2.48,361.808341182965,16.2113602198112,440.213212,34.3398516,27.64327,33.4367,0,0,0,0,0,352.553656261466,388.021870697869,608.208424291811,44.6985241668535,0.641427173219245,193,193,616.94472974122,661.643253908073,0.637975166407266,1.70517000167565,0.586451790154245,12.8791118332279,21.961075146246,9.400001,7.5,0,2.33628434148529,1.05039071140566,9.87367373760394,"False",NA
2019-07-13,152.948588895833,19.3191925,9.77428198785321,14.6667883091839,28.9265710416667,-4.89250632133067,321.248399064583,0,64.441499375,253.082933833333,0.46383445125,-4.78486533958333,0.227212340979167,100.525258333333,2.78408262083333,2.5722989375,26.6012627083333,"DAFO",-4.78486533958333,64.441499375,4.03011589735433,321.248399064583,470.504560416667,2.09819664735433,0.46383445125,28.9265710416667,1.93191925,2.78408262083333,25.4583107291667,140.074308958333,253.082933833333,38.7856568925,17.6300991666667,5.39583333333333,5.41666666666667,152.948588895833,17.8483963452879,441.124770833333,33.2865222916667,24.81455,32.69143,0,0,0,0,0,352.19384105791,148.16372355625,252.619099382083,-8.15819381247657,0.649801141218218,194,194,260.77729319456,252.619099382083,0.586510378346944,1.70499966738604,0.586510378346944,5.43212659398252,9.26177403593906,7.3,5.9,0,1.26873616930672,1.0488978406105,7.65695423645665,"False",NA
2019-07-14,88.8245948916667,12.7737720416667,9.80008539160765,10.2571772285778,27.8616797916667,-0.457091836970145,213.602953864583,0.00208333333333333,74.021504375,163.157499729167,1.105384356875,-0.256588925,0.119021891166667,100.8408625,1.96390797916667,2.8044330625,26.6358160416667,"DAFO",-0.256588925,74.021504375,3.77366446270728,213.602953864583,464.084397916667,2.49628725854061,1.105384356875,27.8616797916667,1.27737720416667,1.96390797916667,24.9173713541667,92.4429820416667,163.157499729167,26.8824090270833,16.9538139583333,7,7.375,88.8245948916667,20.6058867957895,440.521352083333,32.88092875,24.42388,31.68401,0.1,0,0,0,0,351.818113496553,88.5680059666667,162.052115372292,-0.424473583397413,0.65756520208474,195,195,146.942016641947,146.51754305855,0.546540264304445,1.65429425060888,0.604487381632343,3.15143990791628,5.21340892080528,6.6,5.6,0.5,0.789910442546255,1.01957384030944,6.72918734604228,"False",NA
2019-07-15,140.495145208333,12.0710518541667,10.3712273490143,12.2691263716276,28.3472879166667,-1.89789902261325,286.576178391667,0.0166666666666667,81.2662104166667,219.488164772917,1.79444438458333,12.3901981833333,0.208625288125,101.104597916667,2.46608535833333,3.11606991666667,26.7372741666667,"DAFO",12.3901981833333,81.2662104166667,3.87900763912281,286.576178391667,467.55155,2.67190245370614,1.79444438458333,28.3472879166667,1.20710518541667,2.46608535833333,24.7421803125,142.6218734375,219.488164772917,36.2713834854167,16.7260210416667,6,6,140.495145208333,21.731116538963,436.734902083333,32.7583395833333,26.30979,32.09421,0.8,0,0,0,0,351.426348866351,152.885343391667,217.693720388333,20.086299503178,0.663769814947992,196,196,227.762907714674,247.849207217852,0.702295606501381,1.62114432763449,0.616848224401562,4.98702597151885,8.08468886549368,7.4,5.8,1.2,1.09252552236401,1.00723636906,7.45354913104398,"False",NA
2019-07-16,160.29186803125,13.643141125,10.8576178561757,13.6758472145466,28.5639322916667,-2.81822935837088,319.188788597917,0.0166666666666667,77.675780625,243.372322916667,1.03731115,12.991065,0.238010909333333,101.34466875,2.86808064583333,3.01592539583333,26.8934889583333,"DAFO",12.991065,77.675780625,3.9272700337954,319.188788597917,468.53238125,2.5629559212954,1.03731115,28.5639322916667,1.3643141125,2.86808064583333,23.8399110416667,327.531146666667,243.372322916667,40.7392486375,16.1282810416667,6.6875,6.5,160.29186803125,21.0634686894362,433.4551875,31.5515410416667,26.16839,31.32912,0.8,0,0,0,0,351.018418649853,173.28293303125,242.335011766667,20.5038299179562,0.674923102991444,197,197,252.989050500805,273.492880418761,0.715055293776932,1.57830246542191,0.633592116789023,5.6909277907857,8.9820053627351,8.6,7,0,1.04441922822501,0.952688471310342,8.19312085326894,"False",NA
2019-07-17,138.460902984375,14.6092320208333,11.0253511702901,13.0286084851334,28.6820295833333,-2.00325731484324,342.456052729167,0.0166666666666667,75.7170902083333,259.641521666667,1.12395216875,24.2006957666667,0.2056684881875,101.427075,3.01986695833333,2.95840241666667,26.8974145833333,"DAFO",24.2006957666667,75.7170902083333,3.96151180529363,342.456052729167,469.232720833333,2.5005886032103,1.12395216875,28.6820295833333,1.46092320208333,3.01986695833333,23.0775636458333,331.999295145833,259.641521666667,42.8646508895833,15.5619214583333,5.41666666666667,5.39583333333333,138.460902984375,20.6834148560208,429.282827083333,30.5932058333333,25.88292,31.92698,0.8,0,0,0,0,350.594190850729,162.661598751042,258.517569497917,38.1960177934555,0.67861381037202,198,198,218.533184544782,256.729202338238,0.629209067170781,1.57830246542191,0.633592116789023,4.91641468369013,7.7595894163046,8.6,6.9,0,0.902277839105186,0.897562195173045,7.71903487848819,"False",NA
2019-07-18,146.83104078125,15.6272756458333,10.6952304438057,13.3911190817063,28.382595,-2.69588863790066,337.081017120833,0,72.7394952083333,252.522536833333,0.209641308333333,25.1528203666667,0.2180641724375,101.367139583333,2.69004791041667,2.78739858333333,26.267455,"DAFO",25.1528203666667,72.7394952083333,3.89601528967536,337.081017120833,456.724916666667,2.33328772509203,0.209641308333333,28.382595,1.56272756458333,2.69004791041667,22.44539375,325.519016583333,252.522536833333,42.2483717270833,15.035579375,6.45833333333333,6.45833333333333,146.83104078125,19.5788312512946,414.414791666667,29.855208125,25.58696,31.76191,0,0,0,0,0,350.153530334874,171.983861147917,252.312895525,39.6987583970243,0.677114818528811,199,199,231.743793665511,271.442552062536,0.68162929520531,1.57830246542191,0.633592116789023,5.21210388483572,8.22627641147131,8.7,7,0,0.945549012812795,0.912865455390795,7.94192946189992,"False",NA
2019-07-19,100.860385286671,8.90586861174242,10.4817924716261,12.2323934456539,28.3994552594697,-1.75060097402781,85.56134245,0,83.3824354166667,140.998439375,-2.7621700875,13.3776854833104,0.0234363067916667,101.253304166667,1.65273973333333,2.84913579166667,26.5087241666667,"DAFO",13.3776854833103,83.3824354166667,3.40907309728692,85.56134245,451.000379166667,2.67042174728692,-2.7621700875,26.2152716666667,0.73865135,1.65273973333333,21.8898577083333,249.711954166667,140.998439375,10.9131116291667,14.5846041666667,6.58333333333333,6.58333333333333,100.860385286671,21.5111404431626,409.813620833333,29.19511125,25.33101,28.81108,0,0,0,0,0,349.69629918483,114.238070769981,143.7606094625,20.3730066830568,0.669226726025753,200,200,153.601256814161,173.974263497218,0.794640974305135,1.52290967734842,0.656637760514547,3.57275911946494,5.44098943786799,8.7,7,0,0.625401084812412,0.908862843562416,7.90710673899302,"False",NA
2019-07-20,148.469974380496,0,10.3105159337038,14.079512899908,28.5350045833333,-3.76899696620424,384.34740683125,0.00625,71.2175283333333,291.648985625,0.425108102083333,27.5711848121503,0,101.220429166667,0,2.7360884375,26.711203125,"DAFO",27.5711848121503,71.2175283333333,3.93856176381045,384.34740683125,467.60660625,3.93856176381045,0.425108102083333,28.5350045833333,0,0,21.4063965625,0,291.648985625,46.2109534291667,14.1544602083333,0,0,148.469974380496,27.9399138083011,421.11916875,28.6583329166667,25.25447,32.27103,0.3,0,0,0,0,349.222357067281,176.041159192646,291.223877522917,40.637603895917,0.661338633522696,201,201,218.832235553862,259.469839449779,0.604487381632343,1.4739157628804,0.678464824913569,5.27106085401986,7.7690996798417,8.8,7,0,0.882852236345647,0.993688864445781,8.74446200712287,"False",NA
2019-07-21,148.159140807354,0,9.97996800353637,11.9167017810817,28.2202395833333,-1.93673377754533,312.8634243875,0,72.9717427083333,235.945692270833,0.703954894166667,28.4476778577138,0,101.178114583333,0,2.76745610416667,26.6433539583333,"DAFO",28.4476778577138,72.9717427083333,3.85764663412141,312.8634243875,465.740922916667,3.85764663412141,0.703954894166667,28.2202395833333,0,0,20.9630304166667,0,235.945692270833,37.8034834395833,13.7559016666667,0,0,148.159140807354,27.6356143836109,426.626658333333,28.1701591666667,25.17884,32.13674,0,0,0,0,0,348.731561613285,176.606818665068,235.241737376667,41.7348228103155,0.65243763807344,202,202,217.360289309056,259.095112119372,0.750746107534,1.4670730953528,0.68162929520531,5.25841970345121,7.71448607100632,8.6,6.8,0,0.897033264070502,1.00058604454029,8.60503998304648,"False",NA
2019-07-22,147.848307234213,0,9.56675620360535,7.64911776635206,27.6451210416667,1.91763843725329,178.81109140625,0,77.875489375,123.083660652083,0.6499084,29.3241709032774,0,101.247427083333,0,2.87404908333333,26.5663541666667,"DAFO",29.3241709032774,77.875489375,3.71957617631439,178.81109140625,462.383620833333,3.71957617631439,0.6499084,27.6451210416667,0,0,20.713373125,0,123.083660652083,25.1753840770833,13.5329620833333,0,0,147.848307234213,27.0787591615758,431.831575,27.8937841666667,25.10353,30.63027,0,0,0,0,0,348.223768810907,177.17247813749,122.433752252083,42.2602179888565,0.643536642624183,203,203,213.070020414557,255.330238403413,1.44708852647678,1.4411393975382,0.693895400894756,5.24446241205039,7.55800140091405,7.1,5.9,0.5,1.06450723956536,0.992685423470523,7.04806650664071,"False",NA
2019-07-23,147.537473661071,0,9.06778845764789,9.32241508034017,26.7709677083333,-0.254626622692282,224.125503625,0,73.1546289583333,162.494805727083,-0.7549539655,30.2006639488409,0,101.30305625,0,2.56710329166667,26.348214375,"DAFO",30.2006639488409,73.1546289583333,3.53156768217774,224.125503625,456.714752083333,3.53156768217774,-0.7549539655,26.7709677083333,0,0,20.4609127083333,0,162.494805727083,30.4596092645833,13.296755,0,0,147.537473661071,26.2303319596423,425.543675,27.6250704166667,24.61632,29.44288,0,0,0,0,0,347.69883340986,177.738137609912,163.249759692583,43.5233666484864,0.634635647174927,204,204,212.622065906225,256.145432554711,1.08874976566343,1.4411393975382,0.693895400894756,5.22900583743122,7.53572632227939,4.6,3.8,0,1.63820137440856,1.02556202476936,4.71758531393908,"False",NA
2019-07-24,147.22664008793,0,8.41575971875316,13.2666326582725,25.3353572916667,-4.85087293951938,397.9676989375,0,52.1452902083333,283.27135625,-4.56500763141667,31.0771569944045,0,101.412235416667,0,1.62922604166667,25.305643125,"DAFO",31.0771569944045,52.1452902083333,3.27875187942146,397.9676989375,445.431725,3.27875187942146,-4.56500763141667,25.3353572916667,0,0,19.8944519791667,0,283.27135625,49.1658089958333,12.807335,0,0,147.22664008793,24.8312111047235,379.90118125,26.9815689583333,20.3624,30.06225,0,0,0,0,0,347.156609337737,178.303797082334,287.836363881417,44.7865153081163,0.628123983868874,205,205,212.174111397893,256.960626706009,0.619462373266333,1.4411393975382,0.693895400894756,5.21074436032006,7.50940898815725,7.9,6.2000003,0,0.95055809976674,1.02617430337154,8.10677699663517,"False",NA
2019-07-25,146.915806514788,0,8.24319464265812,19.0438835247631,25.3982860416667,-10.800688882105,399.104124333333,0,53.8712652083333,287.593649916667,-2.61884439583333,31.953650039968,0,101.439558333333,0,1.7005051875,24.482658125,"DAFO",31.953650039968,53.8712652083333,3.31233022943984,399.104124333333,446.239947916667,3.31233022943984,-2.61884439583333,25.3982860416667,0,0,19.3412539583333,0,287.593649916667,48.8396527854167,12.3524304166667,0,0,146.915806514788,24.8901508918596,383.569129166667,26.3300775,19.24311,30.87466,0,0,0,0,0,346.596950127348,178.869456554756,290.2124943125,43.2164036397979,0.621234958637157,206,206,198.699453347831,241.915856987629,0.616339613421847,1.35247158261239,0.739387069463178,5.20005961417575,7.03293285606304,7.9,6.4,0,0.890244665324436,1.042378004509,8.23478623562113,"False",NA
2019-07-26,146.604972941647,0,8.30988886746872,21.6512505574789,26.2747583333333,-13.3413616900101,363.595362375,0,62.6272995833333,265.388789604167,-0.322778291666667,32.8301430855316,0,101.536333333333,0,2.11044072916667,24.543361875,"DAFO",32.8301430855316,62.6272995833333,3.49764983596219,363.595362375,451.867029166667,3.49764983596219,-0.322778291666667,26.2747583333333,0,0,19.0438786458333,0,265.388789604167,45.4316954625,12.092556875,0,0,146.604972941647,25.7412340163555,399.092154166667,25.9952004166667,19.55644,31.28785,0,0,0,0,0,346.019709354678,179.435116027178,265.711567895833,44.3474599059188,0.614723295331104,207,207,198.036241956047,242.383701861966,0.675300354621828,1.35081530989315,0.740293652785961,5.19346039287207,7.01540581001529,8.2,6.7000003,0,0.855537293904303,1.00880640075319,8.27221248617613,"False",NA
2019-07-27,146.294139368505,0,8.44092063757245,20.5493407682139,27.4333070833333,-12.1084201306414,324.845237541667,0,71.7610177083333,244.876560791667,1.72875745416667,33.7066361310951,0,101.615552083333,0,2.57940452083333,25.186869375,"DAFO",33.7066361310951,71.7610177083333,3.71674319922367,324.845237541667,461.395904166667,3.71674319922367,1.72875745416667,27.4333070833333,0,0,18.9406198958333,0,244.876560791667,38.8457577291667,11.9721060416667,0,0,146.294139368505,26.8690762621997,420.27295625,25.90913375,23.23723,32.8522,0,0,0,0,0,345.424741086896,180.0007754996,243.1478033375,45.5314401308809,0.603341231935117,208,208,197.616363206619,243.1478033375,0.740293652785961,1.35081530989315,0.740293652785961,5.18826787237504,7.00839167383097,7.9,6.2000003,0,0.887138186560882,0.891415789645332,7.04218473819812,"False",NA
2019-07-28,145.983305795364,0,7.99853884306458,15.3900791015064,26.6639122916667,-7.39154025844186,167.1746742125,0,75.448473125,116.143160208333,1.21197879625,34.5831291766587,0,101.559614583333,0,2.75891585416667,25.4091204166667,"DAFO",34.5831291766587,75.448473125,3.50789244681676,167.1746742125,455.249214583333,3.50789244681676,1.21197879625,26.6639122916667,0,0,18.917181875,0,116.143160208333,22.6817918166667,11.9933620833333,0,0,145.983305795364,26.1264947979749,426.8995,25.8410016666667,24.26478,29.22762,0,0,0,0,0,344.811900339833,180.566434972022,114.931181412083,46.6076489882184,0.597306257609532,209,209,196.741556841024,243.349205829242,1.57108308427289,1.347699010987,0.742005441754865,5.17338680980393,6.97216828702592,6.9,5.5,9.3,1.01045917203274,0.894821689550345,6.17426965789738,"False",NA
2019-07-29,145.672472222222,0,8.23413484117087,19.5680031798175,28.22422875,-11.3338683386466,340.205257020833,0,75.71563875,263.534786291667,2.49818882916667,35.4596222222222,0,101.376097916667,0,2.87335552083333,25.8127175,"DAFO",35.4596222222222,75.71563875,3.86404255132194,340.205257020833,465.933629166667,3.86404255132194,2.49818882916667,28.22422875,0,0,19.0395596875,0,263.534786291667,40.1547694125,12.1606652083333,0,0,145.672472222222,27.6389808480315,429.417914583333,25.9184541666667,25.29309,32.26926,0,0,0,0,0,344.18104354431,181.132094444444,261.0365974625,47.7888977988614,0.592604325030082,210,210,196.322646741919,244.111544540781,0.693895400894756,1.347699010987,0.742005441754865,5.1701836123706,6.96785134101303,8.400001,6.5,0,0.829506013274645,0.907650919300376,7.62426862977408,"False",NA
2019-07-30,145.361638649081,0,8.13971046721113,13.5217406190769,28.6685008333333,-5.3820301518658,316.545790615833,0,73.5724077083333,246.63922825,2.32896298958333,36.3361152677858,0,101.334352083333,0,2.83842091666667,26.262914375,"DAFO",36.3361152677858,73.5724077083333,3.9757112783943,316.545790615833,469.004320833333,3.9757112783943,2.32896298958333,28.6685008333333,0,0,19.0166402083333,0,246.63922825,36.61459783125,12.1200097916667,0,0,145.361638649081,28.0687767274332,435.712385416667,25.913270625,25.47659,33.38195,0,0,0,0,0,343.532029020637,181.697753916867,244.310265260417,48.8574336679335,0.593759710886604,211,211,195.452831592483,244.310265260417,0.743717230723769,1.34459705744188,0.743717230723769,5.1613755088523,6.93997032155537,8.5,6.7000003,0,0.816467096653573,0.914011528368605,7.76909799113314,"False",NA
2019-07-31,145.050805075939,0,7.64025186451475,14.4314866951323,27.6414045833333,-6.79123483061756,290.641123354167,0,76.6817810416667,222.847744114583,0.703105045833333,37.2126083133493,0,101.34918125,0,2.824252,26.3060777083333,"DAFO",37.2126083133493,76.6817810416667,3.72542068364631,290.641123354167,462.187397916667,3.72542068364631,0.703105045833333,27.6414045833333,0,0,18.883385625,0,222.847744114583,34.0101195185417,11.9993529166667,0,0,145.050805075939,27.0745310298973,428.404125,25.7674183333333,25.32228,31.45535,0,0,0,0,0,342.864717460571,182.263413389289,222.14463906875,50.0359636378666,0.594337403814865,212,212,195.034885684683,245.070849322549,0.820471806807281,1.34459705744188,0.743717230723769,5.14521112130433,6.91823573362301,7.1,5.7000003,0.7,0.974399399101833,0.919104629415625,6.52564286885094,"False",NA
2019-08-01,144.739971502798,0,7.45545526768741,17.6119373063769,27.7467958333333,-10.1564820386895,323.781993964583,0,73.316536875,247.962624541667,0.691499020833333,38.0891013589129,0,101.3506625,0,2.7039229375,26.0289814583333,"DAFO",38.0891013589129,73.316536875,3.76465023390534,323.781993964583,462.40729375,3.76465023390534,0.691499020833333,27.7467958333333,0,0,18.7166211458333,0,247.962624541667,38.9698433958333,11.882370625,0,0,144.739971502798,27.1752253445235,425.557760416667,25.5508716666667,23.95166,31.63466,0,0,0,0,0,342.178972416006,182.829072861711,247.271125520833,50.1628058529371,0.595460685761358,213,213,190.620488029853,240.78329388279,0.739387069463178,1.31698580599878,0.759309626151678,5.13470984794456,6.76233998766514,6.9,5.6,0,0.980049273574658,0.934691185023569,6.44936917666262,"False",NA
2019-08-02,144.429137929656,0,7.34344892585926,16.9518435206647,28.150834375,-9.60839459480545,301.675905164583,0,69.8767279166667,232.210373541667,0.599956704166667,38.9655944044764,0,101.22083125,0,2.61940183333333,25.97335625,"DAFO",38.9655944044764,69.8767279166667,3.86321147102681,301.675905164583,463.993647916667,3.86321147102681,0.599956704166667,28.150834375,0,0,18.5765313541667,0,232.210373541667,34.55889899375,11.7346058333333,0,0,144.429137929656,27.5663420445873,429.087029166667,25.418456875,23.90401,32.77633,0,0,0,0,0,341.4746607936,183.394732334133,231.6104168375,51.3171347530009,0.595538960851624,214,214,190.211124625997,241.528259378998,0.791824197021346,1.31698580599878,0.759309626151678,5.12569053486863,6.75046168036428,7.5,6.3,0,0.900061557381904,0.959464254788517,7.19598191091388,"False",NA
2019-08-03,144.118304356515,0,7.13986879446916,12.3277852037793,28.2170485416667,-5.18791640931015,244.361396929167,0,71.0547425,187.183267354167,0.746392285416667,39.84208745004,0,101.092289583333,0,2.70105245833333,26.0048964583333,"DAFO",39.84208745004,71.0547425,3.86122171582876,244.361396929167,463.740620833333,3.86122171582876,0.746392285416667,28.2170485416667,0,0,18.4595046875,0,187.183267354167,29.1673311685417,11.6143766666667,0,0,144.118304356515,27.6321311714738,435.729810416667,25.3046327083333,24.78523,32.72878,0,0,0,0,0,340.75165335453,183.960391806555,186.43687506875,52.4714636530648,0.59561723594189,215,215,189.801761222142,242.273224875207,0.986716773378217,1.31698580599878,0.759309626151678,5.11498772022712,6.73636622539717,7.3,5.9,0.6,0.922789893890024,0.979638463125415,7.15136078081553,"False",NA
2019-08-04,143.807470783373,0,6.75794540167778,12.2443710529303,27.534475625,-5.48642565125251,222.458584356875,0,72.944288125,165.289258604167,0.445501227083333,40.7185804956035,0,101.121979166667,0,2.6678808125,25.9470675,"DAFO",40.7185804956035,72.944288125,3.70085233649104,222.458584356875,460.790945833333,3.70085233649104,0.445501227083333,27.534475625,0,0,18.3661807291667,0,165.289258604167,29.5501540322917,11.4951145833333,0,0,143.807470783373,26.9709027580088,433.171772916667,25.237246875,25.15945,31.14702,0,0,0,0,0,340.009825218526,184.526051278977,164.843757377083,53.6257925531286,0.595163135648237,216,216,189.392397818287,243.018190371415,1.11939969226053,1.31698580599878,0.759309626151678,5.10057916883599,6.71739036773006,6,4.9,0.7,1.11956506128834,0.945660402191096,5.67396241314657,"False",NA
2019-08-05,143.496637210232,0,6.71382438284308,10.8698791547327,28.2672702083333,-4.15605477188962,296.22305173125,0,72.6582052083333,228.290033333333,1.43960459375,41.5950735411671,0,101.140135416667,0,2.77501091666667,26.0182377083333,"DAFO",41.5950735411671,72.6582052083333,3.86819507900721,296.22305173125,465.100720833333,3.86819507900721,1.43960459375,28.2672702083333,0,0,18.2952746875,0,228.290033333333,35.78409076875,11.399615625,0,0,143.496637210232,27.6812097008289,432.951810416667,25.19093375,24.99426,31.93134,0,0,0,0,0,339.249056371301,185.091710751399,226.850428739583,54.8774091368253,0.595352584972207,217,217,189.318662032194,244.19607116902,0.815919598564559,1.31932472922575,0.757963508034035,5.09317184233702,6.71954756179148,6.7000003,5.3,0.7,1.00291750162929,0.90614476156131,6.0711701743042,"False",NA
2019-08-06,143.18580363709,0,6.45491771655836,13.4187281087775,28.084834375,-6.96381039221917,288.46466565,0,75.5609320833333,218.738500625,1.71476335416667,42.4715665867306,0,101.11698125,0,2.85104604166667,26.2001179166667,"DAFO",42.4715665867306,75.5609320833333,3.83214388143241,288.46466565,465.464202083333,3.83214388143241,1.71476335416667,28.084834375,0,0,18.255134375,0,218.738500625,36.763466275,11.30897,0,0,143.18580363709,27.5038553735246,432.501491666667,25.20129875,24.63663,32.46817,0,0,0,0,0,338.469232174473,185.657370223821,217.023737270833,56.0337880868316,0.593623401760908,218,218,188.908571612475,244.942359699307,0.855470339597604,1.31932472922575,0.757963508034035,5.0812402258367,6.70380588508298,7,5.6,2.3,0.957686555011854,0.879976121882166,6.15983285317516,"False",NA
2019-08-07,142.874970063949,0,6.40459495587165,9.94924618674504,28.8565141666667,-3.54465123087339,318.259524127292,0,71.985278125,237.76624625,1.66657343958333,43.3480596322942,0,101.117858333333,0,2.83085302083333,26.457756875,"DAFO",43.3480596322942,71.985278125,4.01343340140726,318.259524127292,469.463364583333,4.01343340140726,1.66657343958333,28.8565141666667,0,0,18.2121953125,0,237.76624625,40.2693976416667,11.222315625,0,0,142.874970063949,28.2514757637375,429.2394875,25.202075,25.75511,33.20695,0,0,0,0,0,337.670243877037,186.223029696243,236.099672810417,56.0031778443846,0.588494362483679,219,219,184.586171235249,240.589349079634,0.788747512775151,1.29194197662915,0.774028569463414,5.07400665891738,6.55532219235121,8.900001,7,0,0.7365529725616,0.858133030329061,7.63738482806168,"False",NA
2019-08-08,142.564136490807,0,6.27788423908145,10.8088897910114,29.3159139583333,-4.53100555192998,329.125649625,0,71.3064414583333,248.121627083333,2.12357472708333,44.2245526778577,0,101.115975,0,2.87313683333333,26.6412889583333,"DAFO",44.2245526778577,71.3064414583333,4.12751615843631,329.125649625,473.142879166667,4.12751615843631,2.12357472708333,29.3159139583333,0,0,18.0996114583333,0,248.121627083333,40.6422656229167,11.0763635416667,0,0,142.564136490807,28.6960077005258,432.781133333333,25.122859375,25.86996,34.06874,0,0,0,0,0,336.85198912744,186.788689168665,245.99805235625,58.3465459868444,0.583365323206451,220,220,188.088390773037,246.434936759881,0.759309626151678,1.31932472922575,0.757963508034035,5.06522605772745,6.68267799707847,9.5,7.3,0,0.703439789166155,0.813885017995348,7.73190767095581,"False",NA
2019-08-09,142.253302917666,0,6.01624510240056,9.98628863087278,29.1438639583333,-3.97004352847222,336.225222741667,0,70.1445347916667,251.4623925,1.22059609791667,45.1010457234213,0,101.162447916667,0,2.80024204166667,26.80372,"DAFO",45.1010457234213,70.1445347916667,4.07823752412384,336.225222741667,471.493239583333,4.07823752412384,1.22059609791667,29.1438639583333,0,0,17.9628701041667,0,251.4623925,41.064921825,10.9087564583333,0,0,142.253302917666,28.5301042459632,427.79533125,25.01698375,26.20053,33.12931,0,0,0,0,0,336.014372485251,187.354348641087,250.241796402083,59.5029249368508,0.575255158015272,221,221,187.678300353318,247.181225290168,0.748693269209313,1.31932472922575,0.757963508034035,5.05333819100931,6.66699404053948,9.3,7.2000003,0,0.716881079627901,0.774774198157386,7.20540004286369,"False",NA
2019-08-10,141.942469344524,0,5.75182533335826,9.67536014410562,28.941571875,-3.92353481074735,346.099166264583,0,70.4633545833333,260.044047083333,1.32601802291667,45.9775387689848,0,101.175572916667,0,2.7813449375,26.6605047916667,"DAFO",45.9775387689848,70.4633545833333,4.04225821196321,346.099166264583,470.636429166667,4.04225821196321,1.32601802291667,28.941571875,0,0,17.7457766666667,0,260.044047083333,41.5403806645833,10.7258879166667,0,0,141.942469344524,28.3330735026751,426.121685416667,24.7656654166667,25.24457,33.25564,0,0,0,0,0,335.157305931453,187.920008113509,258.718029060417,61.0871098138492,0.565989606967572,222,222,188.588938082675,249.676047896525,0.726350648217197,1.32862940142974,0.752655329562852,5.04130632217784,6.69802780125913,8.7,7,0,0.769888253018291,0.753914371881706,6.55905503537084,"False",NA
2019-08-11,141.631635771383,0,5.59993899599986,8.91034749839394,29.32758375,-3.31040850239407,333.2351663125,0,69.8373858333333,250.800432291667,1.68420776666667,46.8540318145484,0,101.234635416667,0,2.818565,26.8235372916667,"DAFO",46.8540318145484,69.8373858333333,4.13337142378972,333.2351663125,473.289191666667,4.13337142378972,1.68420776666667,29.32758375,0,0,17.6281059375,0,250.800432291667,40.6790186958333,10.6233720833333,0,0,141.631635771383,28.7070344365143,431.533460416667,24.6328397916667,25.70502,33.79088,0,0,0,0,0,334.28070937631,188.485667585931,249.116224525,62.5841899932976,0.557293146726306,223,223,189.181183750882,251.76537374418,0.756617389916392,1.33572688559675,0.748656039481635,5.03215183027599,6.72158049210452,8.3,6.5,0,0.809828974952351,0.803999212024347,6.67319345980208,"False",NA
2019-08-12,141.320802198241,0,5.39933402164387,9.19865882714523,29.47218625,-3.79932480550136,357.532500745833,0,68.886874375,272.310499791667,1.57654446666667,47.7305248601119,0,101.110485416667,0,2.78432441666667,26.9436258333333,"DAFO",47.7305248601119,68.886874375,4.17062894945118,357.532500745833,474.568422916667,4.17062894945118,1.57654446666667,29.47218625,0,0,17.4815775,0,272.310499791667,42.569497875,10.4969129166667,0,0,141.320802198241,28.8468673443931,431.915920833333,24.4662420833333,26.0961,34.1286,0,0,0,0,0,333.384511163793,189.051327058353,270.733955325,63.7581159305884,0.549055398291181,224,224,188.775382553757,252.533498484345,0.69829189630613,1.33579331292606,0.748618809753957,5.02181299495396,6.70810421742467,9.2,7.2000003,0,0.729141762763551,0.789823758865806,7.26637858156542,"False",NA
2019-08-13,141.0099686251,0,5.18732840499771,8.11937611742733,29.5653672916667,-2.93204771242962,333.577170041667,0,68.3610989583333,254.790285791667,1.50118316666667,48.6070179056755,0,101.055410416667,0,2.7745974375,26.982025,"DAFO",48.6070179056755,68.3610989583333,4.1979813904025,333.577170041667,474.984175,4.1979813904025,1.50118316666667,29.5653672916667,0,0,17.3036734375,0,254.790285791667,39.82859786875,10.3505147916667,0,0,141.0099686251,28.9366949523004,436.025864583333,24.2568320833333,25.96613,35.12792,0,0,0,0,0,332.468648571516,189.616986530775,253.289102625,66.9194940831673,0.541677047924972,225,225,194.134842408696,261.054336491864,0.748618809753957,1.37674551878554,0.726350648217197,5.01122099913113,6.89917605419779,8.5,6.7000003,0,0.811667771082093,0.786514107749485,6.68536991587062,"False",NA
2019-08-14,158.11493420776,22.2514104166667,4.91761309209616,9.06283530361282,29.3052389583333,-4.14522221151667,301.59901334375,0,68.0656064583333,233.109826291667,0.832668289583333,52.3144975567846,0.148675033208333,100.625751041667,1.32561279166667,2.7319009375,25.37740375,"DAFO",52.3144975567846,68.0656064583333,4.15133032997585,301.59901334375,444.905325,1.92618928830919,0.832668289583333,29.3052389583333,2.22514104166667,1.32561279166667,16.0742284375,66.49715435,233.109826291667,35.6362714729167,9.584945625,3.64583333333333,3.58333333333333,158.11493420776,12.7313647110573,412.05241875,22.56351125,25.00308,35.55113,0,0,0,0,0,331.533068305115,210.429431764545,232.277158002083,74.9178070567928,0.534113088771451,226,226,226.431002628223,301.348809685016,0.905941133319091,1.43206588145998,0.69829189630613,5.6176792007243,8.04488671634465,7.4,6,0,1.08714685356009,0.790305865997944,5.84826340838478,"False",NA
2019-08-15,68.1766226895833,27.7167175,4.63529228815921,12.6148337996952,28.6232825,-7.97954151153603,280.213612122917,0,71.8799585416667,215.801695541667,0.966723783958333,13.4722001375,0.101812755770833,101.165791666667,1.62652024375,2.78502127083333,26.8741295833333,"DAFO",13.4722001375,71.8799585416667,3.9859602428286,280.213612122917,469.565941666667,1.2142884928286,0.966723783958333,28.6232825,2.77167175,1.62652024375,16.9514856458333,190.310631583333,215.801695541667,34.6369257020833,10.0786656666667,7.77083333333333,7.77083333333333,68.1766226895833,9.44187819074686,439.790939583333,23.824305625,24.11231,34.11357,0,0,0,0,0,330.577726986032,81.6488228270833,214.834971757708,21.8579222884932,0.527452722576473,227,227,110.612914403851,132.470836692344,0.380053685668864,1.62244637590051,0.616353190375841,2.42065042592646,3.9273755108664,6.5,5.5,0,0.60421161705637,0.781498155140702,5.07973800841456,"False",NA
2019-08-16,95.5410519354167,28.49676625,5.02772308307506,12.0439137625857,29.166521875,-7.01619067951068,325.93352010625,0,71.6274660416667,254.170026325833,1.31918166458333,38.00549275625,0.140701842104167,101.080604166667,2.02822969166667,2.865372625,26.9474014583333,"DAFO",38.00549275625,71.6274660416667,4.0881984001215,325.93352010625,472.758254166667,1.2385217751215,1.31918166458333,29.166521875,2.849676625,2.02822969166667,16.8465926354167,226.7432555,254.170026325833,39.0125501916667,9.96608964583333,6.58333333333333,6.625,95.5410519354167,9.69034242511418,440.007316666667,23.727095625,25.62663,33.56205,0,0,0,0,0,329.602591631621,133.546544691667,252.85084466125,62.1442481898741,0.520543372933187,228,228,156.222861834091,218.367110023965,0.528163332302022,1.63513859926614,0.611568952288696,3.3940292137926,5.5497081745092,8,6.3,1.1,0.69371352181365,0.776557609331824,6.21246087465459,"False",NA
2019-08-17,115.698626383333,28.3945235416667,5.43499659552039,10.3714312965347,29.138488125,-4.93643470101433,322.169535145833,0,71.89623875,246.155285833333,1.0641876875,34.191479725,0.15402243125,100.964625,2.46976010833333,2.87147422916667,26.9763385416667,"DAFO",34.191479725,71.89623875,4.07975410095136,322.169535145833,471.783535416667,1.2403017467847,1.0641876875,29.138488125,2.83945235416667,2.46976010833333,16.7454897291667,225.845974604167,246.155285833333,39.1319807895833,9.87432404166667,6.77083333333333,6.77083333333333,115.698626383333,9.56460333712741,434.90125,23.6166554166667,25.85178,33.55004,0,0,0,0,0,328.607640126528,149.890106108333,245.091098145833,57.6425418872756,0.515158089655855,229,229,195.053357480905,252.695899368181,0.611568952288696,1.68587444447831,0.593163982807421,4.11000113400168,6.92894587859028,8.7,6.6,3.2,0.796430560757503,0.74599705929955,6.49017441590609,"False",NA
2019-08-18,97.4110793531042,24.91665875,5.73787936678363,10.9482591721925,28.592076875,-5.21037980540884,285.507827791667,0,78.78102,212.839387270833,1.43324178791667,26.2916050520833,0.145295260729167,101.024360416667,2.64397542916667,3.08126389583333,26.9809339583333,"DAFO",26.2916050520833,78.78102,3.93557190612578,285.507827791667,468.24195625,1.44390603112578,1.43324178791667,28.592076875,2.491665875,2.64397542916667,16.7303079895833,304.68011675,212.839387270833,36.3835394104167,9.81002639583333,7.10416666666667,7.125,97.4110793531042,12.0576808817386,431.9570625,23.6505895833333,26.40192,32.26817,0,0,0,0,0,327.592861684279,123.702684405187,211.406145482917,44.9319827564472,0.515422378473521,230,230,166.47416272647,211.406145482917,0.585142329342473,1.70898591650976,0.585142329342473,3.45853200697476,5.91058249171809,7.9,6.1,9.900001,0.748174998951656,0.706337908737261,5.58006947902436,"False",NA
2019-08-19,90.1479995958333,27.4714433333333,6.07675455066095,10.8574459391018,29.2942535416667,-4.78069138844082,327.090638352083,0,74.1702235416667,250.857425708333,1.54371763125,45.8261479520833,0.134589008583333,101.241472916667,2.53947991666667,2.98495854166667,27.0581627083333,"DAFO",45.8261479520833,74.1702235416667,4.11031371667834,327.090638352083,473.032247916667,1.363169383345,1.54371763125,29.2942535416667,2.74714433333333,2.53947991666667,16.7789956041667,320.98727575,250.857425708333,39.9678237770833,9.79991308333333,6.83333333333333,6.64583333333333,90.1479995958333,10.9826785463892,436.766889583333,23.758078125,26.29983,33.04093,0,0,0,0,0,326.558257298037,135.974147547917,249.313708077083,80.4954528608127,0.51677458908465,231,231,158.348549381687,238.8440022425,0.545393787596613,1.75653980223213,0.569301076314495,3.202841930409,5.62591933102139,8.1,6.4,0.4,0.694557942101406,0.752210318233962,6.0929035776951,"False",NA
2019-08-20,53.8837247895833,22.932546875,5.67191097576005,9.67950587735843,27.5304247916667,-4.00759490159838,195.704590291667,0,78.6146608333333,138.493878125,-0.290943919583333,11.1784068854167,0.0747666895208333,101.36060625,1.80782614166667,2.88808891666667,26.8125789583333,"DAFO",11.1784068854167,78.6146608333333,3.69255063099843,195.704590291667,461.41789375,1.39929594349843,-0.290943919583333,27.5304247916667,2.2932546875,1.80782614166667,16.6872845104167,242.5978475,138.493878125,25.1831477666667,9.72307797916667,7.77083333333333,7.8125,53.8837247895833,11.5901779686353,429.390325,23.6514910416667,25.18746,30.74,0,0,0,0,0,325.503840179468,65.062131675,138.784822044583,20.2781871164719,0.519629336857065,232,232,97.7477618247312,118.025948941203,0.468798610082156,1.81404983056456,0.551252773298285,1.91114636574613,3.46691474096584,5.8,4.8,3.2,0.59774392085618,0.72991612498086,4.23351352488899,"False",NA
2019-08-21,82.9940226616667,25.9173872916667,5.74255795367359,8.43868863391768,28.1147314583333,-2.6961306802441,258.617928375,0,73.4991233333333,191.659628125,0.005632825,13.4062613583333,0.123687391583333,101.310345833333,1.99740872916667,2.77226491666667,26.5026397916667,"DAFO",13.4062613583333,73.4991233333333,3.83335354115443,258.617928375,463.923302083333,1.24161481198777,0.00563282499999995,28.1147314583333,2.59173872916667,1.99740872916667,16.6078134375,248.136116541667,191.659628125,32.4586066145833,9.64554229166667,7.35416666666667,7.45833333333333,82.9940226616667,9.63057192290092,429.42360625,23.5700845833333,25.40895,32.12778,0,0,0,0,0,324.429636184704,96.40028402,191.6539953,24.3196261455888,0.525676400445241,233,233,150.555292747268,174.874918892857,0.502991257078166,1.81404983056456,0.551252773298285,2.94529752573334,5.3429164775188,6.6,5.1,9.6,0.809532799624061,0.746885423719383,4.92944379654793,"False",NA
2019-08-22,109.223474539583,25.5078264583333,5.72124391815544,9.79982075011591,28.2507075,-4.07857683196047,335.658259897917,0,75.2099191666667,261.894570104167,0.9991459375,51.5802525,0.1552732473125,101.083070833333,2.36219079791667,2.85882827083333,26.4791460416667,"DAFO",51.5802525,75.2099191666667,3.86880397243847,335.658259897917,466.501560416667,1.31802132660513,0.9991459375,28.2507075,2.55078264583333,2.36219079791667,16.5661232708333,277.600977083333,261.894570104167,38.8444994329792,9.60071820833333,7.14583333333333,7,109.223474539583,10.5710664288209,431.582341666667,23.5315283333333,24.90559,32.35564,0,0,0,0,0,323.335684226389,160.803727039583,260.895424166667,93.5691483081024,0.534632974523828,234,234,198.136825482204,291.705973790306,0.616353190375841,1.81404983056456,0.551252773298285,3.87664128976233,7.03242047485294,7.6,5.8,2.9,0.925318483533281,0.741502283409639,5.63541735391326,"False",NA
2019-08-23,53.6823226208333,19.227263125,5.2807850765545,7.7848628325949,26.2391652083333,-2.50407775604041,204.753433272917,0,83.6365897916667,159.829019016667,-0.890360692083333,19.15264559375,0.0787178386666667,100.957360416667,1.73568306666667,2.84313877083333,26.319724375,"DAFO",19.15264559375,83.6365897916667,3.43977414303223,204.753433272917,454.493895833333,1.51704783053223,-0.890360692083333,26.2391652083333,1.9227263125,1.73568306666667,16.5099055520833,216.246398708333,159.829019016667,21.172738025,9.5360669375,7.6875,7.64583333333333,53.6823226208333,12.6906669205538,430.742225,23.4837441666667,24.08131,32.14569,0,0,0,0,0,322.222036670808,72.8349682145833,160.71937970875,34.6567080716789,0.543345597274685,235,235,97.1381512059629,131.794859277642,0.453180993770461,1.80949978435294,0.552638916371902,1.90162315111787,3.44098668186835,6.4,5.1,34.7,0.537654169041929,0.726972338094521,4.65262296380494,"False",NA
2019-08-24,83.7889667270833,21.0065666666667,5.34994515631692,9.55081168109738,26.8582254166667,-4.20086652478046,244.211372062708,0,82.7445652083333,184.974685208333,1.45974794166667,25.0654843666667,0.124757546041667,100.976097916667,2.00802010833333,2.91723989583333,26.177276875,"DAFO",25.0654843666667,82.7445652083333,3.56251957291737,244.211372062708,459.115029166667,1.4618629062507,1.45974794166667,26.8582254166667,2.10065666666667,2.00802010833333,16.53179990625,241.3803025,184.974685208333,29.7831985770833,9.53134877083333,6.66666666666667,6.66666666666667,83.7889667270833,12.3529952491521,429.661541666667,23.5322510416667,23.78917,30.62305,0,0,0,0,0,321.088759719132,108.85445109375,183.514937266667,44.0285209522771,0.549595473893825,236,236,147.178655044025,191.207175996302,0.593163982807421,1.75653980223213,0.569301076314495,2.96988971381143,5.21672949054957,5.7000003,4.7000003,0,0.91521565192717,0.722955061107225,4.1208440651977,"False",NA
2019-08-25,66.1626493520833,20.6741416666667,5.37323195690574,10.6261613582856,27.2466885416667,-5.25292940137985,253.482364875,0,83.6304410416667,196.209523854167,1.4106345425,44.7365679979167,0.0984559521458333,100.814135416667,1.86425391458333,3.0245433125,26.4858510416667,"DAFO",44.7365679979167,83.6304410416667,3.63210032935918,253.482364875,461.990191666667,1.56468616269252,1.4106345425,27.2466885416667,2.06741416666667,1.86425391458333,16.5751265104167,239.6414059375,196.209523854167,32.1394100585417,9.5797753125,6.91666666666667,6.5625,66.1626493520833,13.3696311305543,436.8567375,23.5704777083333,25.02061,30.28753,0,0,0,0,0,319.935933771842,110.89921735,194.798889311667,78.5815623036047,0.556030959300276,237,237,116.217327008062,194.798889311667,0.569301076314495,1.75653980223213,0.569301076314495,2.34600974717874,4.12085949734399,5.8,4.8,4.7000003,0.710493016783447,0.697936562809681,4.04803206429615,"False",NA
2019-08-26,75.63862150125,25.101836875,5.66135111195812,7.84236475416431,28.9998804166667,-2.1810136422062,276.78775279375,0,78.83753875,208.982369797917,2.45815090308333,31.4247761041667,0.112888705916667,100.73225,2.66915204166667,3.1287384375,26.7957554166667,"DAFO",31.4247761041667,78.83753875,4.04310457813205,276.78775279375,472.196560416667,1.53292089063205,2.45815090308333,28.9998804166667,2.5101836875,2.66915204166667,16.6059205208333,233.53796125,208.982369797917,34.12436480625,9.5875175,6.45833333333333,6.14583333333333,75.63862150125,12.9538853734296,438.515535416667,23.6243235416667,25.77921,33.01339,0,0,0,0,0,318.763653775403,107.063397605417,206.524218894833,56.8631255838291,0.559446872213075,238,238,136.868069295266,193.731194879095,0.518406016390434,1.80949978435294,0.552638916371902,2.68657465791416,4.86135626414375,8.2,6.5,0,0.592848324895579,0.667524797231421,5.47370333729765,"False",NA
2019-08-27,71.2239587166667,26.1528729166667,5.58494700024203,7.94411266867688,28.8639204166667,-2.35916566843485,240.774856454167,0,75.8673675,176.816846708333,0.867775364583333,25.7684548208333,0.0985162594375,101.013475,2.304972375,2.98785772916667,26.9798304166667,"DAFO",25.7684548208333,75.8673675,4.01448467415806,240.774856454167,470.27416875,1.39919738249139,0.867775364583333,28.8639204166667,2.61528729166667,2.304972375,16.5726208020833,331.541595833333,176.816846708333,29.2211821833333,9.5389074375,7.10416666666667,7.04166666666667,71.2239587166667,11.5322018043128,435.537358333333,23.6063341666667,25.6612,33.67053,0,0,0,0,0,317.572029550306,96.9924135375,175.94907134375,45.2633165348141,0.56549393580125,239,239,125.107718358363,170.371034893177,0.551252773298285,1.75653980223213,0.569301076314495,2.5294384183756,4.44305925917182,7.8,6.3,0.7,0.569622981945106,0.671884549523529,5.24069948628352,"False",NA
2019-08-28,57.71204228125,22.0475560416667,5.23194624385542,8.60138522257364,27.2470802083333,-3.36943897871822,204.235762925,0,80.6153779166667,147.342764583333,0.07428139375,23.674252684375,0.0579340872916667,101.321714583333,1.95611016875,2.91270475,26.6884785416667,"DAFO",23.674252684375,80.6153779166667,3.63830378728836,204.235762925,460.7328625,1.43354818312169,0.07428139375,27.2470802083333,2.20475560416667,1.95611016875,16.43116821875,232.8999741875,147.342764583333,26.21308033125,9.4244370625,7.27083333333333,7.16666666666667,57.71204228125,12.0031855021568,430.052929166667,23.437899375,24.50384,31.37565,0,0,0,0,0,316.361186099632,81.386294965625,147.268483189583,41.1004156755005,0.571558203633078,240,240,100.192768864335,141.293184539835,0.552638916371902,1.73608080573655,0.576010054771464,2.04636704287723,3.55265854463103,5.6,4.9,2.2,0.634403311541256,0.613129755435683,3.43352663043982,"False",NA
2019-08-29,76.2474564708333,25.58084875,5.25645278864849,9.80661743035079,27.62302375,-4.5501646417023,187.115294504375,0,73.7888460416667,146.082483916667,-0.09079279375,21.5627148854167,0.1136669189375,101.346916666667,1.76095292083333,2.69137797916667,26.3214558333333,"DAFO",21.5627148854167,73.7888460416667,3.75279555135882,187.115294504375,461.47288125,1.19471067635882,-0.09079279375,27.62302375,2.558084875,1.76095292083333,16.3254741979167,238.744504166667,146.082483916667,27.608168725,9.32756110416667,7.41666666666667,7.54166666666667,76.2474564708333,9.18890136210733,448.048229166667,23.3233872916667,23.27804,32.5117,0,0,0,0,0,315.131263897309,97.81017135625,146.173276710417,36.3520299788959,0.5779428352646,241,241,128.54363832065,164.895668299546,0.669138528994061,1.68587444447831,0.593163982807421,2.70458527421233,4.55959119670692,6.4,5.4,0,0.712436124485457,0.60225560782525,3.8544358900816,"False",NA
2019-08-30,62.7073135110417,25.2881002083333,5.20622001607048,8.35581778084464,27.6357435416667,-3.14959776477416,221.353855395833,0,73.6467170833333,164.149597416667,-0.22672464375,50.3338521552083,0.0899123261875,101.2922375,1.82046503333333,2.692647,26.2033460416667,"DAFO",50.3338521552083,73.6467170833333,3.73714504114668,221.353855395833,461.710745833333,1.20833502031334,-0.22672464375,27.6357435416667,2.52881002083333,1.82046503333333,16.2479509375,268.622417808333,164.149597416667,32.61941245,9.250940625,7.35416666666667,7.1875,62.7073135110417,9.20303545276885,437.125902083333,23.24496125,23.8435,32.14421,0,0,0,0,0,313.882419155299,113.04116566625,164.376322060417,84.856555040615,0.583239545102659,242,242,105.716657330154,190.573212370769,0.687697377878437,1.68587444447831,0.593163982807421,2.2243282018149,3.74993807157213,6.6,5.4,1.4,0.568172435086686,0.6297824612543,4.15656424427838,"False",NA
2019-08-31,56.93340417,23.8991739583333,5.1345472685799,8.68514883136853,27.4561622916667,-3.55060156278863,164.9222838375,0,76.38470375,115.741375304167,0.3257222875,14.21277353125,0.0847986553958333,101.292591666667,1.74198184375,2.78095235416667,26.0869122916667,"DAFO",14.21277353125,76.38470375,3.69552677109671,164.9222838375,459.874289583333,1.30560937526338,0.3257222875,27.4561622916667,2.38991739583333,1.74198184375,16.1887737395833,211.066125625,115.741375304167,25.0589918666667,9.1818345625,8.02083333333333,8.04166666666667,56.93340417,10.5576968898783,435.752385416667,23.1957129166667,23.60192,32.35986,0,0,0,0,0,312.614824068968,71.14617770125,115.415653016667,23.0564253947039,0.58908021583745,243,243,92.3592276219628,115.415653016667,0.616434390324648,1.6222326588128,0.616434390324648,2.01916697258874,3.27555860652963,6.5,5.4,5.4,0.50393209331225,0.730218860130791,4.74642259085014,"False",NA
2019-09-01,99.2422771010417,30.3889539583333,5.26693511721535,9.17070365046987,28.49554875,-3.90376853325452,301.412317095833,0,66.9896320833333,219.23375375,0.578905993458333,26.70511373125,0.148114147520833,101.288760416667,2.69797945416667,2.50759814583333,26.1873364583333,"DAFO",26.70511373125,66.9896320833333,3.96076085782563,301.412317095833,467.460047916667,0.921865461992293,0.578905993458333,28.49554875,3.03889539583333,2.69797945416667,16.182977625,213.424877083333,219.23375375,39.3917699395833,9.14845566666667,6.91666666666667,6.875,99.2422771010417,4.60100545691498,424.67325,23.2174995833333,23.88383,34.1435,0,0,0,0,0,311.328667039949,125.947390832292,218.654847756542,39.9096936943636,0.591728570756479,244,244,148.31349982228,188.223193516644,0.576010054771464,1.49445885518404,0.669138528994061,3.52321781551358,5.26530406313646,8.3,6.7000003,0,0.634373983510417,0.811151280045057,6.73255562437397,"False",NA
2019-09-02,124.791984489189,5.95851333333333,5.19417833472559,8.10043722507971,28.3721547916667,-2.90625889035412,295.94118980625,0,26.2524060416667,219.85334,0.583084610416667,-24.4930835956088,0.00740153483333333,101.213985416667,2.92394509791667,0.8149454375,26.1953116666667,"DAFO",-24.4930835956088,26.2524060416667,3.92730345902746,295.94118980625,466.728875,3.33145212569413,0.583084610416667,28.3721547916667,0.595851333333333,2.92394509791667,16.0826757395833,210.338914583333,219.85334,38.2362376847917,9.05326460416667,2.58333333333333,5.20833333333333,124.791984489189,22.3774166420772,428.877266666667,23.112086875,23.63389,33.53651,0,0,0,0,0,310.024152875852,100.29890089358,219.270255389583,-35.6160782104049,0.585223104326838,245,245,181.463516516779,145.847438306374,0.457421371245163,1.45412798153313,0.687697377878437,4.42973227444524,6.44139765097124,8.2,6.4,0,0.785536298898932,0.924836882209073,7.5836624341144,"False",NA
2019-09-03,184.984058233533,0,5.08127007693093,7.68395735174331,28.0207754166667,-2.60268727481238,256.632285158333,0,0,188.719042916667,0.69119246875,-28.8478851646707,0,101.042029166667,2.95712597916667,0,26.18014375,"DAFO",-28.8478851646707,0,3.83760325887627,256.632285158333,465.295966666667,3.83760325887627,0.69119246875,28.0207754166667,0,2.95712597916667,16.00115884375,211.439764583333,188.719042916667,33.7605089604167,8.96906247916667,0,5.29166666666667,184.984058233533,27.4398679881304,431.143195833333,23.0332552083333,23.81937,33.06954,0,0,0,0,0,308.701502966227,156.136173068862,188.027850447917,-41.9485170260022,0.578263351230119,246,246,268.990495214935,227.041978188933,0.830388544552934,1.45412798153313,0.687697377878437,6.56412876089514,9.54508330560405,7.5,5.8,0,1.27267777408054,0.984280956729471,7.38210717547103,"False",NA
2019-09-04,197.694673802395,0,5.15423366346739,8.35148434124547,28.7241802083333,-3.19725067777808,259.51332929375,0,0,182.145971833333,0.957078977291667,-26.2299694760479,0,101.2354875,3.62408127083333,0,26.3826166666667,"DAFO",-26.2299694760479,0,3.99728917318111,259.51332929375,469.315725,3.99728917318111,0.957078977291667,28.7241802083333,0,3.62408127083333,15.9739359479167,226.295520833333,182.145971833333,38.220741425,8.92837377083333,0,5.25,197.694673802395,28.1219118738395,430.16910625,23.019498125,25.14648,33.45741,0,0,0,0,0,307.360955434221,171.464704326347,181.188892856042,-38.1417325698812,0.574658793169063,247,247,287.473356976128,249.331624406247,0.946331210614437,1.45412798153313,0.687697377878437,7.01995096899033,10.2079071329995,8.5,6.6,0,1.20093025094111,1.15128061390255,9.78588521817167,"False",NA
2019-09-05,210.405289371257,0,5.02585485528696,8.26172735189976,28.2571483333333,-3.2358724966128,330.434383641667,0,0,242.864505833333,0.3658263125,-23.6120537874252,0,101.4674375,2.66617504166667,0,26.25737625,"DAFO",-23.6120537874252,0,3.9185432685719,330.434383641667,466.9370375,3.9185432685719,0.3658263125,28.2571483333333,0,2.66617504166667,15.8113330104167,243.293448177083,242.864505833333,40.8455679083333,8.80933977083333,0,5.66666666666667,210.405289371257,27.6665811698427,420.212733333333,22.81332625,23.25562,33.8124,0,0,0,0,0,306.002765263432,186.793235583832,242.498679520833,-34.3349481137603,0.570700815049691,248,248,305.956218737322,271.621270623561,0.770285578267591,1.45412798153313,0.687697377878437,7.46790862684798,10.8592948978323,7.2000003,5.9,0,1.50823533963357,1.31323472953399,9.45529044661517,"False",NA
2019-09-06,223.11590494012,0,4.93200816264529,8.54841381760292,27.99881625,-3.61640565495763,317.87681021875,0,0,234.005774833333,0.139129610416667,-20.9941380988024,0,101.423197916667,2.16041727083333,0,26.1372914583333,"DAFO",-20.9941380988024,0,3.86098454173596,317.87681021875,465.298010416667,3.86098454173596,0.139129610416667,27.99881625,0,2.16041727083333,15.6614972708333,218.122912833333,234.005774833333,39.7093928541667,8.698607875,0,5.64583333333333,223.11590494012,27.416032186907,421.136360416667,22.6243866666667,22.90657,34.09232,0,0,0,0,0,304.627204399529,202.121766841317,233.866645222917,-30.5281636576394,0.569037771791031,249,249,324.439080498515,293.910916840875,0.864260769844537,1.45412798153313,0.687697377878437,7.91706246517421,11.5124220621555,6.8,5.5,0,1.69300324443463,1.36157734988554,9.25872597922164,"False",NA
2019-09-07,235.826520508982,0,4.85475843623113,8.21566877685769,27.836870625,-3.36091034062657,315.2875364375,0,0,230.054982291667,0.162090808541667,-18.3762224101796,0,101.331320833333,1.98188309166667,0,25.986446875,"DAFO",-18.3762224101796,0,3.82349739445666,315.2875364375,463.402039583333,3.82349739445666,0.162090808541667,27.836870625,0,1.98188309166667,15.5144684583333,196.0100178125,230.054982291667,39.3537212733125,8.59975441666667,0,5.70833333333333,235.826520508982,27.2590622005553,417.523197916667,22.4291825,22.69412,33.87713,0,0,0,0,0,303.234561826228,217.450298098802,229.892891483125,-27.7832073205491,0.565079793671658,250,250,356.548640125037,328.765432804488,0.945876563194056,1.51191070179682,0.6614147243032,8.36677311447198,12.6498138112761,8.400001,6.6,0,1.50593003635072,1.24740862369276,10.4782336864278,"False",NA
2019-09-08,248.537136077844,0,4.78902328201364,8.10312551734393,27.7597677083333,-3.31410223533029,308.239315897917,0,0,224.216722795833,-0.206666152083333,-15.7583067215569,0,101.2582375,2.322402025,0,25.8721427083333,"DAFO",-15.7583067215569,0,3.78215364019522,308.239315897917,461.711022916667,3.78215364019522,-0.206666152083333,27.7597677083333,0,2.322402025,15.393929,216.110730875,224.216722795833,37.9666369047917,8.4997055,0,5.5625,248.537136077844,27.1865048882501,415.65508125,22.2881525,24.34811,32.68,0,0,0,0,0,301.825143615306,232.778829356287,224.423388947917,-23.8251525745186,0.562878095933641,251,251,375.765955830025,351.940803255506,1.03723070241271,1.51191070179682,0.6614147243032,8.8170677049509,13.3306190215824,8.3,6.5,0.4,1.60609867729908,1.17438149770515,9.74736643095275,"False",NA
2019-09-09,156.412342678137,23.7192145833333,4.7490011074487,8.01171717131539,27.7885704166667,-3.26271606386669,292.310176120833,0,47.2633064583333,217.3521535,0.443487049791667,67.7982302917914,0.123347358854167,101.321166666667,2.64419946041667,1.84168095833333,25.995054375,"DAFO",67.7982302917914,47.2633064583333,3.78164972680336,292.310176120833,463.254189583333,1.40972826847002,0.443487049791667,27.7885704166667,2.37192145833333,2.64419946041667,15.3347863958333,305.864288333333,217.3521535,38.3229307729167,8.45127445833333,4.75,6.3125,156.412342678137,8.26745702867399,426.619079166667,22.2182983333333,23.51259,32.50839,0,0,0,0,0,300.399272950362,224.210572969929,216.908666450208,102.504869941045,0.556625182953556,252,252,236.481494788187,338.986364729232,1.03366350749935,1.51191070179682,0.6614147243032,5.54901672029524,8.38961776386385,7.8,6,0,1.07559202100819,1.0400507682491,8.11239599234301,"False",NA
2019-09-10,86.5503143520833,26.5870177083333,4.72074395804489,8.53771098440122,27.9345191666667,-3.81696702635633,296.998909791667,0,72.1616691666667,222.705502604167,0.600318375,58.4065494505417,0.1261954299375,101.4754,2.38696432708333,2.66472075,26.0060202083333,"DAFO",58.4065494505417,72.1616691666667,3.8201885117118,296.998909791667,464.205558333333,1.16148674087847,0.600318375,27.9345191666667,2.65870177083333,2.38696432708333,15.2316915,272.970879166667,222.705502604167,35.9272312479167,8.38381404166667,6.95833333333333,6.95833333333333,86.5503143520833,8.44997981353547,425.83938125,22.0795689583333,23.75459,32.61415,0,0,0,0,0,298.957290124123,144.956863802625,222.105184229167,81.5904688232106,0.55177513029651,253,253,120.905631152933,202.496099976144,0.652649618718757,1.39694040464248,0.715850151285395,3.07096675655404,4.2899575435442,7.3,5.6,1.1,0.587665416923863,1.01598785560878,7.41671134594412,"False",NA
2019-09-11,100.352163564583,25.2146602083333,4.55733378502859,9.89347073713302,27.2312335416667,-5.33613695210443,287.081639792646,0,75.2628391666667,224.257179958333,0.6593594375,47.53872725,0.138485382604167,101.537447916667,2.46191602083333,2.65553095833333,26.0762758333333,"DAFO",47.53872725,75.2628391666667,3.67542329473459,287.081639792646,460.953335416667,1.15395727390125,0.6593594375,27.2312335416667,2.52146602083333,2.46191602083333,15.20766421875,262.333866666667,224.257179958333,32.63139716875,8.33536864583333,6.95833333333333,6.89583333333333,100.352163564583,7.75021933116806,430.76026875,22.0799597916667,23.51591,32.8078,0,0,0,0,0,297.499552509115,147.890890814583,223.597820520833,72.3537283428223,0.546925077639464,254,254,152.735540078354,225.089268421177,0.6614147243032,1.52199548722294,0.657032171510979,3.55825576361686,5.41564921460989,7.1,5.5,1.2,0.762767495015478,0.898192886797932,6.37716949626532,"False",NA
2019-09-12,84.0196031354167,24.09378125,4.4685415766355,8.55315681740704,27.2187370833333,-4.08461524077154,243.879884429167,0,75.933606875,177.524299833333,0.40774509375,19.7061295270833,0.054300811375,101.433460416667,2.32267614583333,2.70118008333333,26.0229114583333,"DAFO",19.7061295270833,75.933606875,3.66436320370025,243.879884429167,459.514952083333,1.25498507870025,0.40774509375,27.2187370833333,2.409378125,2.32267614583333,15.22922253125,230.209314791667,177.524299833333,29.2980546979167,8.34056464583333,7.97916666666667,7.79166666666667,84.0196031354167,9.69998446832821,422.457433333333,22.1178804166667,23.08218,31.76799,0,0,0,0,0,296.026434501613,103.7257326625,177.116554739583,30.1940412771086,0.543477885305456,255,255,128.736156010263,158.930197287372,0.58563544675431,1.532215711645,0.652649618718757,2.97910485066869,4.5646312588324,6.5,5.1,0.8,0.702250962897293,0.777712872148284,5.05513366896385,"False",NA
2019-09-13,85.7029234583333,25.8696535416667,4.34930751009601,9.18085056543133,26.9151922916667,-4.83154305533531,274.867297541667,0,71.5131854166667,201.7053675,-0.315173372916667,10.9022615839583,0.126158402270833,101.546433333333,2.67052571458333,2.50574320833333,25.7596389583333,"DAFO",10.9022615839583,71.5131854166667,3.6007556233258,274.867297541667,455.751966666667,1.01379026915913,-0.315173372916667,26.9151922916667,2.58696535416667,2.67052571458333,15.4280265625,226.333414583333,201.7053675,34.04012548125,8.61017520833333,8.10416666666667,8.08333333333333,85.7029234583333,6.3833773071928,416.6301625,22.2458779166667,22.60739,32.13728,0,0,0,0,0,294.538327438823,96.6051850422917,202.020540872917,18.1423648863947,0.546283605951534,256,256,142.617538318807,160.759903205202,0.478194863873086,1.6640918718268,0.600928360344806,3.03789729896233,5.05534020264781,5.8,4.5,6.1,0.871610379766864,0.713819894723131,4.14015538939416,"False",NA
2019-09-14,94.6251839408333,32.0453389583333,4.39657685807179,7.74499223018124,27.9424372916667,-3.34841537210945,308.1284096875,0,61.5208720833333,223.8750415,0.141572627083333,28.5645900645833,0.141291967041667,101.474395833333,3.15318341666667,2.223391,25.6949516666667,"DAFO",28.5645900645833,61.5208720833333,3.86237177464158,308.1284096875,462.793254166667,0.657837878808246,0.141572627083333,27.9424372916667,3.20453389583333,3.15318341666667,15.4181850520833,209.9559375,223.8750415,39.0890894020833,8.66141010416667,7,7,94.6251839408333,1.53998835737336,417.628979166667,22.17496,22.53969,34.62308,0,0,0,0,0,293.035639489318,123.189774005417,223.733468872917,47.5341021485378,0.549796166714246,257,257,157.464999466057,204.999101614595,0.550609502574646,1.6640918718268,0.600928360344806,3.35750398335853,5.58719508833305,8.2,6.4,0.7,0.681365254674762,0.774257741297248,6.34891347863744,"False",NA
2019-09-15,90.055973803125,27.89581875,4.23124004264418,8.55211084283034,27.4828325,-4.32087080018615,291.721283170833,0,65.5226247916667,215.96205,0.3006624,37.1381856333333,0.131780729,101.319439583333,2.97837416041667,2.36098958333333,25.6902991666667,"DAFO",37.1381856333333,65.5226247916667,3.72919559760121,291.721283170833,460.54706875,0.939613722601213,0.3006624,27.4828325,2.789581875,2.97837416041667,15.3660454166667,236.7712625,215.96205,38.0333353070833,8.61824645833333,6.47916666666667,6.60416666666667,90.055973803125,4.6014637815336,422.821175,22.113844375,22.41294,32.36515,0,0,0,0,0,291.518795516805,127.194159436458,215.6613876,62.9688712289671,0.55322919906885,258,258,152.692516371033,215.6613876,0.589786427936618,1.69552901293189,0.589786427936618,3.19395530211048,5.41544388073596,7.1,5.5,0,0.762738574751544,0.735306955797124,5.22067938615958,"False",NA
2019-09-16,62.79185112,21.1989522916667,3.91006260621192,8.6390871385779,25.870645,-4.72902453236598,153.3871568625,0,79.0091427083333,105.289910625,-0.0916620916666668,-3.35369682291667,0.0872766130416667,101.112545833333,3.26544410416667,2.62566329166667,25.5663502083333,"DAFO",-3.35369682291667,79.0091427083333,3.36011605779482,153.3871568625,451.735679166667,1.24022082862815,-0.0916620916666668,25.870645,2.11989522916667,3.26544410416667,15.3588156354167,202.637197916667,105.289910625,21.3246771125,8.63620272916667,7,6.77083333333333,62.79185112,9.62197907065831,424.9631,22.0814285416667,23.25355,30.66875,0,0,0,0,0,289.988236917363,59.4381542970833,105.381572716667,-5.68629026383272,0.557015651481771,259,259,106.46540534966,100.779115085827,0.564027967744335,1.69552901293189,0.589786427936618,2.22352259704099,3.77004707419267,6,4.5,3.8,0.628341179032112,0.762974226980879,4.57784536188527,"False",NA
2019-09-17,60.7049046,8.02692702083333,3.57184403077974,5.76843875719536,24.13342,-2.19659472641562,37.920921083125,0,70.343104375,25.4216610416667,3.8111867,10.9210221979167,0.233313760041667,100.7987875,2.38442270833333,2.44948247916667,25.3203991666667,"DAFO",10.9210221979167,70.343104375,3.00856136209252,37.920921083125,442.972895833333,2.20586866000919,3.8111867,24.13342,0.802692702083333,2.38442270833333,17.5777496145833,123.080025,25.4216610416667,4.586226690625,9.28507089583333,3.25,3.70833333333333,60.7049046,17.9183344243082,435.059864583333,25.8704283333333,23.51429,24.87089,0,0,0,0,0,288.444421430358,71.6259267979167,21.6104743416667,18.5169099874409,0.56115552395301,260,260,102.926926976563,121.443836964004,3.31440789616618,1.69552901293189,0.589786427936618,2.14601419846826,3.63862933566671,3.6000001,3.1000001,78.700005,1.01073034294269,0.765661726351189,2.75638229143045,"False",NA
2019-09-18,43.2655511541667,20.36441375,3.73811323206743,6.56291718370661,25.8360822916667,-2.82480395163918,127.485640143542,0,84.2394975,97.5805018979167,9.39627154166667,9.72685380208333,0.048522739375,100.85175625,2.21909697916667,2.8178629375,25.3112860416667,"DAFO",9.72685380208333,84.2394975,3.35716645010513,127.485640143542,452.456991666667,1.32072507510513,9.39627154166667,25.8360822916667,2.036441375,2.21909697916667,25.7436578541667,93.2505269958333,97.5805018979167,16.1847864166667,12.018236125,5.75,6.02083333333333,43.2655511541667,11.2314168039319,438.736629166667,39.4690795833333,23.12815,30.46749,0,0,0,0,0,286.887822923287,52.99240495625,88.18423035625,16.4921628259792,0.564941976365931,261,261,73.3579972423785,89.8501600683577,0.600928360344806,1.69552901293189,0.589786427936618,1.53202543968014,2.59759358152742,5.3,4.1,15.6,0.490111996514608,0.801989015988542,4.25054178473927,"False",NA
2019-09-19,59.2364641875,18.2782701875,3.71993525038033,5.13357585202154,26.4180154166667,-1.41364060164121,52.0256687708333,0,84.411233125,27.2948794270833,18.0256431270833,-24.35809478125,0.0933253380625,100.881170833333,3.06631452083333,3.0027326875,25.5900458333333,"DAFO",-24.35809478125,84.411233125,3.46939305132982,52.0256687708333,455.079664583333,1.64156603257982,18.0256431270833,26.4180154166667,1.82782701875,3.06631452083333,39.0578930208333,130.044688395833,27.2948794270833,7.51520758125,31.9177760416667,3.91666666666667,3.91666666666667,59.2364641875,13.4742290060657,437.86409375,46.19801,22.74881,30.04443,0,0,0,0,0,285.318931150878,34.87836940625,9.2692363,-41.5925895815335,0.566972148397496,262,262,101.149041636394,59.5564520548608,3.76280939199382,1.70754691428288,0.58563544675431,2.09873439772479,3.58368744473431,4,3.2,41.5,0.895921861183576,0.796943023181019,3.18777209272408,"False",NA
2019-09-20,100.66184165625,23.978329375,4.0450684011523,6.08230684648183,27.7650833333333,-2.03723844532954,259.875316753958,0,76.9455954166667,206.053270252083,-9.81124163541667,18.682951125,0.149959159354167,101.2250625,3.04817758333333,2.85676764583333,25.7798685416667,"DAFO",18.682951125,76.9455954166667,3.75139505763817,259.875316753958,463.40723125,1.35356212013817,-9.81124163541667,27.7650833333333,2.3978329375,3.04817758333333,38.4534447916667,308.806885416667,206.053270252083,31.402870595625,33.2776002083333,5.70833333333333,5.6875,100.66184165625,11.0963689627314,440.988047916667,43.629289375,24.84983,31.1632,0,0,0,0,0,283.738251488815,119.34479278125,215.8645118875,31.677485679626,0.571713322624433,263,263,170.675073023328,202.352558702954,0.5528689812777,1.69552901293189,0.589786427936618,3.57108342367517,6.05487555244141,6.8,5.3,2.1000001,0.890422875359031,0.836940719180106,5.69119689042472,"False",NA
2019-09-21,98.2060802402083,24.4025947916667,4.25683980240111,7.6819733131716,27.080141875,-3.4251335107705,261.85033725,0,74.3104979166667,195.416238579167,-2.15801060416667,24.1622366458333,0.146291643291667,101.409883333333,2.507343625,2.64087535416667,26.1142927083333,"DAFO",24.1622366458333,74.3104979166667,3.61068474858667,261.85033725,458.9547625,1.17042526942,-2.15801060416667,27.080141875,2.44025947916667,2.507343625,32.811475,275.19815,195.416238579167,31.9951660375,26.1572820833333,7.22916666666667,7.16666666666667,98.2060802402083,8.84979631223933,424.515835416667,39.4656679166667,24.29006,30.90725,0,0,0,0,0,282.146304642527,122.368316886042,197.574249183333,40.9080518083728,0.576359778400662,264,264,166.26852378157,207.176575589943,0.619353571590666,1.69305732776304,0.590647453929545,3.4816509050208,5.8946345774583,6.3,4.9,0,0.935656282136238,0.831743695687169,5.23998528282917,"False",NA
2019-09-22,81.1824400775,23.3656829166667,4.59666083842076,6.3975091267782,27.2641679166667,-1.80084828835744,273.716479395833,0,77.8054275,205.029759645833,-1.1937881625,31.9011378583333,0.120998046541667,101.332366666667,2.23006008333333,2.796485125,26.0361841666667,"DAFO",31.9011378583333,77.8054275,3.65682374780457,273.716479395833,460.644479166667,1.3202554561379,-1.1937881625,27.2641679166667,2.33656829166667,2.23006008333333,30.2829594791667,281.866245833333,205.029759645833,33.0229001666667,23.1900208333333,6.66666666666667,6.29166666666667,81.1824400775,10.7150356134473,424.9806625,37.375898125,23.98785,31.2254,0,0,0,0,0,280.543626331537,113.083577935833,206.223547808333,54.0104552150303,0.581006234176892,265,265,137.446525058895,191.456980273926,0.548354342351508,1.69305732776304,0.590647453929545,2.87863353855056,4.87369160638749,6.7000003,5.2000003,0,0.727416625098881,0.890149870349122,5.96400439838408,"False",NA
2019-09-23,87.7629912645833,21.384775625,4.86403829424654,5.55172412164736,27.0340497916667,-0.687685827400822,253.567528585417,0,81.75168125,191.091221666667,-0.75599543125,41.09306296875,0.127661183291667,101.316189583333,1.81069759583333,2.91160733333333,26.2789808333333,"DAFO",41.09306296875,81.75168125,3.59813235403318,253.567528585417,460.330195833333,1.45965479153318,-0.75599543125,27.0340497916667,2.1384775625,1.81069759583333,28.0294052083333,269.6098875,191.091221666667,30.46676649375,20.368099375,6.79166666666667,6.70833333333333,87.7629912645833,12.3054746317811,428.320677083333,35.6907110416667,24.11125,30.97767,0,0,0,0,0,278.930766949907,128.856054233333,191.847217097917,68.3826320747639,0.581633545885419,266,266,146.0456804106,214.428312485364,0.671659751872067,1.6640918718268,0.600928360344806,3.11127838011759,5.17745306334414,5.7000003,4.5,1.9,0.908325051025724,0.896069485040444,5.10759633355137,"False",NA
2019-09-24,104.577391058125,24.761086875,5.15470684448756,7.50599517345004,26.9245514583333,-2.35128832896248,288.817768833333,0,73.0227895833333,212.0579939375,-2.32082193795833,34.7771924195833,0.155771331625,101.101591666667,1.86999339583333,2.5600645625,26.178549375,"DAFO",34.7771924195833,73.0227895833333,3.57957574075408,288.817768833333,457.717604166667,1.10346705325408,-2.32082193795833,26.9245514583333,2.4761086875,1.86999339583333,26.1770434375,279.517679166667,212.0579939375,35.9958762666667,18.2348489583333,6.89583333333333,6.89583333333333,104.577391058125,7.72855061567834,416.9537125,34.1192379166667,23.96115,30.66835,0,0,0,0,0,277.308291203379,139.354583477708,214.378815875458,56.6738285747892,0.584163712714672,267,267,170.422070364986,227.095898939775,0.650038964478026,1.6296263335759,0.613637604766543,3.70697102427203,6.04097759895653,6.2000003,5.1,0,0.974351178492126,0.86912188806645,5.38855596674856,"False",NA
2019-09-25,83.1985939777083,24.2430552083333,5.48286960542402,8.53590764544779,26.5097885416667,-3.05303804002377,268.067044104167,0,73.0181147916667,194.2544919375,-2.42341760104167,32.9687125354167,0.123931542125,100.940014583333,1.79398040833333,2.50991822916667,25.6671304166667,"DAFO",32.9687125354167,73.0181147916667,3.50543146844264,268.067044104167,453.778170833333,1.08112594760931,-2.42341760104167,26.5097885416667,2.42430552083333,1.79398040833333,24.4450678125,277.144049479167,194.2544919375,34.2834644583333,16.5131758333333,7.02083333333333,6.97916666666667,83.1985939777083,7.77202296231587,414.249083333333,32.3769597916667,22.64788,31.37925,0,0,0,0,0,275.676777723884,116.167306513125,196.677909538542,54.2888792909558,0.588596734664652,268,268,137.00135911528,191.290238406236,0.590647453929545,1.64667877863401,0.607282982555675,2.94796911600913,4.8543581834007,5.4,4.3,0,0.898955219148278,0.850892930356212,4.59482182392355,"False",NA
2019-09-26,93.9648529528125,25.2160502083333,5.95508552579275,9.01089647779149,26.7118172916667,-3.05581095199874,290.853090395833,0,71.2451791666667,211.195071645833,-1.39354695208333,24.39162838125,0.139997001520833,100.95656875,1.89702885416667,2.45975627083333,25.5844677083333,"DAFO",24.39162838125,71.2451791666667,3.5450564888285,290.853090395833,455.81603125,1.02345146799517,-1.39354695208333,26.7118172916667,2.52160502083333,1.89702885416667,23.2274098958333,269.97434375,211.195071645833,37.6849279583333,15.5491560416667,7.20833333333333,7.20833333333333,93.9648529528125,6.40455289275305,413.842939583333,30.90566375,23.25478,31.10159,0,0,0,0,0,274.036818662083,118.356481334063,212.588618597917,40.5080644405893,0.588596734664652,269,269,156.050849048232,196.558913488822,0.55673950051822,1.6607363726371,0.602142529348044,3.33010052580042,5.53041906773469,5.9,4.9,0,0.937359164022828,0.849511290613058,5.01211661461705,"False",NA
2019-09-27,74.8500032056667,21.6843425,6.40303553473231,9.82350720774066,26.786874375,-3.42047167300835,231.8127005875,0,80.370055625,175.734902458333,0.389934266666667,32.7482630833333,0.111414873666667,100.814514583333,2.21796138333333,2.8289634375,25.7932383333333,"DAFO",32.7482630833333,80.370055625,3.53897256547544,231.8127005875,458.0735875,1.37053831547544,0.389934266666667,26.786874375,2.16843425,2.21796138333333,22.3003271875,287.899576060417,175.734902458333,27.5258495395833,14.7443939583333,6.41666666666667,6.3125,74.8500032056667,11.3766215831483,429.5216375,29.8562604166667,24.09095,29.99874,0,0,0,0,0,272.389019258728,107.598266289,175.344968191667,55.4446867847494,0.592464205485942,270,270,126.725346410441,182.170033195191,0.613637604766543,1.69305732776304,0.590647453929545,2.65286590371824,4.49145405786289,6.4,4.9,7.7000003,0.701789696541077,0.851795257492583,5.45148964795253,"False",NA
2019-09-28,94.1737957660417,24.7023616666667,7.07830141640114,7.20980636208402,27.7682529166667,-0.131504945682886,217.525626914583,0,75.5001110416667,160.575673833333,0.775366973541667,16.8842623354167,0.1403436841875,101.022183333333,2.36725683333333,2.80526958333333,26.1311464583333,"DAFO",16.8842623354167,75.5001110416667,3.75190323957903,217.525626914583,463.592410416667,1.28166707291236,0.775366973541667,27.7682529166667,2.47023616666667,2.36725683333333,21.50229125,295.198395833333,160.575673833333,26.0154655666667,13.991465,5.66666666666667,5.4375,94.1737957660417,10.3033556721507,432.657910416667,29.0131175,24.80457,31.31493,0,0,0,0,0,270.733997395618,111.058058101458,159.800306859792,28.5860240708507,0.593346171387819,271,271,159.441635004957,188.027659075808,0.694980255569223,1.69305732776304,0.590647453929545,3.34092352007094,5.65637504715201,7,5.2000003,2.5,0.808053578164572,0.823822122944924,5.76675486061447,"False",NA
2019-09-29,89.9329719895833,23.7507041666667,6.65950303498203,7.04868038695027,27.6004897916667,-0.389177351968242,241.761882454167,0,77.8354589583333,177.946106541667,-0.0444558756250001,14.1543647916667,0.134034068,101.29720625,2.4507040625,2.84889591666667,26.3939602083333,"DAFO",14.1543647916667,77.8354589583333,3.71663768526571,241.761882454167,462.713320833333,1.34156726859904,-0.0444558756250001,27.6004897916667,2.37507041666667,2.4507040625,20.6806039583333,279.59095625,177.946106541667,28.6797664895833,13.1915120833333,6.64583333333333,6.54166666666667,89.9329719895833,10.7745384875982,427.577316666667,28.1696958333333,25.03353,31.34502,0,0,0,0,0,269.072383126994,104.08733678125,177.990562417292,24.2041292229709,0.597441084774177,272,272,153.786433194321,177.990562417292,0.584791324706427,1.71001168750582,0.584791324706427,3.18995662794097,5.4548631164157,7.6,5.8,0.4,0.717745146896803,0.80973121826542,6.15395725881719,"False",NA
2019-09-30,91.8686532183333,24.243293125,5.26124156114604,6.0021279101355,27.8547939583333,-0.740886348989464,219.698633227083,0,77.4584825,159.957759104167,0.778732133333333,11.1674927083333,0.13695181275,101.292091666667,2.62612570833333,2.88520635416667,26.4487879166667,"DAFO",11.1674927083333,77.4584825,3.77391454649097,219.698633227083,464.207352083333,1.34958523399097,0.778732133333333,27.8547939583333,2.4243293125,2.62612570833333,19.7327263541667,284.72485,159.957759104167,26.17717320625,12.0491154166667,6.6875,6.64583333333333,91.8686532183333,11.0322750465127,430.643660416667,27.4163372916667,25.47885,31.31718,0,0,0,0,0,267.404818192259,103.036145926667,159.179026970833,19.0014025592937,0.598202602876322,273,273,156.313803641805,175.315206201099,0.647297246926545,1.70149227365196,0.587719389317986,3.25941939377197,5.54587691509436,6,4.6,1.1,0.924312819182393,0.808786056541492,4.85271633924895,"False",NA
2019-10-01,87.7374781583333,24.2290527083333,4.27654975615395,7.99966700114025,27.090121875,-3.7231172449863,222.388217660417,0,75.0175225,157.1685754375,-0.710920264583333,11.10236663125,0.130722471395833,101.2202875,2.3995961875,2.67063966666667,26.2707385416667,"DAFO",11.10236663125,75.0175225,3.61507912957405,222.388217660417,458.92455625,1.19217385874071,-0.710920264583333,27.090121875,2.42290527083333,2.3995961875,19.1089539583333,275.93440625,157.1685754375,26.8653485104167,11.652104375,7.29166666666667,7.1875,87.7374781583333,9.18484201226532,420.570266666667,26.5658035416667,23.85174,30.77958,0,0,0,0,0,265.731955510942,98.8398447895833,157.879495702083,19.4517158642039,0.597655979106133,274,274,153.718981948765,173.170697812969,0.62604611415844,1.75203328355711,0.570765412612323,3.11054288052397,5.44977465660961,7,5.2000003,0,0.778539236658515,0.837984593479113,5.86589215435379,"False",NA
2019-10-02,78.4156314804167,23.8786158333333,4.30488012508753,9.43272429456936,26.7321154166667,-5.12784416948183,255.48912776875,0,75.5879602083333,184.66438241875,-0.870341741666667,15.2811381220833,0.1168540898125,101.1665625,2.44255390416667,2.630000375,26.0150545833333,"DAFO",15.2811381220833,75.5879602083333,3.54783330837327,255.48912776875,456.579395833333,1.15997172503994,-0.870341741666667,26.7321154166667,2.38786158333333,2.44255390416667,18.5430820833333,240.225422916667,184.66438241875,30.21488613125,11.3499189583333,7.39583333333333,7.4375,78.4156314804167,8.76690721804586,415.969516666667,25.7362452083333,22.82202,31.08643,0,0,0,0,0,264.054458660876,93.6967696025,185.534724160417,28.6041493448933,0.595801213463613,275,275,146.783074396697,175.38722374159,0.50500934542845,1.87185987826106,0.53422802188003,2.77909304107691,5.20207276154638,6.5,4.9,0,0.800318886391751,0.856593139143763,5.56785540443446,"False",NA
2019-10-03,88.396738864375,25.5262283333333,4.38601319708899,7.94653158305837,26.6377727083333,-3.56051838596937,271.885390004167,0,72.10649375,195.80300485,-1.29903585625,11.6214900083333,0.131775274125,101.282908333333,2.74671489583333,2.46948233333333,25.7986747916667,"DAFO",11.6214900083333,72.10649375,3.54200972491008,271.885390004167,455.741075,0.989386891576752,-1.29903585625,26.6377727083333,2.55262283333333,2.74671489583333,17.9805005208333,226.4816375,195.80300485,32.5354640604167,11.010698125,7.5,7.5,88.396738864375,5.85821960508941,412.194141666667,24.9503029166667,22.85622,31.58211,0,0,0,0,0,262.373001340558,100.018228872708,197.10204070625,21.7538008722109,0.593946447821093,276,276,165.466308849344,187.220109721555,0.507443903240809,1.87185987826106,0.53422802188003,3.13254275569276,5.86368110131861,6.3,4.8,0,0.930743031955334,0.889215844318056,5.60205981920375,"False",NA
2019-10-04,74.61514804375,25.2669458333333,4.41546015170136,5.86231944406084,26.2353220833333,-1.44685929235948,238.150071360417,0,71.1334154166667,170.30653525,-1.35785123125,13.2283584041667,0.109075072270833,101.352504166667,2.29747921666667,2.39098891666667,25.5520377083333,"DAFO",13.2283584041667,71.1334154166667,3.45558582802397,238.150071360417,452.0644125,0.928891244690631,-1.35785123125,26.2353220833333,2.52669458333333,2.29747921666667,17.5104336458333,215.105303145833,170.30653525,26.7688054958333,10.6901258333333,7.27083333333333,7.1875,74.61514804375,5.23790586472762,410.989677083333,24.3307414583333,22.3427,31.16113,0,0,0,0,0,260.688266816745,87.8435064479167,171.66438648125,25.8509492782117,0.594405855808334,277,277,145.813437203038,171.66438648125,0.511716543241841,1.95420690068914,0.511716543241841,2.64313014355213,5.16522316594905,5.7000003,4.6,0,0.906179455104424,0.797868537551069,4.54785090340165,"False",NA
2019-10-05,74.5147015416667,26.4836620833333,4.58926811910867,6.25990769505379,26.7265414583333,-1.67063957594512,241.525295260417,0,69.05623375,177.099858833333,-1.13581952916667,13.5729738895833,0.111039725354167,101.172316666667,2.01584533333333,2.384075625,25.204411875,"DAFO",13.5729738895833,69.05623375,3.56897648734544,241.525295260417,454.441591666667,0.920610279012103,-1.13581952916667,26.7265414583333,2.64836620833333,2.01584533333333,17.0757088541667,210.173502083333,177.099858833333,30.20069704375,10.4200102083333,7.9375,7.97916666666667,74.5147015416667,5.13410649469246,420.21685,23.7314075,21.66824,32.36483,0,0,0,0,0,259.000947358325,88.08767543125,178.2356783625,26.5243992378973,0.58738827225702,278,278,145.617143955517,172.141543193414,0.494220215843066,1.95420690068914,0.511716543241841,2.64082768624666,5.16072368799417,5.5,4.5,0,0.938313397817121,0.792803221289194,4.36041771709057,"False",NA
2019-10-06,77.8980344386787,22.9967070833333,4.5774115493122,6.54162212531996,26.1042379166667,-1.96421057600776,252.6064896875,0,63.307120625,185.32450275,-1.69000846875,17.7649929028509,0.115580920416667,101.159275,2.01466382291667,2.129840125,25.153136875,"DAFO",17.7649929028509,63.307120625,3.42662027594657,252.6064896875,451.43875,1.12694956761323,-1.69000846875,26.1042379166667,2.29967070833333,2.01466382291667,16.7400288541667,240.21826875,185.32450275,32.3813749333333,10.188164375,6.58333333333333,7.45833333333333,77.8980344386787,6.60098693425329,416.538133333333,23.2918933333333,21.15212,30.43477,0,0,0,0,0,257.311743657543,95.6630273415296,187.01451121875,34.7228924559413,0.577944882923255,279,279,152.257030843473,186.979923299415,0.511527296561672,1.95456832692396,0.511621919901756,2.75907139357174,5.39279355759728,5.7000003,4.6,0,0.946104083116852,0.860613439334292,4.9054968623895,"False",NA
2019-10-07,23.4782018046053,0,4.46920410386654,6.77759863777144,24.930555,-2.3083945339049,261.993524620833,0,0,200.855382791667,-1.23987921458333,-0.285233850877193,0,101.339664583333,3.45030825208333,0,25.0135395833333,"DAFO",-0.285233850877194,0,3.18814602300537,261.993524620833,447.742633333333,3.18814602300537,-1.23987921458333,24.930555,0,3.45030825208333,16.4674467916667,167.655391666667,200.855382791667,31.8185011533333,9.9851515,0,4.3125,23.4782018046053,24.4387190641714,418.422985416667,22.9497420833333,21.37098,28.7854,0,0,0,0,0,255.621364239689,23.1929679537281,202.09526200625,-0.557612179827836,0.572307203830943,280,280,45.8982383978694,45.3406262180416,0.114762551697084,1.95492988687347,0.511527296561672,0.830631126826939,1.62382561480137,5.7000003,4.3,0,0.284881671813486,0.917889183291737,5.23196862012965,"False",NA
2019-10-08,61.1289514256579,0,4.17711851863521,6.93800094592447,22.6731579166667,-2.76088242728926,265.9318946875,0,0,202.7727433125,-3.85019339791667,-4.49393869298246,0,101.326860416667,2.44493841666667,0,24.352785625,"DAFO",-4.49393869298246,0,2.79061365027264,265.9318946875,434.605775,2.79061365027264,-3.85019339791667,22.6731579166667,0,2.44493841666667,16.09167146875,204.935028541667,202.7727433125,32.1846850183333,9.71249960416667,0,4.35416666666667,61.1289514256579,22.2383502468894,403.6313,22.4708433333333,19.4304,27.72481,0,0,0,0,0,253.930524862371,56.6350127326754,206.622936710417,-8.82054113767606,0.565049397069203,281,281,119.981705935373,111.161164797697,0.274098382465882,1.96276401176764,0.50948559990124,2.1579607775745,4.23556775302933,5.7000003,4.4,0,0.74308202282539,0.919840804656289,5.24309286249309,"False",NA
2019-10-09,98.7797010467105,0,4.60422490216449,7.15277129314951,24.6390870833333,-2.54854639098501,252.3810095625,0,0,185.607186854167,-0.874825264583333,-8.70264353508772,0,101.046145833333,2.44862610416667,0,24.0466116666667,"DAFO",-8.70264353508772,0,3.17662952673354,252.3810095625,444.403939583333,3.17662952673354,-0.874825264583333,24.6390870833333,0,2.44862610416667,15.8311975625,278.268154166667,185.607186854167,32.1646503104167,9.52038429166667,0,5.29166666666667,98.7797010467105,24.1501939043244,409.794745833333,22.1420108333333,19.07151,30.22605,0,0,0,0,0,252.239947905511,90.0770575116228,186.48201211875,-17.14996175835,0.560777095226877,282,282,194.661322001999,177.511360243649,0.483033492014568,1.9706611777449,0.507443903240809,3.49372500274192,6.88494822862017,5.4,4,0,1.27499041270744,0.916146286024122,4.94718994453026,"False",NA
2019-10-10,136.430450667763,0,5.1037005913059,7.42734467820827,27.000933125,-2.32364408690237,215.458288625,0,0,150.921775958333,1.19891883979167,-12.911348377193,0,100.8933625,2.92183410416667,0,24.75639625,"DAFO",-12.911348377193,0,3.59231290820387,215.458288625,457.671066666667,3.59231290820387,1.19891883979167,27.000933125,0,2.92183410416667,15.7823906041667,330.357195833333,150.921775958333,29.58562570625,9.45266808333333,0,5.29166666666667,136.430450667763,26.452430120888,422.720185416667,22.112113125,24.03754,30.40964,0,0,0,0,0,250.550361753214,123.51910229057,149.722857118542,-25.2407808224098,0.55471565403049,283,283,266.711965490027,241.471184667617,0.824984939959936,1.95492988687347,0.511527296561672,4.83642920651702,9.45488000156785,7.1,5,0.5,1.33167323965744,0.90865683675094,6.45146354093167,"False",NA
2019-10-11,174.081200288816,0,3.62439783513668,4.74084945741855,17.9183375,-1.11645162228187,159.18588809375,0,0,119.87627953125,-11.0033407875,-17.1200532192982,0,101.3051875,4.56957595625,0,23.715165625,"DAFO",-17.1200532192982,0,2.16509387719718,159.18588809375,407.638589583333,2.16509387719718,-11.0033407875,17.9183375,0,4.56957595625,15.4129164895833,204.01156875,119.87627953125,19.95095826875,9.1664325625,0,4.41666666666667,174.081200288816,17.5752955978939,388.2799375,21.6594004166667,11.38744,25.39326,0,0,0,0,0,248.862500168688,156.961147069518,130.87962031875,-33.456126141318,0.551381375693389,284,284,340.190682884653,306.734556743335,1.1992787470444,1.95420690068914,0.511716543241841,6.11731707138805,11.95450323461,4.8,3.4,0.8,2.49052150721042,1.11658189173009,5.35959308030444,"False",NA
2019-10-12,211.731949909868,0,3.37512012825288,6.19434678134974,16.1413802083333,-2.81922665309685,279.473661613333,0,0,218.429650304167,-9.2215962,-21.3287580614035,0,101.608452083333,3.9978554375,0,20.9259914583333,"DAFO",-21.3287580614035,0,1.86819829388646,279.473661613333,397.546520833333,1.86819829388646,-9.2215962,16.1413802083333,0,3.9978554375,14.783350625,173.799677083333,218.429650304167,31.7528916,8.76305895833333,0,3.39583333333333,211.731949909868,15.8418299009911,368.255410416667,20.8036422916667,12.55041,21.72441,0,0,0,0,0,247.177101663371,190.403191848465,227.651246504167,-41.6962265841312,0.547213527772014,285,285,413.921116884798,372.224890300667,0.83638106433553,1.95492988687347,0.511527296561672,7.42771255590189,14.5206572666379,6.5,4.2000003,0,2.23394727179045,1.30333182618244,8.47165687018587,"False",NA
2019-10-13,249.382699530921,0,4.1350900564945,6.09940512789477,20.0683979166667,-1.96431507140027,234.484942486042,0,0,185.677881145833,-1.4603768625,-25.5374629035088,0,101.256791666667,2.32505064583333,0,21.0165991666667,"DAFO",-25.5374629035088,0,2.45344497394358,234.484942486042,420.8096625,2.45344497394358,-1.4603768625,20.0683979166667,0,2.32505064583333,14.6326969895833,223.558339583333,185.677881145833,26.0407849466667,8.61403939583333,0,4.79166666666667,249.382699530921,19.6833917814967,398.04338125,20.6513545833333,13.3453,27.73672,0,0,0,0,0,245.494908861452,223.845236627412,187.138258008333,-47.5438268745486,0.537119966524244,286,286,464.282921792384,416.739094917836,1.19614898102474,1.8617286710974,0.537135198874359,8.78158732889285,16.3489329079455,4,2.9,1.8000001,4.08723322698637,1.24478736909418,4.97914947637672,"False",NA
2019-10-14,287.033449151974,0,5.24418006827592,7.85942014030229,25.73707625,-2.61524007202638,222.225392093333,0.00416666666666667,0,170.9824111875,4.30128461625,-29.746167745614,0,101.150477083333,2.17811416875,0,23.038309375,"DAFO",-29.746167745614,0,3.36303631880605,222.225392093333,452.472560416667,3.36303631880605,4.30128461625,25.73707625,0,2.17811416875,15.1659428020833,250.907575110417,170.9824111875,25.7770470958333,8.73232622916667,0,5.41666666666667,287.033449151974,25.2213900618322,427.00663125,21.599559375,21.2545,31.13291,0.2,0,0,0,0,243.816667860955,257.28728140636,166.68112657125,-54.1723566891422,0.530319367589936,287,287,522.732155689809,468.559799000666,1.54358976747364,1.82115414504545,0.54910233860245,10.162829569934,18.5080791966758,5.1,3.8,4.9,3.62903513660309,1.18624291200592,6.04983885123018,"False",NA
2019-10-15,324.684198773026,0,5.57890330681208,8.20372934421223,27.0017552083333,-2.62482603740016,235.158130770833,0,0,170.1474244375,2.743168564375,-33.9548725877193,0,100.99870625,2.39023681875,0,24.243474375,"DAFO",-33.9548725877193,0,3.60038646429848,235.158130770833,459.650479166667,3.60038646429848,2.743168564375,27.0017552083333,0,2.39023681875,15.2933660625,213.424045225,170.1474244375,29.7018371770833,8.78367733333333,0,5.0625,324.684198773026,26.4524900698389,424.341610416667,21.8030547916667,24.51808,30.9805,0,0,0,0,0,242.143127592569,290.729326185307,167.404255873125,-62.5183192740552,0.521805770888181,288,288,597.814359329224,535.296040055169,1.73669017355001,1.84121790215954,0.543118768738404,11.5099919753656,21.1924032787559,6.6,4.9,0,3.21097019375089,1.12769845491766,7.44280980245653,"False",NA
2019-10-16,187.900362697396,6.99636560416667,4.45639592766926,4.64335947378825,20.7647114583333,-0.18696354611899,24.3726915041667,0.397916645833333,44.1656939583333,14.8155702772917,10.20301228625,-4.6751726875,0.151558547916667,101.202391666667,3.003576725,1.2571191875,23.6975114583333,"DAFO",-4.6751726875,44.1656939583333,2.49048252241108,24.3726915041667,422.96994375,1.79084596199441,10.20301228625,20.7647114583333,0.699636560416667,3.003576725,29.4017849895833,149.201262,14.8155702772917,2.73639103072917,22.7816320625,1.5,5.3125,187.900362697396,11.7331415032275,416.149216666667,36.0219379166667,17.21884,24.57467,19.099999,0,0,0,0,240.475039177391,183.225190009896,4.61255799104167,-8.0852573959899,0.522149835624948,289,289,324.955439885728,316.870182489738,39.7231190080968,1.72940294111647,0.578234242711775,6.62102775925443,11.4504248800684,2.6000001,2.1000001,53.8,4.4040093998721,0.926527935687271,2.4089727254397,"False",NA
2019-10-17,46.1387713541667,15.6929297916667,4.14631961164309,4.53380373282186,16.3359797916667,-0.387484121178771,123.491854427083,0,65.2780985416667,80.0260163125,-12.9789992708333,3.8174961875,0.0679183443541667,101.13666875,3.0019251875,1.2098827875,21.5905466666667,"DAFO",3.8174961875,65.2780985416667,1.86402188616224,123.491854427083,397.872295833333,0.294728906995569,-12.9789992708333,16.3359797916667,1.56929297916667,3.0019251875,30.7426358333333,197.925995833333,80.0260163125,15.4327892593125,24.4068185416667,5.0625,5.1875,46.1387713541667,-10.7337335394641,369.83924375,37.078453125,13.9979,18.62682,0,0,0,0,0,238.813155284741,49.9562675416667,93.0050155833333,6.25671106924859,0.521391696215488,290,290,75.6194498368819,81.8761609061305,0.537135198874359,1.63895673026093,0.610144234766217,1.61888404058822,2.65328089383407,2.2,1.7,0,1.20603676992458,0.85416908754271,1.87917199259396,"False",NA
2019-10-18,61.5866970847917,18.0427816666667,5.96070584792102,6.26704615710553,19.2555575,-0.306340309184505,255.0432863,0,70.7272502083333,177.313911166667,-5.19446725833333,38.6290803229167,0.0912175395833333,100.631552083333,1.99111727291667,1.58618960416667,20.9478416666667,"DAFO",38.6290803229167,70.7272502083333,2.32815198849524,255.0432863,414.527095833333,0.523873821828577,-5.19446725833333,19.2555575,1.80427816666667,1.99111727291667,27.844633125,225.413535416667,177.313911166667,31.42241465,21.3267947916667,7.0625,7.02083333333333,61.5866970847917,-3.10315131183406,368.220141666667,34.3624714583333,12.61292,26.22276,0,0,0,0,0,237.158229491195,100.215777407708,182.508378425,63.6009769808504,0.521413239809177,291,291,101.399620981727,165.000597962578,0.54910233860245,1.64645330536433,0.607366146821101,2.16697580433779,3.56782447569649,3.4,2.6000001,0,1.04936013991073,0.85416908754271,2.90417489764521,"False",NA
2019-10-19,47.12476529375,22.0282404166667,11.7773358428656,10.0857503609524,24.835488125,1.69158548191322,209.211547564583,0,75.6862083333333,146.965276610417,1.03771003125,17.968929445625,0.0701802928541667,100.493025,2.29977082291667,2.35963972916667,22.16159875,"DAFO",17.968929445625,75.6862083333333,3.20522286638392,209.211547564583,445.476229166667,1.00239882471726,1.03771003125,24.835488125,2.20282404166667,2.29977082291667,25.6806139583333,104.4702002,146.965276610417,27.1672835354167,18.649245,7.125,7.04166666666667,47.12476529375,6.57048494725783,410.3972375,32.7119829166667,19.86335,30.58971,0,0,0,0,0,235.511015641985,65.093694739375,145.927566579167,31.0755194319782,0.516490628468768,292,292,81.4977076984347,112.573227130413,0.446068527457156,1.72940294111647,0.578234242711775,1.6670654745646,2.88302793474575,5.5,4.2000003,0,0.524186897226499,0.821967442912449,4.52082093601847,"False",NA
2019-10-20,65.49827118125,22.885368125,23.3111697385492,21.8267640570318,26.53380375,1.48440568151747,211.783906339583,0,77.7254841666667,158.419909625,2.662235759375,29.9690840645833,0.0975670439375,100.6085,2.8669470625,2.6763405,23.60755375,"DAFO",29.9690840645833,77.7254841666667,3.49689173078,211.783906339583,457.486089583333,1.20835491828,2.662235759375,26.53380375,2.2885368125,2.8669470625,24.0697794791667,267.759151791667,158.419909625,26.50069664375,16.7429054166667,5.04166666666667,4.83333333333333,65.49827118125,9.33525762247399,430.622783333333,31.3966535416667,23.56823,30.12695,0,0,0,0,0,233.872267215861,95.4673552458333,155.757673865625,51.8286221238572,0.51156801712836,293,293,113.272902818898,165.101524942755,0.612922322711334,1.72940294111647,0.578234242711775,2.3208489624724,4.01368302158689,6.3,4.7000003,26.7,0.637092543109029,0.830986318930189,5.23521380926019,"False",NA
2019-10-21,92.13593449375,18.5498313541667,29.3222365629245,28.2113973749659,22.5581260416667,1.11083918795856,190.097099679167,0.26875,68.738550625,128.487351633333,12.3304357895833,1.77756770833333,-0.0337756881875,100.703308333333,3.150413125,1.92840697916667,23.3365916666667,"DAFO",1.77756770833333,68.738550625,2.76927419211586,190.097099679167,431.01224375,0.914291056699194,12.3304357895833,22.5581260416667,1.85498313541667,3.150413125,47.642121875,179.419104,128.487351633333,21.79128870625,47.729445625,5.875,5.89583333333333,92.13593449375,2.50998324359213,391.19376875,47.554798125,17.25151,27.05674,12.9,0,0,0,0,232.242736694528,93.9135022020833,116.15691584375,3.23722480013019,0.511123264330396,294,294,167.793739010929,171.030963811059,0.808505473134396,1.82115414504545,0.54910233860245,3.25220157383018,5.92276037670416,2,1.7,29.7,2.96138018835208,0.757765816128798,1.5155316322576,"False",NA
2019-10-22,75.2211392791667,22.5322145833333,33.4577051665322,33.6443685775594,18.71592375,-0.186663411027219,277.148508395833,0,43.3203625,163.118395350417,-17.8869144645833,7.00192693333333,0.111199701520833,101.638970833333,3.43618447916667,0.871560375,21.2123035416667,"DAFO",7.00192693333333,43.3203625,2.22431048920864,277.148508395833,404.879395833333,-0.0289109691246912,-17.8869144645833,18.71592375,2.25322145833333,3.43618447916667,37.7867466666667,215.48469375,163.118395350417,37.0555673520833,33.8472258333333,7.64583333333333,7.66666666666667,75.2211392791667,-14.9669115527319,327.904866666667,41.7262675,12.14951,24.93663,0,0,0,0,0,230.623174937723,82.2230662125,181.005309815,12.1091530319893,0.510805583760421,295,295,130.087659503523,142.196812535512,0.454257757943884,1.72940294111647,0.578234242711775,2.6453416934921,4.57486170498326,6.6,4.6,0,0.693160864391403,0.699446951372411,4.61634987905791,"False",NA
2019-10-23,80.5510954791667,25.5572429166667,44.5289722756366,44.444093821852,20.2066808333333,0.084878453784626,260.302430104167,0,45.0825947916667,169.316703541667,-6.25094998541667,26.08275375,0.1195350085,101.449191666667,3.04070270833333,1.05410738333333,20.4822845833333,"DAFO",26.08275375,45.0825947916667,2.45315980988839,260.302430104167,414.968108333333,-0.10256448177828,-6.25094998541667,20.2066808333333,2.55572429166667,3.04070270833333,33.2239666666667,256.220635416667,169.316703541667,35.0691787208333,28.2481022916667,6.72916666666667,6.79166666666667,80.5510954791667,-23.235216074857,359.051560416667,38.1998310416667,13.78316,26.34855,0,0,0,0,0,229.014330564971,106.633849229167,175.567653527083,45.1075910476667,0.510361974265753,296,296,139.305301431825,184.412892479491,0.607366146821101,1.72940294111647,0.578234242711775,2.8368472134889,4.90605191450577,5.6,3.9,0,0.876080699018888,0.665432973348395,3.72642465075101,"False",NA
2019-10-24,51.45649129375,21.1123929166667,53.5119299992945,53.6470645072077,22.4623060416667,-0.135134507913258,149.242422958333,0,69.4909029166667,94.7553887291667,-0.286321510416667,12.428643875,0.0763835160416667,101.103779166667,3.04387345833333,1.90083633333333,21.2648939583333,"DAFO",12.428643875,69.4909029166667,2.75889669527771,149.242422958333,431.496545833333,0.647657403611043,-0.286321510416667,22.4623060416667,2.11123929166667,3.04387345833333,31.36536625,245.197660416667,94.7553887291667,22.9861879854167,26.1943254166667,6.1875,6.02083333333333,51.45649129375,0.264034134955247,399.995702083333,36.5364070833333,18.3607,26.85066,0,0,0,0,0,227.416949345044,63.88513516875,95.0417102395833,20.4631817891899,0.510772104105857,297,297,84.7207101730457,105.183891962236,0.672179982953872,1.64645330536433,0.607366146821101,1.81613631398531,2.99018363715331,3.9,3,34.5,0.766713753116234,0.731603995317601,2.85325558173864,"False",NA
2019-10-25,123.754957604167,9.93251223666667,33.0293621945675,35.7636126455797,12.1460488125,-2.73425045101224,124.74134038125,0.19375,67.2981429166667,95.6411156875,-11.71241266875,52.3166537083333,0.108274408416667,101.121635416667,6.04956854166667,1.13009680833333,19.48884375,"DAFO",52.3166537083333,67.2981429166667,1.43551769798688,124.74134038125,377.08130625,0.442266474320216,-11.71241266875,12.1460488125,0.993251223666667,6.04956854166667,55.6695116666667,139.738529166667,95.6411156875,15.1116025708333,58.037261875,3.29166666666667,3.625,123.754957604167,-9.31637234412615,363.092695833333,53.3017614583333,9.230554,22.2019,9.3,0,0,0,0,225.831773594093,176.0716113125,107.35352835625,86.1369274236866,0.510746569524993,298,298,203.756759002603,289.89368642629,1.6401101482963,1.64645330536433,0.607366146821101,4.32485058138318,7.12066453492519,2.3,1.7,2.8,3.09594110214139,0.7176522777942,1.65060023892666,"False",NA
2019-10-26,29.5048607,14.6345716458333,35.8642925204106,34.6699745994843,13.4389150833333,1.19431792092625,245.0378116625,0,60.787198125,167.761923333333,-13.87814823125,18.93582046875,0.0433085688333333,100.952383333333,3.02225960416667,0.927446070833333,17.877205,"DAFO",18.93582046875,60.787198125,1.58108760045535,245.0378116625,379.793675,0.117630435872017,-13.87814823125,13.4389150833333,1.46345716458333,3.02225960416667,39.7666333333333,120.584333210417,167.761923333333,30.28919575,37.029939375,6.77083333333333,6.8125,29.5048607,-20.6649465395918,332.80699375,42.5033272916667,8.847822,18.87636,0,0,0,0,0,224.25954158341,48.44068116875,181.640071564583,31.176944200559,0.511505824863451,299,299,48.5783754238292,79.7553196243882,0.26668499275242,1.64645330536433,0.607366146821101,1.03237767422422,1.69976163411081,4.8,3.4,0,0.354117007106418,0.702529279212567,3.37214054022032,"False",NA
2019-10-27,66.87337124375,18.9470320833333,40.7594249053304,40.2403829192317,18.6377060416667,0.519041986098731,249.933794916667,0,62.273403125,156.676214145833,-3.79659736875,33.9696305352083,0.0990141473958333,101.091210416667,2.14370988333333,1.33936710416667,18.0705739583333,"DAFO",33.9696305352083,62.273403125,2.20760588365864,249.933794916667,404.648777083333,0.312902675325303,-3.79659736875,18.6377060416667,1.89470320833333,2.14370988333333,35.6743,287.764437208333,156.676214145833,34.5472349791667,31.5249014583333,7.33333333333333,7.27083333333333,66.87337124375,-11.4293531866452,345.938445833333,39.8236985416667,13.10038,24.58558,0,0,0,0,0,222.700986957721,100.843001778958,160.472811514583,55.9294104766989,0.517594718401668,300,300,110.103883125128,166.033293601827,0.628411759145841,1.64645330536433,0.607366146821101,2.35159454519937,3.87179061182024,4,3,0,0.96794765295506,0.667818995251303,2.67127598100521,"False",NA
2019-10-28,38.6438160020833,15.70957875,29.6691224898424,29.7409300512929,20.152578125,-0.0718075614505306,169.5783135125,0,81.5511172916667,119.90263325,1.13554217083333,21.2305487104167,0.0572419985833333,101.0947,2.91837810416667,1.94469745833333,19.3078145833333,"DAFO",21.2305487104167,81.5511172916667,2.40226944675348,169.5783135125,419.870427083333,0.831311571753482,1.13554217083333,20.152578125,1.570957875,2.91837810416667,34.1843410416667,233.738029166667,119.90263325,22.9385293408125,29.7976379166667,6.04166666666667,5.97916666666667,38.6438160020833,3.90977221976374,393.13328125,38.5710441666667,15.42964,24.91989,0,0,0,0,0,221.15683816488,59.8743647125,118.767091079167,39.4191892244063,0.517445373625531,301,301,71.750754825845,111.169944050251,0.504132619300994,1.8567202271633,0.538584104040166,1.36088644628571,2.52678539169107,3.9,3.1000001,10.7,0.647893690177197,0.760294730555705,2.96514944916725,"False",NA
2019-10-29,23.564381925,13.7858645208333,17.4261415609952,15.442650199685,22.100926875,1.98349136131022,37.9250276541667,0.00208333333333333,87.18397875,30.9603504375,3.40677756666667,-3.35828656666667,0.0208562383541667,100.95916875,2.90480941666667,2.46157291666667,20.7848564583333,"DAFO",-3.35828656666667,87.18397875,2.66302211587761,37.9250276541667,431.52434375,1.28443566379428,3.40677756666667,22.100926875,1.37858645208333,2.90480941666667,33.7180196875,241.493516666667,30.9603504375,5.10499608375,29.09693,5.125,4.08333333333333,23.564381925,10.325169251033,429.6646625,38.339109375,20.7872,23.80478,0.1,0,0,0,0,219.627817897787,20.2060953583333,27.5535728708333,-6.32673416420118,0.516792282708189,302,302,44.3933467926652,38.066612628464,0.733338484016437,1.88391730086361,0.530808862757187,0.831405672143067,1.56629952978646,2.6000001,2.1000001,4.1,0.602422872901605,0.762424163985962,1.98230290260592,"False",NA
2019-10-30,61.8095403878631,11.8814337708333,4.36606112711397,7.68583824720072,14.3055796458333,-3.31977712008675,56.1186118083333,0.0833333333333333,84.4439545833333,46.8945898958333,2.00563673541667,6.08559765327381,0.205506995291667,101.057975,4.10995083333333,1.50235090833333,20.3298270833333,"DAFO",6.08559765327381,84.4439545833333,1.71311390559983,56.1186118083333,389.712197916667,0.524970528516496,2.00563673541667,14.3055796458333,1.18814337708333,4.10995083333333,34.2992198958333,157.528554166667,46.8945898958333,6.37605531791667,29.3392397916667,5.47916666666667,5.97916666666667,61.8095403878631,-1.28891990637842,386.864227083333,39.2592,6.351213,22.17427,4,0,0,0,0,218.114642549308,67.8951380411369,44.8889531604167,11.299252257211,0.517027440189626,303,303,114.763023869812,126.062276127023,1.51251328580786,1.8567202271633,0.538584104040166,2.16451491635502,4.01889862719305,0.90000004,0.90000004,14.5,4.46544272063926,0.812207394674335,0.730986687695197,"False",NA
2019-10-31,79.3638023839286,11.8477424166667,2.0378564333859,4.79128860602865,7.09513460416667,-2.75343217264276,264.31587225375,0.00416666666666667,51.035461875,163.349141875,-30.3977127291667,46.2878195404762,0.0834627951875,102.274772916667,5.07179485416667,0.504823658333333,16.3697566666667,"DAFO",46.2878195404762,51.035461875,1.02247382106731,264.31587225375,349.54095625,-0.162300420599357,-30.3977127291667,7.09513460416667,1.18477424166667,5.07179485416667,41.8243361458333,150.423272916667,163.349141875,35.9781611338958,38.7070916666667,4,4.08333333333333,79.3638023839286,NA,284.552370833333,44.941580625,3.584266,11.78091,0.2,0,0,0,0,216.618021680932,125.651621924405,193.746854604167,86.5684009108461,0.51630904018055,304,304,148.427762007093,234.99616291794,0.648535028767907,1.87021989305732,0.534696483398676,2.76020407673534,5.16218857320836,4.2000003,2.9,0,1.22909242963825,0.794336826069732,3.33621490779392,"False",NA
2019-11-01,36.5036506570833,11.7302251875,2.02398107765531,4.36170988526843,9.1873449375,-2.33772880761312,240.391626795833,0,59.7498891666667,146.405011041667,-10.4682424854167,47.9857900416667,0.0535326718958333,102.161625625,2.48630791666667,0.706690547916667,15.146069375,"DAFO",47.9857900416667,59.7498891666667,1.2192171054415,240.391626795833,359.94000625,0.0461945866915018,-10.4682424854167,9.1873449375,1.17302251875,2.48630791666667,35.949844375,213.891622916667,146.405011041667,31.94411964375,31.95267,7.10416666666667,6.9375,36.5036506570833,-28.4061366054536,297.897497916667,39.94701875,2.202606,16.27921,0,0,0,0,0,215.13865750585,84.48944069875,156.873253527083,90.4012600551044,0.517132322384992,305,305,68.7698590175605,159.171119072665,0.538584104040166,1.88391730086361,0.530808862757187,1.27209469477987,2.3965212038326,3.1000001,2.3,0,0.773071331137247,0.763644450903592,2.36729787416558,"False",NA
2019-11-02,42.9119715685417,15.8733377291667,2.1098401033441,7.82289112265339,13.0615574791667,-5.71305101930929,250.105750479167,0,51.3731514583333,153.164167291667,-7.61111660625,30.6537861264583,0.0631389256666667,102.256235416667,3.21901460416667,0.724119102083333,15.6392972916667,"DAFO",30.6537861264583,51.3731514583333,1.54191947752699,250.105750479167,374.696322916667,-0.0454142953896757,-7.61111660625,13.0615574791667,1.58733377291667,3.21901460416667,34.2821467708333,195.430089583333,153.164167291667,33.1621924833333,30.0935010416667,6.9375,6.95833333333333,42.9119715685417,-9.74424853941549,310.916927083333,38.4707925,8.022897,18.17168,0,0,0,0,0,213.677244387072,73.565757695,160.775283897917,57.329320611227,0.518161425140544,306,306,80.2548228777969,137.584143489024,0.457568824706353,1.87021989305732,0.534696483398676,1.50095210340679,2.80711048231761,4.3,3,0,0.652816391236654,0.750067949474887,3.22529218274201,"False",NA
2019-11-03,47.677832385,14.9624322083333,1.78784896090411,5.95923939917076,13.9024086875,-4.17139043826665,255.822034570833,0,60.1175347916667,163.961967291667,-5.58314081041667,37.8015481145833,0.0702664631875,101.84765625,2.81220275,0.961531435416667,15.44543,"DAFO",37.8015481145833,60.1175347916667,1.63491587996652,255.822034570833,379.482595833333,0.138672659133189,-5.58314081041667,13.9024086875,1.49624322083333,2.81220275,32.6017952083333,230.801554166667,163.961967291667,31.7613473916667,28.0826841666667,6.89583333333333,6.91666666666667,47.677832385,-22.3158838364411,319.3838625,37.12090625,7.698017,19.89147,0,0,0,0,0,212.234468351179,85.4793804995833,169.545108102083,68.2319240211555,0.51971924190304,307,307,86.0586510088375,154.290575029993,0.50416895808115,1.80500343039741,0.554015567593592,1.66899120185206,3.01253484464605,3.5,2.6000001,0,0.860724241327444,0.76531896296619,2.67861637038167,"False",NA
2019-11-04,26.2763137377083,15.3497327083333,1.95687290423114,6.67657356955179,18.7709808333333,-4.71970066532065,105.907141469792,0,78.912775625,74.9168364770833,2.04960305625,12.4022595666667,0.0389126755,101.3070625,2.1181894375,1.7469551875,16.903495,"DAFO",12.4022595666667,78.912775625,2.23308183920847,105.907141469792,410.703075,0.698108568375133,2.04960305625,18.7709808333333,1.53497327083333,2.1181894375,31.6455921875,268.77936875,74.9168364770833,12.8949898221875,26.60462125,7.22916666666667,7.33333333333333,26.2763137377083,1.13818174542474,392.60775625,36.686563125,12.16207,24.34204,0,0,0,0,0,210.81100661822,38.678573304375,72.8672334208333,23.0275261999595,0.521796330919701,308,308,48.787763212092,71.8152894120515,0.530808862757187,1.8567202271633,0.538584104040166,0.924121954328455,1.71583592496732,3.7,2.7,0,0.463739439180357,0.688023385187514,2.5456865251938,"False",NA
2019-11-05,35.1781986083333,17.233208125,2.40454246233258,3.40862446329722,22.0233010416667,-1.00408200096464,120.814234618333,0,81.5421402083333,91.1891034791667,3.56565075,6.05262490625,0.0521942550833333,101.667302083333,2.16630735416667,2.1530076875,18.56555375,"DAFO",6.05262490625,81.5421402083333,2.67629494243748,120.814234618333,429.3599,0.952974129937477,3.56565075,22.0233010416667,1.7233208125,2.16630735416667,30.9622066666667,242.33539375,91.1891034791667,17.4105051461875,25.4064641666667,6.97916666666667,6.79166666666667,35.1781986083333,5.99655854340442,417.145283333333,36.5179491666667,18.36969,26.52406,0,0,0,0,0,209.407527148229,41.2308235145833,87.6234527291667,10.92500871869,0.524047138528026,309,309,63.4967691632429,74.4217778819329,0.470545524404554,1.80500343039741,0.554015567593592,1.24107499126641,2.2401446166163,4.3,3.2,0,0.520963864329373,0.671013795997568,2.88535932278954,"False",NA
2019-11-06,59.26017800625,18.3661658333333,2.48028745976874,4.7927810167041,21.0182902083333,-2.31249355693536,201.320793397917,0,74.4761579166667,135.667740104167,0.110175602083333,33.17861275,0.0878742757916667,101.818941666667,2.4311343125,1.83364654166667,19.60331625,"DAFO",33.17861275,74.4761579166667,2.52627824880875,201.320793397917,423.953760416667,0.689661665475419,0.110175602083333,21.0182902083333,1.83661658333333,2.4311343125,29.7133780208333,253.830960416667,135.667740104167,30.9314659041667,23.5570620833333,6.83333333333333,6.83333333333333,59.26017800625,0.895401865786747,389.232164583333,35.8696939583333,16.74026,25.75493,0,0,0,0,0,208.024688204762,92.43879075625,135.557564502083,59.8875098295771,0.525474142432638,310,310,106.964824587242,166.852334416819,0.681915399526298,1.80500343039741,0.554015567593592,2.08865541734267,3.77003019322165,4.4,3.2,0,0.856825043914011,0.71091206120262,3.12801306929153,"False",NA
2019-11-07,85.4159037703373,9.76369860416667,2.32923802729991,4.23966312518795,17.9985554166667,-1.91042509788804,65.3989035310417,0.225,76.141534375,48.8753336854167,23.5946545,39.1029172708333,0.091673206875,101.614275,2.80224116666667,1.79149041666667,19.393076875,"DAFO",39.1029172708333,76.141534375,2.12098568680471,65.3989035310417,408.677329166667,1.14461582638805,23.5946545,17.9985554166667,0.976369860416667,2.80224116666667,42.4577064583333,171.738029166667,48.8753336854167,9.214672184375,39.6360810416667,5.375,6.14583333333333,85.4159037703373,8.15600112215837,401.3684375,45.279331875,10.87381,26.25071,10.8,0,0,0,0,206.663137935816,124.518821041171,25.2806791854167,68.6682257207832,0.507804305315573,311,311,149.997978913485,218.666204634268,4.92545394559653,1.75608958393502,0.569447031147019,3.00179696727704,5.27142438732294,2.8,2.1000001,56.2,1.88265156690105,0.695320172372759,1.94689648264372,"False",NA
2019-11-08,66.0287152400794,9.11429535416667,1.65689035922765,5.80440820519148,10.36608125,-4.14751784596383,31.87159956875,0.00416666666666667,83.2743508333333,12.9293752708333,-30.436766875,-12.2828951875,0.0778731204166667,102.04414375,3.99511375,1.05424014375,17.4535408333333,"DAFO",-12.2828951875,83.2743508333333,1.25964951985777,31.87159956875,366.976491666667,0.348219984441103,-30.436766875,10.36608125,0.911429535416667,3.99511375,49.484275625,155.517527083333,12.9293752708333,4.92621117089583,51.3069810416667,4.1875,4.20833333333333,66.0287152400794,-9.76901257322347,352.9604875,47.6615702083333,9.028475,12.0567,0.2,0,0,0,0,205.323513972413,53.7458200525794,43.3661421458333,-21.5698642993343,0.507256707803071,312,312,115.952339073715,94.3824747743805,1.23934981054669,1.75608958393502,0.569447031147019,2.30358240894436,4.04529707408312,1.7,1.2,1,2.37958651416654,0.786980945125338,1.33786760671307,"False",NA
2019-11-09,47.2230859125,14.6124533333333,1.97035811840821,4.08722963187078,12.0635966458333,-2.11687151346258,218.194397520833,0,55.845884375,122.051335354167,-11.130096375,28.6166849895833,0.0693188178333333,102.023666666667,2.22971001875,0.746595008333333,16.1091510416667,"DAFO",28.6166849895833,55.845884375,1.4653914977188,218.194397520833,372.331329166667,0.00414616438546375,-11.130096375,12.0635966458333,1.46124533333333,2.22971001875,40.316790625,203.237060541667,122.051335354167,32.764032660625,38.3043891666667,6.77083333333333,6.72916666666667,47.2230859125,-15.2332434846959,308.952295833333,42.3291920833333,5.558703,18.61317,0,0,0,0,0,204.006443045087,75.8397709020833,133.181431729167,50.2534624369569,0.507256707803071,313,313,82.9279692922098,133.181431729167,0.569447031147019,1.75608958393502,0.569447031147019,1.65016993734287,2.89784623869052,3.4,2.5,0,0.852307717261916,0.871597317004955,2.96343087781685,"False",NA
2019-11-10,43.6815274041667,18.1885620833333,2.69224443506977,6.76777065983405,17.1691004166667,-4.07552622476429,198.00392495625,0,57.85082875,115.3060365,-3.3884954375,28.14368890625,0.0645720043541667,101.58806875,1.86693402083333,1.16653338958333,16.0557852083333,"DAFO",28.14368890625,57.85082875,2.01215123214751,198.00392495625,394.044510416667,0.193295023814172,-3.3884954375,17.1691004166667,1.81885620833333,1.86693402083333,37.8179682291667,257.1545966875,115.3060365,28.6749561716667,35.1654164583333,7.375,7.375,43.6815274041667,-12.7677352524011,340.021583333333,40.47052,11.00482,23.15626,0,0,0,0,0,202.712540618443,71.8252163104167,118.6945319375,48.8311146702031,0.507256707803071,314,314,75.790266185354,124.621380855557,0.60512658113212,1.73506446979518,0.57634745994081,1.53389130878799,2.66140031040566,3.4,2.6000001,0,0.782764797178136,0.856360861187258,2.91162692803668,"False",NA
2019-11-11,40.8689425583333,15.3834143958333,2.83380609468163,5.72049269135898,16.951419875,-2.88668659667735,54.1143319395833,0.00416666666666667,71.585270625,38.7960257854167,-3.64469231416667,20.1430286333333,-0.00522474664583333,101.362585416667,3.24139806666667,1.4955783625,17.3653633333333,"DAFO",20.1430286333333,71.585270625,2.07378196218221,54.1143319395833,400.381972916667,0.53544052259888,-3.64469231416667,16.951419875,1.53834143958333,3.24139806666667,37.0044540625,209.055095604167,38.7960257854167,7.33327391625,34.2493904166667,7.10416666666667,7.25,40.8689425583333,-2.90255116547176,392.396927083333,39.7595177083333,4.606599,24.99732,0.2,0,0,0,0,201.442410543896,61.0119711916667,42.4407180995833,34.9494532957636,NA,315,315,70.9102501510642,105.859703446828,1.43758102887203,1.73506446979518,0.57634745994081,1.4348267521383,2.48951691794678,2.7,2,1.8000001,0.922043302943253,0.856360861187258,2.3121743252056,"False",NA
2019-11-12,48.6996714791667,8.63462322916667,1.2212282609023,2.23433951537038,2.71135970625,-1.01311125446807,94.609121708125,0,48.9520616666667,48.4332995,-20.4623289583333,52.6083981041667,0.0707801132083333,102.43425,5.569010625,0.361604983333333,14.2070797916667,"DAFO",52.6083981041667,48.9520616666667,0.745320747686067,94.609121708125,329.3645125,-0.1181415752306,-20.4623289583333,2.71135970625,0.863462322916667,5.569010625,35.3041595833333,156.244083333333,48.4332995,14.9090793097917,32.4832408333333,3.64583333333333,3.66666666666667,48.6996714791667,-35.4845642266073,298.097764583333,38.1250783333333,0.4803042,5.711452,0,0,0,0,0,200.196644730643,101.308069583333,68.8956284583333,91.2789623633796,NA,316,316,84.4970696741997,175.776032037579,1.47045715164065,1.73506446979518,0.57634745994081,1.68670495471858,2.92654183795969,3.1000001,2.1000001,0,0.944045723727457,0.810262437271311,2.51181363656731,"False",NA
2019-11-13,19.4707341458333,8.33741364583333,1.35485892200228,1.65000810370637,3.52014106458333,-0.295149181704089,91.0569762625,0,57.394133125,51.6733008625,-12.0204975875,19.9054263566667,0.0283334147291667,102.0447125,2.22461667083333,0.466112497916667,12.3544208333333,"DAFO",19.9054263566667,57.394133125,0.808960854897833,91.0569762625,333.6934875,-0.0247805096855007,-12.0204975875,3.52014106458333,0.833741364583333,2.22461667083333,34.1613382291667,171.216983541667,51.6733008625,12.5406594027083,31.2704960416667,5.3125,5.375,19.4707341458333,-29.2433325737238,306.850470833333,37.0521804166667,-1.729004,7.26721,0,0,0,0,0,198.97582283486,39.3761605025,63.69379845,34.5371980275768,NA,317,317,33.7829790172632,68.32017704484,0.618210272596798,1.73506446979518,0.57634745994081,0.674882211942545,1.17096414723829,1.5,1.1,3.7,0.780642764825526,0.767844894740919,1.15176734211138,"False",NA
2019-11-14,35.8490028229167,6.06784445833333,1.71074397760259,4.84494946555093,7.4400614375,-3.13420548794834,39.46702137375,0.025,67.5443,33.2366532,-4.25347296041667,-14.2416638375,0.0281674539583333,101.871908333333,3.49771622916667,0.698824225,12.9472495833333,"DAFO",-14.2416638375,67.5443,1.0330507504297,39.46702137375,352.788010416667,0.42626630459637,-4.25347296041667,7.4400614375,0.606784445833333,3.49771622916667,35.9064191666667,157.850810416667,33.2366532,4.844759761375,33.755129375,2.72916666666667,3.70833333333333,35.8490028229167,-4.51962558249471,351.4024,38.0577089583333,6.428558,8.380398,1.2,0,0,0,0,197.780511967041,21.6073389854167,37.4901261604167,-24.7102049152131,NA,318,318,62.2003310756298,37.4901261604167,0.57634745994081,1.73506446979518,0.57634745994081,1.24720601604842,2.1639828449604,1,0.7,2.5,2.1639828449604,0.757999517585784,0.757999517585784,"False",NA
2019-11-15,35.3769781645833,11.90144775,1.88328135970071,3.73652853241678,9.3053419375,-1.85324717271606,192.785677870833,0.03125,61.0351310416667,108.8322700625,-6.22174800833333,42.2967400208333,0.0498903507708333,102.28016875,3.007305875,0.6845659,13.1131102083333,"DAFO",42.2967400208333,61.0351310416667,1.2070521455066,192.785677870833,358.519139583333,0.0169073705065956,-6.22174800833333,9.3053419375,1.190144775,3.007305875,37.5390105208333,156.520658333333,108.8322700625,30.4713917752083,35.74221375,5.35416666666667,5.41666666666667,35.3769781645833,-18.5422890164032,305.037120833333,39.3358072916667,3.9806,14.84596,1.5,0,0,0,0,196.611266417365,77.6737181854167,115.054018070833,71.5999481163758,NA,319,319,59.886170892856,131.486119009232,0.675106523768658,1.69280062910544,0.590737020536465,1.23297047849614,2.0871732016667,3.6000001,2.5,0,0.579770317691575,0.692435296164874,2.49276713543708,"False",NA
2019-11-16,27.9852958325,13.3984672291667,1.98375747254023,3.61948492730599,10.7690740833333,-1.63572745476576,217.2214389375,0.00208333333333333,54.9792872916667,121.292881666667,-6.16029058333333,42.5228863270833,0.0410869509583333,101.850522916667,2.32713219375,0.691780275,12.8940710416667,"DAFO",42.5228863270833,54.9792872916667,1.32814740196216,217.2214389375,362.340114583333,-0.0116993209545106,-6.16029058333333,10.7690740833333,1.33984672291667,2.32713219375,36.4203839583333,214.9468458375,121.292881666667,30.4668086104167,34.651670625,7.0625,7.10416666666667,27.9852958325,-26.0378089745569,296.878379166667,38.1890972916667,5.113882,16.71294,0.1,0,0,0,0,195.468627398888,70.5081821595833,127.45317225,70.2710600607364,NA,320,320,46.2470112949638,116.5180713557,0.553208530747914,1.65254680785815,0.60512658113212,0.976714632190541,1.61406664761482,2.7,2,0,0.597802462079564,0.636440961366788,1.71839059569033,"False",NA
2019-11-17,23.769207095,15.09091375,2.27951753648057,2.85753278038124,13.90646325,-0.57801524390067,125.981623902083,0.0354166666666667,60.307604375,71.41868,-1.89569135833333,22.346858588125,0.0349886015625,101.365041666667,1.63581707083333,0.973640516666667,13.32707125,"DAFO",22.346858588125,60.307604375,1.64597084881356,125.981623902083,378.58833125,0.136879473813556,-1.89569135833333,13.90646325,1.509091375,1.63581707083333,35.7492520833333,171.10721875,71.41868,16.8825844670833,33.9444566666667,7.83333333333333,7.85416666666667,23.769207095,-20.1541153519104,340.907972916667,37.5540475,7.312436,20.03676,1.7,0,0,0,0,194.353122808317,46.116065683125,73.3143713583333,36.9292298254634,NA,321,321,39.2797273101615,76.2089571356249,0.629018087841562,1.65254680785815,0.60512658113212,0.832058619175861,1.37501581506993,1.9,1.5,0,0.72369253424733,0.555795936886564,1.05601228008447,"False",NA
2019-11-18,19.96339849375,17.401256,2.53374706173847,3.12598309502314,16.8229272916667,-0.592236033284673,207.3104661875,0,64.3360708333333,121.23816,-1.1779000375,28.4328018585833,0.0254194439791667,101.105627083333,2.1001183125,1.19302637916667,14.4756829166667,"DAFO",28.4328018585833,64.3360708333333,1.96508191303775,207.3104661875,392.975439583333,0.224956313037751,-1.1779000375,16.8229272916667,1.7401256,2.1001183125,35.201208125,110.224247645833,121.23816,28.944458674375,33.4109602083333,8.58333333333333,8.58333333333333,19.96339849375,-7.1427445778506,335.847585416667,36.9914560416667,11.39176,22.32242,0,0,0,0,0,193.265267004067,48.3962003523333,122.4160600375,49.3327442815543,NA,322,322,34.6377834228682,83.9705277044225,0.395341921129532,1.73506446979518,0.57634745994081,0.700788565686239,1.21591334116092,2.3,1.9,0,0.52865797441779,0.524012211962328,1.20522808751335,"False",NA
2019-11-19,35.136714743125,17.0961278541667,2.58179061341947,3.72732573485079,18.0293754166667,-1.14553512143132,205.261467916667,0,70.8410841666667,120.341860208333,0.200044979166667,30.1499903129167,0.052033759875,101.179158333333,1.84900543541667,1.4195545625,15.0596,"DAFO",30.1499903129167,70.8410841666667,2.132790370921,205.261467916667,402.669920833333,0.423177585504338,0.200044979166667,18.0293754166667,1.70961278541667,1.84900543541667,34.11955875,229.553893541667,120.341860208333,29.4005004291667,32.4603460416667,7.39583333333333,7.27083333333333,35.136714743125,-3.60392233672761,347.150829166667,35.7787714583333,10.92146,25.11961,0,0,0,0,0,192.205560601234,65.2867050560417,120.141815229167,50.4789169944408,NA,323,323,58.8279892818304,109.306906276271,0.54341367267932,1.67425980806418,0.597278866268804,1.23485675331528,2.06747103079241,3.4,2.5,0,0.608079714938943,0.543962250313619,1.8494716510663,"False",NA
2019-11-20,30.1722635833333,18.3276604166667,2.89797845189766,3.35468358298043,21.67863875,-0.456705131082767,148.553230870833,0.00416666666666667,76.827035,99.8759963958333,6.07623461958333,18.4247601041667,0.0447646098333333,101.22769375,3.5742188125,1.986323,16.634643125,"DAFO",18.4247601041667,76.827035,2.62790181824021,148.553230870833,427.05713125,0.795135776573548,6.07623461958333,21.67863875,1.83276604166667,3.5742188125,33.81724125,307.194627083333,99.8759963958333,20.46291611875,31.8994622916667,5.33333333333333,4.875,30.1722635833333,3.35585195379414,398.842825,35.7350202083333,16.59146,25.70791,0.2,0,0,0,0,191.174490283089,48.5970236875,93.79976177625,29.8033871659448,NA,324,324,48.8058269504233,78.6092141163682,0.518093252767777,1.61757260324952,0.618210272596798,1.06411371002352,1.72128118407625,5.8,3.9,0,0.296772617944182,0.542712177504879,3.1477306295283,"False",NA
2019-11-21,30.9953463020833,19.8901195833333,2.97920960692722,3.28368122342669,23.423171875,-0.304471616499474,89.4243631833333,0.0145833333333333,75.6921847916667,49.7857399583333,4.98837435208333,-3.270720875,0.0459557561666667,101.202585416667,3.335839625,2.1839521875,18.3918908333333,"DAFO",-3.270720875,75.6921847916667,2.88842846329806,89.4243631833333,437.418154166667,0.899416504964729,4.98837435208333,23.423171875,1.98901195833333,3.335839625,33.3899975,327.62993125,49.7857399583333,12.1592445541667,31.0632766666667,2.64583333333333,2.10416666666667,30.9953463020833,5.20608624271078,409.938775,35.7167183333333,21.9833,25.96202,0.7,0,0,0,0,190.172528628609,27.7246254270833,44.79736560625,-5.6749115808299,NA,325,325,53.7789240977422,48.1040125169123,0.618889638975004,1.73506446979518,0.57634745994081,1.09498312532076,1.89986631576934,5.7000003,3.9,0.8,0.333309862416909,0.512642314296839,2.92206134528468,"False",NA
2019-11-22,34.1408038554167,16.1817304166667,2.67379610457637,3.06811686650872,20.0190835416667,-0.394320761932345,123.38441575875,0,77.9670810416667,94.4559916208333,0.189085795833333,25.7523395354167,0.0747239700416667,101.14366875,3.2073751,1.92443248333333,19.0818002083333,"DAFO",25.7523395354167,77.9670810416667,2.41025867659963,123.38441575875,420.40175625,0.79208563493296,0.189085795833333,20.0190835416667,1.61817304166667,3.2073751,32.8450210416667,170.713584208333,94.4559916208333,15.412292719375,30.0872114583333,5.77083333333333,5.1875,34.1408038554167,1.25930174916105,406.885620833333,35.602830625,12.39338,25.44831,0,0,0,0,0,189.20013395556,59.8931433908333,94.266905825,41.6105520494208,NA,326,326,55.1646072342723,96.7751592836931,0.635357052049855,1.61579696447364,0.618889638975004,1.20215325645164,1.94243558260666,2.7,2,0,0.719420586150613,0.482496747771069,1.30274121898189,"False",NA
2019-11-23,32.5794204916667,14.5527035416667,2.07937473257304,2.38763948865206,12.74788025,-0.308264756079022,192.442361241667,0.00208333333333333,58.1120602083333,111.7551580625,-9.2295673125,45.7638241729167,0.0478327910833333,101.404652083333,3.60431810416667,0.838746552083333,17.0469535416667,"DAFO",45.7638241729167,58.1120602083333,1.50556445952706,192.442361241667,377.8546375,0.0502941053603914,-9.2295673125,12.74788025,1.45527035416667,3.60431810416667,31.3646785416667,154.164741666667,111.7551580625,26.45333501625,28.1378833333333,5.0625,5.16666666666667,32.5794204916667,-22.1685044494679,323.620775,34.59147375,7.801852,18.67088,0.1,0,0,0,0,188.257750178559,78.3432446645833,120.984725375,78.0887221822642,NA,327,327,55.5916242056216,133.680346387886,0.647546575997535,1.70634171408424,0.586049084861459,1.13920408024714,1.94387144298067,3.3,2.4,0,0.589051952418384,0.433784706881626,1.43148953270937,"False",NA
2019-11-24,30.0685831885417,15.7216381041667,2.22743926309062,2.81102673915573,13.70584025,-0.583587476065105,213.846895520833,0.0166666666666667,56.499525625,116.459339125,-6.24400756875,29.2518956645833,0.044275625125,101.326629166667,1.99135126666667,0.859667622916667,15.946633125,"DAFO",29.2518956645833,56.499525625,1.61885686173647,213.846895520833,380.399804166667,0.0466930513198076,-6.24400756875,13.70584025,1.57216381041667,1.99135126666667,30.0189752083333,217.246417083333,116.459339125,29.7832440416667,26.4186527083333,7.54166666666667,7.52083333333333,30.0685831885417,-20.0601272842205,312.795497916667,33.6192977083333,8.183429,20.54453,0.8,0,0,0,0,187.345806681533,59.320478853125,122.70334669375,47.0748237239809,NA,328,328,48.3891119215305,95.4639356455114,0.483446299155804,1.60929138623233,0.621391507190749,1.05237096115667,1.69357152291047,3.3,2.4,0,0.513203491791051,0.510468124942316,1.68454481230964,"False",NA
2019-11-25,23.2232893708333,16.58811,2.80845078856395,2.44280577528192,19.3673016666667,0.365645013282035,156.920884910417,0,76.1960454166667,94.000187125,2.273103375,20.5838885958333,0.0344199373125,100.528,3.53100952083333,1.732438625,16.5339620833333,"DAFO",20.5838885958333,76.1960454166667,2.31558179993034,156.920884910417,413.067260416667,0.656770799930341,2.273103375,19.3673016666667,1.658811,3.53100952083333,29.4137801041667,137.378447458333,94.000187125,21.99396031875,25.5929722916667,5.9375,5.0625,23.2232893708333,0.378099232556816,372.140525,33.2345879166667,13.44913,24.72319,0,0,0,0,0,186.46471820392,43.8071779666667,91.72708375,35.2027332490745,NA,329,329,39.7166578647826,74.9193911138571,0.477581714971579,1.71020811180451,0.584724159064396,0.817217289988118,1.39761163844458,4.4,3,0,0.317639008737404,0.489657980869956,2.15449511582781,"False",NA
2019-11-26,19.8961904308333,18.3230879166667,3.16397927071719,1.24724084061114,23.301865,1.91673843010604,52.7821043729167,0.0145833333333333,80.6376616666667,31.0637190833333,6.7906945625,-3.20942244375,0.0294981636041667,100.3080125,4.21211691666667,2.3113135,18.6539589583333,"DAFO",-3.20942244375,80.6376616666667,2.86867117550963,52.7821043729167,437.631679166667,1.03636238384296,6.7906945625,23.301865,1.83230879166667,4.21211691666667,29.4644648958333,49.004025625,31.0637190833333,7.050391089375,25.57064,4.52083333333333,2.75,19.8961904308333,7.29758101240423,422.963685416667,33.3582897916667,21.60023,25.3858,0.7,0,0,0,0,185.614884739963,16.6867679870833,24.2730245208333,-5.4887802975087,NA,330,330,34.0266262688184,28.5378459713097,0.687461423390448,1.71020811180451,0.584724159064396,0.702797174748273,1.20192942920779,4.5,3.1000001,1.2,0.267095428712842,0.421636213395207,1.89736296027843,"False",NA
2019-11-27,70.6544526341667,24.3383485416667,2.54918110500863,2.84776588945159,19.1348404166667,-0.298584784442956,124.404132816667,0,36.8915585416667,83.7169475833333,-4.36825092708333,11.9180226041667,0.1042330744375,101.483220833333,4.61766408333333,0.879501804166667,18.6732872916667,"DAFO",11.9180226041667,36.8915585416667,2.23228882685426,124.404132816667,413.84216875,-0.201546027312404,-4.36825092708333,19.1348404166667,2.43383485416667,4.61766408333333,28.7273107291667,172.297269375,83.7169475833333,16.93024299375,24.7104785416667,3.04166666666667,2.625,70.6544526341667,2.76862136084947,390.0852125,32.7441429166667,16.54144,23.59739,0,0,0,0,0,184.796691450371,82.5724752383333,88.0851985104167,20.3822989343153,NA,331,331,120.833818030059,141.216116964375,0.937416008985534,1.71020811180451,0.584724159064396,2.48574331213784,4.25113837628195,5.1,3.4,0,0.833556544369009,0.39342027977304,2.0064434268425,"False",NA
2019-11-28,12.76099713125,18.84621,2.61394960134335,1.82990858726663,21.1837395833333,0.784041014076715,66.2655255304167,0.06875,70.3186508333333,43.67292260625,2.83052679041667,3.38574879166667,0.0188937734583333,101.732095833333,3.07896591666667,1.85650150208333,18.4186366666667,"DAFO",3.38574879166667,70.3186508333333,2.5515411517222,66.2655255304167,425.871702083333,0.666920151722203,2.83052679041667,21.1837395833333,1.884621,3.07896591666667,27.8276273958333,271.764070833333,43.67292260625,8.87144086445833,23.628198125,5.04166666666667,4.04166666666667,12.76099713125,1.87596484707548,412.15054375,32.0270566666667,16.98006,25.66085,3.3,0,0,0,0,184.010508585627,16.1467459229167,40.8423958158333,5.79033504804065,NA,332,332,21.8239608085778,27.6142958566185,0.395342770676961,1.71020811180451,0.584724159064396,0.449839581348286,0.769319301032583,4.1,2.9,0,0.187638853910386,0.448761808848731,1.8399234162798,"False",NA
2019-11-29,19.60826496875,19.0259510416667,2.5263109482415,2.04758167777348,23.9169822916667,0.478729270468024,63.0731905979167,0.0395833333333333,80.7735541666667,39.1791115833333,4.55327875625,1.99456275,0.02909877675,101.469083333333,3.3536665625,2.40138185416667,19.846894375,"DAFO",1.99456275,80.7735541666667,2.97517856143763,63.0731905979167,441.36714375,1.07258345727096,4.55327875625,23.9169822916667,1.90259510416667,3.3536665625,27.7996944791667,322.93243125,39.1791115833333,8.13579051458333,23.5366108333333,3.77083333333333,2.375,19.60826496875,7.73140351974537,425.608879166667,32.062778125,22.41552,26.17603,1.9,0,0,0,0,183.256691420178,21.60282771875,34.6258328270833,3.4306148924348,NA,333,333,33.725890958608,37.1565058510429,0.623893375406494,1.7199834361866,0.581400947800469,0.693038213435913,1.19201424775413,4.9,3.3,0,0.243268213827373,0.462237713098305,2.26496479418169,"False",NA
2019-11-30,20.16661885,19.1152172916667,2.36113776348371,3.30261713323829,23.8412622916667,-0.941479369754577,39.9347416895833,0,80.0310108333333,13.8035423958333,3.42704297,-5.3404081875,0.0299228503958333,100.724133333333,4.18507008333333,2.37365752083333,20.5635764583333,"DAFO",-5.3404081875,80.0310108333333,2.96299876768234,39.9347416895833,440.436604166667,1.05147703851567,3.42704297,23.8412622916667,1.91152172916667,4.18507008333333,27.5850547916667,132.71207570625,13.8035423958333,5.56598682395833,23.2468995833333,4.22916666666667,3.14583333333333,20.16661885,7.47325683572726,419.871395833333,31.92321,21.54519,25.92384,0,0,0,0,0,182.535580196734,14.8262106625,10.3764994258333,-10.2683284375803,NA,334,334,38.7755876623799,28.5072592247996,1.4288258548532,1.92276097201985,0.520085447204342,0.712720655174139,1.37039145972125,3.5,2.5,0,0.391540417063215,0.474436271250463,1.66052694937662,"False",NA
2019-12-01,58.13053714375,20.990146875,1.81071084706423,3.17182404361463,15.54834625,-1.36111319655039,207.636734591667,0,30.6670204166667,106.213193958333,-10.6048935208333,30.1356158333333,0.0855744636666667,101.484739583333,4.15591845833333,0.56201236875,19.0734739583333,"DAFO",30.1356158333333,30.6670204166667,1.7894711400169,207.636734591667,391.28658125,-0.309543547483098,-10.6048935208333,15.54834625,2.0990146875,4.15591845833333,26.47489375,152.59025625,106.213193958333,30.1524209520833,22.0442910416667,4.60416666666667,4.20833333333333,58.13053714375,-12.4190498962635,320.015466666667,30.9054964583333,10.46588,21.37396,0,0,0,0,0,181.847500079878,88.2661529770833,116.818087479167,58.5916447585936,NA,335,335,113.021210543355,171.612855301948,0.755586355519001,1.9442657181004,0.514332989925383,2.03810334283089,3.96261445941191,4.4,2.9,0,0.900594195320889,0.441199385322659,1.9412772954197,"False",NA
2019-12-02,26.08010335,16.6658510416667,1.64278308681656,3.26755786195358,11.8107850416667,-1.62477477513702,205.887654791667,0,34.2043495833333,102.64198,-11.1890797679167,36.5905745625,0.0382680486041667,101.97938125,3.40203808333333,0.467861075,16.5913935416667,"DAFO",36.5905745625,34.2043495833333,1.40986471264873,205.887654791667,367.1187625,-0.256720391517933,-11.1890797679167,11.8107850416667,1.66658510416667,3.40203808333333,24.9175679166667,140.912804166667,102.64198,29.935701875,20.4705641666667,6.60416666666667,6.60416666666667,26.08010335,NA,293.808785416667,29.3645716666667,6.868512,16.60858,0,0,0,0,0,181.192761118186,62.6706779125,113.831059767917,71.1417997274652,NA,336,336,50.7066508679204,121.848450595386,0.550558679153787,1.9442657181004,0.514332989925383,0.911126724599036,1.77147245548301,4.3,2.8,0,0.41197033848442,0.483459473891371,2.0788757377329,"False",NA
2019-12-03,18.4430716329167,17.8573025,2.08554015473946,3.18529246052095,14.5792050416667,-1.09975230578149,195.770418958333,0,47.9522060416667,101.83204875,-6.32711458125,33.0519208670833,0.0272220318958333,101.332977083333,2.32224875,0.790072139583333,15.675318125,"DAFO",33.0519208670833,47.9522060416667,1.72284780587458,195.770418958333,378.66860625,-0.062882444125415,-6.32711458125,14.5792050416667,1.78573025,2.32224875,23.9760119791667,152.412383641667,101.83204875,28.52268354375,19.5117125,7.5,7.29166666666667,18.4430716329167,-16.6083299577958,313.252939583333,28.4403114583333,7.92667,21.38527,0,0,0,0,0,180.571658214036,51.4949925,108.15916333125,61.3147018681197,NA,337,337,34.2137887613928,95.5284906295126,0.476103835440097,1.85510252534773,0.53905376459587,0.646029060534206,1.19845014164503,3.4,2.4,0,0.35248533577795,0.531497725904171,1.80709226807418,"False",NA
2019-12-04,29.52922292625,19.61596625,2.50616219673484,2.77146656836969,16.7713617708333,-0.265304371634844,190.332380572917,0,56.3424695833333,112.103009041667,-3.18350375625,26.91646199375,0.0435468050416667,101.342416666667,2.20714119166667,1.01276788541667,16.1047679166667,"DAFO",26.91646199375,56.3424695833333,1.973770885846,190.332380572917,394.612291666667,0.0121742608459965,-3.18350375625,16.7713617708333,1.961596625,2.20714119166667,23.4809132291667,194.667561458333,112.103009041667,26.4275405416667,18.988676875,7.41666666666667,7.3125,29.52922292625,-13.4983666115343,342.810460416667,27.9731495833333,8.698878,23.29575,0,0,0,0,0,179.984471100306,56.44568492,115.286512797917,49.9327966180319,NA,338,338,54.7797360220425,104.712532640074,0.489612215254897,1.85510252534773,0.53905376459587,1.03653284437074,1.92287469719802,3.2,2.3,0,0.600898342874381,0.56648705311441,1.81275856996611,"False",NA
2019-12-05,16.869497265625,16.7806462083333,2.87098845008791,2.18824498784849,18.165628125,0.682743462239423,116.240186658333,0,70.001500625,57.665060625,-0.710564300208333,10.46049481875,0.02496905625,101.315685416667,2.53349554166667,1.47153933333333,16.4541285416667,"DAFO",10.46049481875,70.001500625,2.13842274221639,116.240186658333,403.335585416667,0.460358121383057,-0.710564300208333,18.165628125,1.67806462083333,2.53349554166667,23.0829084375,313.072958333333,57.665060625,16.3183817108333,18.5678420833333,6.75,6.52083333333333,16.869497265625,-4.26192825484093,361.078827083333,27.5979747916667,12.09049,22.89577,0,0,0,0,0,179.431464323132,27.329992084375,58.3756249252083,NA,NA,339,339,43.874767068415,NA,0.468174723943265,NA,NA,0.592944985890878,1.54215165577924,3.5,2.5,0,NA,0.440614758794068,1.54215165577924,"True",1.54215165577924
2019-12-06,29.087575036875,18.4343075,3.22007533343727,3.36309341761889,19.350046875,-0.14301808418162,185.290366158125,0,58.2464533333333,108.640037102083,0.0609655198125,37.3892249875,0.042728195,101.60829375,2.98018683333333,1.2934639125,17.5665658333333,"DAFO",37.3892249875,58.2464533333333,2.26589918952102,185.290366158125,413.406908333333,0.42246843952102,0.0609655198125,19.350046875,1.84343075,2.98018683333333,22.8569821875,150.602304375,108.640037102083,25.5493305324792,18.1399845833333,5.39583333333333,5.625,29.087575036875,-3.9543723700864,362.305914583333,27.5739797916667,13.85858,22.82104,0,0,0,0,0,178.912887229939,66.476800024375,108.579071582271,NA,NA,340,340,60.1258151853224,NA,0.612243216447152,NA,NA,1.02356192778205,2.1157657598661,4.7000003,3.1000001,0,NA,0.450162898897283,2.1157657598661,"True",2.1157657598661
2019-12-07,22.8823738933333,16.8857502083333,2.84131206184955,2.58266280755733,15.2905664583333,0.258649254292216,197.408022020833,0,55.9048427083333,104.151214375,-4.51809944583333,27.6233360791667,0.03369467275,101.94491875,2.75459459583333,0.961412933333333,16.9810791666667,"DAFO",27.6233360791667,55.9048427083333,1.78028345738736,197.408022020833,389.610510416667,0.0917084365540228,-4.51809944583333,15.2905664583333,1.68857502083333,2.75459459583333,22.3008830208333,154.379094583333,104.151214375,28.1403033685417,17.5559872916667,5,4.625,22.8823738933333,-15.876279401077,324.494016666667,27.04577875,9.74407,21.11291,0,0,0,0,0,178.428973961938,50.5057099725,108.669313820833,NA,NA,341,341,56.9439226611091,NA,0.464765150314379,NA,NA,0.802076322951735,1.9960067218278,4,2.7,0,NA,0.49900168045695,1.9960067218278,"True",1.9960067218278
2019-12-08,22.2318169679167,16.3220213541667,3.07540080247531,3.17268929407404,16.9478903541667,-0.0972884915987244,160.22782639375,0,68.0195504166667,100.517586933333,-1.88860060416667,32.9706239420833,0.0328241442291667,101.326529166667,2.38407341875,1.35173888541667,16.5822966666667,"DAFO",32.9706239420833,68.0195504166667,2.00135375998332,160.22782639375,399.6723625,0.369151624566653,-1.88860060416667,16.9478903541667,1.63220213541667,2.38407341875,21.8086497916667,267.0174456875,100.517586933333,22.27327219375,17.0755897916667,6.83333333333333,6.79166666666667,22.2318169679167,-7.96416869607029,362.235402083333,26.5417097916667,8.713818,22.94894,0,0,0,0,0,177.979943450323,55.20244091,102.4061875375,65.4210628900487,NA,342,342,44.1128775291908,109.533940419239,0.53905376459587,1.98422277373241,0.503975669082236,0.780511941933282,1.54870957035412,3.9,2.7,0,0.397105018039519,0.451519921635117,1.76092769437696,"False",NA
2019-12-09,20.652188034375,19.8869358333333,3.81435420174674,3.35666801203973,22.6264129166667,0.457686189707006,141.731588247917,0,74.5882408333333,84.49254375,4.86172959375,14.9572031333333,0.0306641643958333,100.812179166667,3.10282655416667,2.03946402083333,18.2010814583333,"DAFO",14.9572031333333,74.5882408333333,2.76922160341001,141.731588247917,432.5032875,0.780528020076673,4.86172959375,22.6264129166667,1.98869358333333,3.10282655416667,21.9731117708333,97.4303338375,84.49254375,19.5455363854167,17.1973791666667,5.625,4.20833333333333,20.652188034375,3.0774912789507,394.809791666667,26.748844375,19.67439,26.51141,0,0,0,0,0,177.565999415419,35.6093911677083,79.63081415625,NA,NA,343,343,46.9276954517258,NA,0.447181051016712,NA,NA,0.729026118324411,1.65655646753447,4.1,2.9,4.3,NA,0.404038162813285,1.65655646753447,"True",1.65655646753447
2019-12-10,114.8144841,9.97069066666667,2.25938485200631,4.21212055992057,12.113002,-1.95273570791426,19.6885686083333,0.01875,75.8144370833333,11.4553553916667,-7.93581917708333,-9.39530425,0.0686854588541667,101.555708333333,4.7060655375,1.1863162,17.471825,"DAFO",-9.39530425,75.8144370833333,1.45098556881575,19.6885686083333,376.13050625,0.453916502149083,-7.93581917708333,12.113002,0.997069066666667,4.7060655375,22.0734565625,174.2422249375,11.4553553916667,2.84499482916667,17.608850625,4.52083333333333,4.8125,114.8144841,-7.32527251655802,370.742295833333,26.5380625,8.93639,21.67777,0.9,0,0,0,0,177.187330368043,105.41917985,19.39117456875,NA,NA,344,344,31.8048024961033,NA,5.43645148860086,NA,NA,4.01228223683924,1.11144377908062,2.9,1.9,1.6,NA,0.383256475545041,1.11144377908062,"True",1.11144377908062
2019-12-11,28.3647845352083,12.5097135625,1.90836016702441,2.78265607891754,9.74632820833333,-0.874295911893133,129.41309654375,0,52.9775220833333,70.6084865625,-8.784157075,42.5358237979167,0.0414988972083333,102.561458333333,3.89189675,0.62237630625,14.3914835416667,"DAFO",42.5358237979167,52.9775220833333,1.22168228302196,129.41309654375,332.048597916667,-0.0292890732280433,-8.784157075,9.74632820833333,1.25097135625,3.89189675,21.4254583333333,194.823222916667,70.6084865625,19.1686623139583,16.8918914583333,6.04166666666667,5.85416666666667,28.3647845352083,-18.9327463498331,292.412641666667,25.9590252083333,6.882024,14.37044,0,0,0,0,0,176.844109612391,70.900608333125,79.3926436375,NA,NA,345,345,48.0336826651414,NA,0.893037504291343,NA,NA,0.988994488616185,1.67478964505431,4.1,2.7,0,NA,0.40848527928154,1.67478964505431,"True",1.67478964505431
2019-12-12,14.4084694645833,12.5603299791667,2.14330172419562,3.46803106697299,12.2138385416667,-1.32472934277738,102.771634509583,0,65.6947485416667,59.1445520208333,-3.113374275,15.5042560708333,0.0211443703125,101.918247916667,2.482794625,0.967528139583333,15.213205625,"DAFO",15.5042560708333,65.6947485416667,1.45390521307268,102.771634509583,376.515572916667,0.197872215156011,-3.113374275,12.2138385416667,1.25603299791667,2.482794625,20.9590461458333,233.665464583333,59.1445520208333,14.277972995,16.34461,5.52083333333333,5.33333333333333,14.4084694645833,-18.0529268166006,347.166477083333,25.5734822916667,7.110064,17.17404,0,0,0,0,0,176.536495249794,29.9127255354167,62.2579262958333,30.3682109927293,NA,346,346,28.2218920265322,58.5901030192615,0.480464533837495,1.95870158838889,0.510542292878079,0.503563760838228,0.98633113820892,2.4,1.7,0,0.41097130758705,0.372601838417157,0.894244412201178,"False",NA
2019-12-13,16.5139456129167,18.5013135416667,2.71897207887543,6.72541195856012,17.4998466666667,-4.00643987968469,183.703827349792,0,61.9081708333333,112.654528375,0.0178791729166667,23.0406150979167,0.0219287631666667,100.947370833333,2.11564040625,1.20529389583333,16.3226385416667,"DAFO",23.0406150979167,61.9081708333333,2.04617761900489,183.703827349792,400.228927083333,0.196046264838224,0.0178791729166668,17.4998466666667,1.85013135416667,2.11564040625,20.9641659375,132.887813979167,112.654528375,25.795506665625,16.2171497916667,8,7.91666666666667,16.5139456129167,-9.91216245098803,354.975152083333,25.7111820833333,12.39058,23.24403,0,0,0,0,0,176.264630182714,39.5545607108333,112.636649202083,44.7876980658224,NA,347,347,32.1007753848377,76.8884734506601,0.351169543758957,1.94385861121703,0.514440707893827,0.580076774525414,1.12758723332822,3.3,2.4,0,0.341693101008553,0.521721619390342,1.72168134398813,"False",NA
2019-12-14,25.5342073604167,17.7211264583333,2.61616250854531,2.90910230239548,17.21248625,-0.292939793850169,196.305216145833,0,62.935824375,107.013556458333,-2.22135705270833,31.0865219,0.0377295139583333,100.675339583333,2.51888783541667,1.23770220416667,16.16329,"DAFO",31.0865219,62.935824375,2.01482215023352,196.305216145833,396.953079166667,0.242709504400183,-2.22135705270833,17.21248625,1.77211264583333,2.51888783541667,20.6540069791667,265.174954166667,107.013556458333,28.2074589625,15.8364077083333,6.72916666666667,6.45833333333333,25.5342073604167,-13.1717695946857,335.868872916667,25.47160625,11.22612,23.91239,0,0,0,0,0,176.028642118419,56.6207292604167,109.234913511042,60.4278032881017,NA,348,348,49.6348888581471,110.062692146249,0.518339122909576,1.94385861121703,0.514440707893827,0.896679482821858,1.7430181341849,3.6000001,2.5,0,0.484171690491036,0.517412086181002,1.86268356199281,"False",NA
2019-12-15,23.6463347520833,18.9110341666667,3.4354506960828,2.73005986847987,22.8041589583333,0.705390827602934,88.6005187291667,0,77.8438245833333,38.7511419375,4.17835035395833,9.94006191666667,0.0350723321458333,100.627722916667,4.57548091666667,2.1600030625,16.1903310416667,"DAFO",9.94006191666667,77.8438245833333,2.79525122633469,88.6005187291667,395.681129166667,0.904147809668027,4.17835035395833,22.8041589583333,1.89110341666667,4.57548091666667,20.7959422916667,278.875907625,38.7511419375,12.8709134145833,15.8457760416667,3.66666666666667,1.85416666666667,23.6463347520833,5.29082371912126,358.702664583333,25.7461085416667,19.68608,25.9625,0,0,0,0,0,175.828643571792,33.58639666875,34.5727915835417,19.3220749527429,NA,349,349,45.9651314315576,65.2872063843006,0.971469040548602,1.94385861121703,0.514440707893827,0.834863204535586,1.62285602932474,6.4,4.2000003,0,0.253571254581991,0.504241882757338,3.22714804964696,"False",NA
2019-12-16,64.812736675,14.979992125,2.91658247535093,2.66727271479002,17.3002582708333,0.249309760560905,65.8053260895833,0.00416666666666667,73.0358158333333,36.8880805208333,-3.29489873125,6.07533247916667,0.0209860731041667,100.87561875,4.47211625,1.66104194375,18.5667145833333,"DAFO",6.07533247916667,73.0358158333333,2.14396005466742,65.8053260895833,405.274616666667,0.645960842167424,-3.29489873125,17.3002582708333,1.4979992125,4.47211625,20.8717711458333,220.722229458333,36.8880805208333,8.17585304583333,15.7674633333333,4.58333333333333,4.27083333333333,64.812736675,-5.17799909923202,384.533220833333,25.9760789583333,5.747735,26.21852,0.2,0,0,0,0,175.66473186681,70.8880691541667,40.1829792520833,11.9381773318717,NA,350,350,127.358617235082,139.296794566954,1.76413174118968,1.9650245271036,0.508899500340575,2.27620719814888,4.47280297313232,4,2.6000001,9.2,1.11820074328308,0.500837827659099,2.0033513106364,"False",NA
2019-12-17,31.9410063958333,11.1008653333333,1.7695928417474,2.53629564082961,6.562778875,-0.766702799082205,200.057279,0,46.3196764583333,97.5991633016667,-12.4208505604167,46.4913375847222,0.0466143918333333,102.05714375,4.91165885416667,0.441162504166667,15.1827954166667,"DAFO",46.4913375847222,46.3196764583333,0.986253719031326,200.057279,347.0011875,-0.123832814302007,-12.4208505604167,6.562778875,1.11008653333333,4.91165885416667,19.9256077083333,152.306470833333,97.5991633016667,28.7921195,14.8796029166667,2.47916666666667,2.3125,31.9410063958333,-26.659512359444,273.335177083333,24.9716125,3.263703,10.95148,0,0,0,0,0,175.536989136263,78.4323439805556,110.020013862083,91.3566186518328,NA,351,351,62.7648609881856,154.121479640018,0.712891602421312,1.9650245271036,0.508899500340575,1.11031868482927,2.18180344859092,4.4,2.8,0,0.495864420134301,0.513380482555944,2.25887412324616,"False",NA
2019-12-18,17.97834182125,14.1247790416667,2.18352567623996,1.92824166809255,7.5112788125,0.255284008147412,214.665248820833,0,29.4813810416667,101.912904375,-10.3186825645833,34.2747894840278,0.0263084612916667,102.519358958333,2.51228218958333,0.283035802083333,13.7131408333333,"DAFO",34.2747894840278,29.4813810416667,1.0762990292525,214.665248820833,345.040041666667,-0.336178874914169,-10.3186825645833,7.5112788125,1.41247790416667,2.51228218958333,19.2855191666667,157.0284025,101.912904375,31.5990776875,14.2569852083333,6.5625,6.41666666666667,17.97834182125,NA,263.886760416667,24.314053125,1.022341,13.12475,0,0,0,0,0,175.445482319356,52.2531313052778,112.231586939583,67.5689231049736,NA,352,352,35.4422948867728,103.011217991746,0.465583110157809,1.97138842053169,0.507256707803071,0.625518496295091,1.23313992042453,2.9,2,0,0.425220662215357,0.6039987953539,1.75159650652631,"False",NA
2019-12-19,16.3371791852083,13.9738434791667,2.75978938217347,2.45032766950826,9.51832658333333,0.309461712665213,198.7039378125,0,40.645925625,105.757705208333,-6.9442643125,41.2019427458333,0.02396923025,102.391445833333,2.21456710625,0.494228316666667,12.8523097916667,"DAFO",41.2019427458333,40.645925625,1.21860096571956,198.7039378125,353.3332125,-0.178783382197103,-6.9442643125,9.51832658333333,1.39738434791667,2.21456710625,18.8474714583333,233.528545833333,105.757705208333,28.5105366729167,13.8353920833333,6.75,6.45833333333333,16.3371791852083,-38.3592924327697,288.897520833333,23.8595508333333,4.142928,15.22448,0,0,0,0,0,175.390263156877,57.5391219310417,112.701969520833,81.2250328325453,NA,353,353,32.206925869871,113.431958702416,0.510542292878079,1.97138842053169,0.507256707803071,0.569504447634621,1.12271447350819,2.9,2,0,0.387142921899374,0.620197669045152,1.79857324023094,"False",NA
2019-12-20,10.0477067958333,9.2757475625,3.29654911028898,2.58856614249543,11.2559848333333,0.707982967793559,21.2397470895833,0.00416666666666667,53.82509125,8.49719180854167,-1.8682479875,-14.9802368770833,0.0122515631875,102.106689583333,3.09461014583333,0.753317833333333,13.891445625,"DAFO",-14.9802368770833,53.82509125,1.33917120698042,21.2397470895833,371.09506875,0.411596450730417,-1.8682479875,11.2559848333333,0.92757475625,3.09461014583333,18.9235703125,223.8208875,8.49719180854167,3.22707139541667,13.855621875,3.9375,3.6875,10.0477067958333,-11.6957148097226,361.5795875,23.99151875,8.886722,13.51796,0.2,0,0,0,0,175.371368183691,-4.93253008125,10.3654397960417,-29.341813765585,NA,354,354,19.6804592606646,-9.66135450492036,-0.475863077525531,1.95870158838889,0.510542292878079,0.350837871645161,0.687186696458354,1.6,1.1,5.5,0.429491685286471,0.519537609577853,0.831260175324565,"False",NA
2019-12-21,24.934720675,10.2748415,2.9899463650515,1.98147422328526,10.0418475833333,1.00847214176625,41.8810372020833,0.00416666666666667,59.8414858333333,17.7086364583333,-4.63351543333333,-8.34825661458333,0.0339111463125,102.1277375,2.74437583333333,0.74365490625,13.9229360416667,"DAFO",-8.34825661458333,59.8414858333333,1.23845873391866,41.8810372020833,362.99796875,0.210974583918657,-4.63351543333333,10.0418475833333,1.02748415,2.74437583333333,19.6329388541667,178.998995833333,17.7086364583333,5.72360771479167,15.1760654166667,6,6.375,24.934720675,-17.3139459652889,344.549172916667,24.0898122916667,7.863604,13.13915,0.2,0,0,0,0,175.38881871839,16.5864640604167,22.3421518916667,-16.105781419165,NA,355,355,48.1050331200832,31.9992517009182,0.742384356746013,1.92923890133304,0.518339122909576,0.869643370220155,1.67774982011509,1.5,1.2,0,1.11849988007673,0.519015490745132,0.778523236117699,"False",NA
2019-12-22,18.273271639375,11.4038098333333,2.75064854977267,2.57907414868411,9.2734456875,0.171574401088563,194.936156958333,0,62.0190929166667,99.0264711875,-5.99369653958333,34.9989128947917,0.0267922131666667,101.9441625,3.1598131875,0.71526359375,13.2926529166667,"DAFO",34.9989128947917,62.0190929166667,1.19831156255829,194.936156958333,357.85265,0.0579305792249533,-5.99369653958333,9.2734456875,1.14038098333333,3.1598131875,19.4987563541667,139.811333333333,99.0264711875,27.6098670666667,15.0670325,6.64583333333333,6.625,18.273271639375,-23.7479042694311,289.552820833333,23.9304802083333,4.398284,14.73883,0,0,0,0,0,175.442620849963,53.2721845341667,105.020167727083,60.5011268094879,NA,356,356,31.5882246971896,92.0893515066775,0.507256707803071,1.72865731548169,0.578483653783834,0.636846933977486,1.10089011126226,3,2,0,0.366963370420754,0.534647962166762,1.60394388650029,"False",NA
2019-12-23,19.2669713458333,16.0378533958333,3.18336986705039,2.71746892618444,12.4351583333333,0.465900940865946,206.446084895833,0,52.0149229166667,107.369611041667,-4.30896216666667,26.9368771520833,0.0283597249583333,101.617870833333,2.4652635,0.703681660416667,13.152929375,"DAFO",26.9368771520833,52.0149229166667,1.52004768667143,206.446084895833,369.102247916667,-0.083737652911907,-4.30896216666667,12.4351583333333,1.60378533958333,2.4652635,19.3073998958333,135.894875208333,107.369611041667,29.1717178729167,14.7936479166667,7.625,7.625,19.2669713458333,-20.1129529817837,299.197475,23.821151875,5.19065,19.55833,0,0,0,0,0,175.532765421453,46.2038484979167,111.678573208333,52.9316242874205,NA,357,357,37.8600712575649,90.7916955449853,0.413721694059653,1.9650245271036,0.508899500340575,0.67350662965469,1.32345704643835,3.2,2.2,0,0.413580327011984,0.56567178628502,1.81014971611206,"False",NA
2019-12-24,19.9519498208333,17.187995625,3.44061428675785,4.27200017384695,14.8960988333333,-0.831385887089101,207.894367875,0,54.2826397916667,113.703675416667,-2.34408731041667,33.3712761354167,0.029466352625,101.341125,2.25462687708333,0.908805427083333,13.4178522916667,"DAFO",33.3712761354167,54.2826397916667,1.75546308955652,207.894367875,381.460304166667,0.0366635270565209,-2.34408731041667,14.8960988333333,1.7187995625,2.25462687708333,19.1887415625,215.129975625,113.703675416667,28.98167956875,14.5864370833333,7.66666666666667,7.6875,19.9519498208333,-26.807256559928,316.2512875,23.7910460416667,9.094863,21.92595,0,0,0,0,0,175.659228010612,53.32322595625,116.047762727083,65.7877473517258,NA,358,358,39.3330428438201,105.120790195546,0.459493786895776,1.97138842053169,0.507256707803071,0.699094522875924,1.37818684725472,2.8,2,0,0.492209588305257,0.59290780648473,1.66014185815724,"False",NA
2019-12-25,19.1806841083333,14.804052875,3.37101261933187,2.92354602729865,15.4657360833333,0.44746659203322,185.888643905417,0,72.34913625,115.610907145833,0.348481389583333,30.3860587291667,0.0267248499375,101.09236875,1.98262214583333,1.26238949791667,14.2885414583333,"DAFO",30.3860587291667,72.34913625,1.82483207351695,185.888643905417,392.416985416667,0.344426786016945,0.348481389583333,15.4657360833333,1.4804052875,1.98262214583333,19.2123272916667,243.357387920833,115.610907145833,25.2818349229167,14.4819033333333,7.08333333333333,7.0625,19.1806841083333,-9.9720091921007,347.4210875,23.94275125,8.129656,22.1722,0,0,0,0,0,175.821968907632,49.5667428375,115.26242575625,NA,NA,359,359,44.7581719147008,NA,0.430033833769218,NA,NA,0.672436975648219,1.56913327949488,3.4,2.4,0,NA,0.46150978808673,1.56913327949488,"True",1.56913327949488
2019-12-26,28.9812644479167,17.8918779166667,3.48426147186,3.59035108588571,17.2962170833333,-0.106089614025712,181.110051789583,0,77.4908475,122.222536104167,3.03365939895833,48.0654069270833,0.0414776309375,101.337760416667,1.94076861666667,1.514594625,15.7071964583333,"DAFO",48.0654069270833,77.4908475,2.01484772064277,181.110051789583,405.187947916667,0.225659928976104,3.03365939895833,17.2962170833333,1.78918779166667,1.94076861666667,19.396798125,248.775141666667,122.222536104167,23.2184580577083,14.5016666666667,6.66666666666667,6.77083333333333,28.9812644479167,-7.95673329205637,369.518885416667,24.2919295833333,13.46757,23.20884,0,0,0,0,0,176.020933090108,77.046671375,119.188876705208,94.7555866441956,NA,360,360,57.1333291449895,151.888915789185,0.64642501468959,1.97138842053169,0.507256707803071,1.01781085464126,2.00650053313123,3.5,2.3,0,0.573285866608923,0.493025260642055,1.72558841224719,"False",NA
2019-12-27,15.01560200625,15.61333875,3.30479935531087,3.41152184053294,17.3905377083333,-0.106722485222068,86.8988365183333,0,83.8867760416667,59.8288693583333,1.0828015243125,27.394721903125,0.0190668673333333,101.294860416667,2.36244227083333,1.65637589583333,15.2867729166667,"DAFO",27.394721903125,83.8867760416667,2.00817651785968,86.8988365183333,378.586420833333,0.446842642859677,1.0828015243125,17.3905377083333,1.561333875,2.36244227083333,19.4541736458333,238.203820833333,59.8288693583333,11.5606471255,14.4530747916667,6.60416666666667,6.52083333333333,15.01560200625,-6.92671076916235,363.077102083333,24.4552725,13.51523,21.88661,0,0,0,0,0,176.256050195439,42.410323909375,58.7460678340208,NA,NA,361,361,60.6725900793696,NA,0.721926172645286,NA,NA,0.527389902739615,2.13099090982836,4,2.8,0,NA,0.532747727457091,2.13099090982836,"True",2.13099090982836
2019-12-28,22.18527859375,17.1770891666667,3.70137750925181,2.91933030074249,21.4105902083333,0.782047208509319,92.7714558245833,0,81.3719927083333,63.4573977666667,4.66500053541667,21.1198631333333,0.032832586125,100.658266666667,3.49275872916667,2.0695954375,17.4295683333333,"DAFO",21.1198631333333,81.3719927083333,2.56731641445202,92.7714558245833,427.2167125,0.84960749778535,4.66500053541667,21.4105902083333,1.71770891666667,3.49275872916667,19.6427275,287.543273125,63.4573977666667,12.07348842,14.54001375,5.02083333333333,4.35416666666667,22.18527859375,4.37719235715397,409.976129166667,24.74544125,17.75502,24.15765,0,0,0,0,0,176.527234490951,43.3051417270833,58.79239723125,NA,NA,362,362,84.6138905236317,NA,0.736577240705968,NA,NA,0.782227095478159,2.98338727375971,5.6,3.6000001,1.4,NA,0.532747727457091,2.98338727375971,"True",2.98338727375971
2019-12-29,80.7178102375,16.0556090625,3.12474931046898,4.07684800814793,17.544618125,-0.952098697678952,87.90046205,0.0104166666666667,56.6924016666667,37.9336920416667,-2.41603539979167,-8.19524045208333,0.0664384007708333,100.713422916667,3.05921976458333,1.21467344375,17.6208795833333,"DAFO",-8.19524045208333,56.6924016666667,2.03896229765191,87.90046205,402.683941666667,0.433401391401907,-2.41603539979167,17.544618125,1.60556090625,3.05921976458333,19.6800102083333,183.902671458333,37.9336920416667,11.9876771708333,14.4342047916667,5.4375,5.41666666666667,80.7178102375,-2.83829805680277,364.7048625,24.925815625,10.11456,21.0454,0.5,0,0,0,0,176.834384842078,72.5225697854167,40.3497274414583,NA,NA,363,363,39.4313529724699,NA,1.79734968199318,NA,NA,2.83545437303583,1.38514414466321,2.6000001,1.8000001,1.3000001,NA,0.532747727457091,1.38514414466321,"True",1.38514414466321
2019-12-30,25.9304340375,15.9856905,2.21243523630008,2.12193168784784,10.9671150833333,0.0905035484522454,212.969411270833,0,36.2188102083333,102.682653854167,-8.71261023041667,24.03361453125,0.0380321074166667,101.6691375,3.11843835416667,0.452013170833333,15.3108039583333,"DAFO",24.03361453125,36.2188102083333,1.33580869860726,212.969411270833,364.8413875,-0.262760351392741,-8.71261023041667,10.9671150833333,1.59856905,3.11843835416667,19.122084375,158.395908333333,102.682653854167,32.1990971104167,13.9339275,7.0625,7.10416666666667,25.9304340375,-53.8342395223485,286.753733333333,24.31024125,5.466062,15.86458,0,0,0,0,0,177.177384679002,49.96404856875,111.395264084583,NA,NA,364,364,56.4681426149652,NA,0.448529378509412,NA,NA,0.905168877763552,1.97116659159124,3.7,2.4,0,NA,0.532747727457091,1.97116659159124,"True",1.97116659159124
2019-12-31,23.7203985872917,16.2933736041667,2.1731925979412,2.17348316821522,10.6526787916667,-0.000290570274020296,145.732953719167,0,31.7362989583333,89.2617593541667,-6.611173530625,10.2702319716667,0.0347540816875,101.852683333333,2.49840724583333,0.395421939583333,14.0040791666667,"DAFO",10.2702319716667,31.7362989583333,1.30822370118593,145.732953719167,363.3217125,-0.32111365923074,-6.611173530625,10.6526787916667,1.62933736041667,2.49840724583333,18.695265,155.756398479167,89.2617593541667,16.7015712066667,13.5477272916667,6.95833333333333,6.9375,23.7203985872917,NA,323.552095833333,23.8428027083333,5.078606,14.38004,0,0,0,0,0,177.556101962208,33.9906305589583,95.8729328847917,NA,NA,365,365,50.3785845824193,NA,0.354538340866281,NA,NA,0.827773590771895,1.7580675006084,3.3,2.2,0,NA,0.532747727457091,1.7580675006084,"True",1.7580675006084
